# WaveFront *.obj file (generated by Autodesk ATF)

mtllib Capital.mtl

g Solid1

v -0.889000 0.000000 0.000000
v -0.889000 0.100000 0.000000
v -0.883205 0.000000 -0.101338
v -0.883205 0.000000 0.101338
v -0.883205 0.100000 -0.101338
v -0.883205 0.100000 0.101338
v -0.865897 0.000000 -0.201356
v -0.865897 0.000000 0.201356
v -0.865897 0.100000 -0.201356
v -0.865897 0.100000 0.201356
v -0.837300 0.000000 -0.298748
v -0.837300 0.000000 0.298748
v -0.837300 0.100000 -0.298748
v -0.837300 0.100000 0.298748
v -0.799674 0.100000 -0.116572
v -0.799674 0.100000 -0.027691
v -0.799674 0.200000 -0.116572
v -0.799674 0.200000 -0.027691
v -0.797787 0.000000 -0.392246
v -0.797787 0.000000 0.392246
v -0.797787 0.100000 -0.392246
v -0.797787 0.100000 0.392246
v -0.747874 0.000000 -0.480630
v -0.747874 0.000000 0.480630
v -0.747874 0.100000 -0.480630
v -0.747874 0.100000 0.480630
v -0.736934 0.100000 -0.116572
v -0.736934 0.100000 -0.027691
v -0.736934 0.200000 -0.116572
v -0.736934 0.200000 -0.027691
v -0.707581 0.100000 0.190715
v -0.707581 0.100000 0.323386
v -0.707581 0.287500 0.190715
v -0.707581 0.287500 0.323386
v -0.707581 0.350000 0.253215
v -0.707581 0.350000 0.260886
v -0.688212 0.000000 -0.562748
v -0.688212 0.000000 0.562748
v -0.688212 0.100000 -0.562748
v -0.688212 0.100000 0.562748
v -0.665199 0.100000 -0.327072
v -0.665199 0.100000 -0.220198
v -0.665199 0.287500 -0.327072
v -0.665199 0.287500 -0.220198
v -0.633413 0.100000 0.418808
v -0.633413 0.100000 0.515010
v -0.633413 0.200000 0.418808
v -0.633413 0.200000 0.515010
v -0.619578 0.000000 -0.637530
v -0.619578 0.000000 0.637530
v -0.619578 0.100000 -0.637530
v -0.619578 0.100000 0.637530
v -0.618774 0.100000 -0.194997
v -0.618774 0.100000 -0.095659
v -0.618774 0.200000 -0.194997
v -0.618774 0.200000 -0.095659
v -0.612684 0.100000 -0.533449
v -0.612684 0.100000 -0.437631
v -0.612684 0.287500 -0.533449
v -0.612684 0.350000 -0.470949
v -0.612684 0.350000 -0.437631
v -0.602699 0.350000 -0.327072
v -0.602699 0.350000 -0.220198
v -0.560168 0.100000 -0.327072
v -0.560168 0.100000 -0.220198
v -0.560168 0.100000 0.190715
v -0.560168 0.100000 0.323386
v -0.560168 0.287500 0.190715
v -0.560168 0.287500 0.323386
v -0.560168 0.350000 -0.327072
v -0.560168 0.350000 -0.220198
v -0.560168 0.350000 0.253215
v -0.560168 0.350000 0.260886
v -0.545577 0.100000 0.418808
v -0.545577 0.100000 0.515010
v -0.545577 0.200000 0.418808
v -0.545577 0.200000 0.515010
v -0.542866 0.000000 -0.704001
v -0.542866 0.000000 0.704001
v -0.542866 0.100000 -0.704001
v -0.542866 0.100000 0.704001
v -0.530685 0.100000 -0.533449
v -0.530685 0.100000 -0.437631
v -0.530685 0.287500 -0.533449
v -0.530685 0.350000 -0.470949
v -0.530685 0.350000 -0.437631
v -0.529892 0.100000 -0.194997
v -0.529892 0.100000 -0.095659
v -0.529892 0.200000 -0.194997
v -0.529892 0.200000 -0.095659
v -0.505000 0.100000 -0.445000
v -0.505000 0.100000 0.445000
v -0.505000 0.427000 -0.445000
v -0.505000 0.427000 0.445000
v -0.459077 0.000000 -0.761294
v -0.459077 0.000000 0.761294
v -0.459077 0.100000 -0.761294
v -0.459077 0.100000 0.761294
v -0.395000 0.100000 -0.584000
v -0.395000 0.100000 -0.445000
v -0.395000 0.100000 0.445000
v -0.395000 0.100000 0.584000
v -0.395000 0.427000 -0.445000
v -0.395000 0.427000 0.445000
v -0.395000 0.620000 -0.350000
v -0.395000 0.620000 0.350000
v -0.395000 0.630000 -0.584000
v -0.395000 0.630000 -0.350000
v -0.395000 0.630000 0.350000
v -0.395000 0.630000 0.584000
v -0.372636 0.620000 0.000000
v -0.372634 0.990000 -0.000318
v -0.369304 0.000000 -0.808663
v -0.369304 0.000000 0.808663
v -0.369304 0.100000 -0.808663
v -0.369304 0.100000 0.808663
v -0.368107 0.990000 0.016586
v -0.368157 0.994559 -0.015845
v -0.368157 0.998749 0.013297
v -0.368157 1.002231 -0.010916
v -0.368157 1.004721 0.006405
v -0.368157 1.006019 -0.002621
v -0.367999 0.620000 -0.016768
v -0.367999 0.620000 0.016768
v -0.367889 0.990000 -0.016950
v -0.367900 0.990000 0.016297
v -0.356289 0.000000 -0.359763
v -0.356289 0.000000 -0.284989
v -0.356289 0.000000 -0.255741
v -0.356289 0.050000 -0.359763
v -0.356289 0.050000 -0.284989
v -0.356289 0.050000 -0.255741
v -0.356226 0.997888 -0.027182
v -0.356226 1.005137 0.023236
v -0.356226 1.011160 -0.018653
v -0.356226 1.015468 0.011313
v -0.356226 1.017714 -0.004302
v -0.355405 0.620000 -0.028771
v -0.355405 0.620000 0.028771
v -0.355498 0.990000 0.028721
v -0.355312 0.990000 -0.028821
v -0.355347 0.990000 0.028167
v -0.343780 0.000000 -0.133692
v -0.343780 0.050000 -0.133692
v -0.340104 0.000000 -0.100635
v -0.340104 0.050000 -0.100635
v -0.340000 0.999105 -0.031327
v -0.340000 1.007473 0.026870
v -0.340000 1.014425 -0.021482
v -0.340000 1.019398 0.013108
v -0.340000 1.022318 -0.000332
v -0.340000 1.050000 0.000000
v -0.339763 1.019854 -0.012693
v -0.339787 1.019865 0.012033
v -0.339210 1.012849 -0.023160
v -0.339254 1.012867 0.022508
v -0.338661 1.002366 -0.030147
v -0.338718 1.002391 0.029503
v -0.338434 0.620000 -0.032598
v -0.338434 0.620000 0.032598
v -0.338434 0.990000 -0.032598
v -0.338494 0.990000 0.031966
v -0.338474 0.990000 0.032177
v -0.338454 0.990000 0.032387
v -0.338434 0.990000 0.032598
v -0.337070 0.000000 -0.166269
v -0.337070 0.050000 -0.166269
v -0.334211 1.050000 -0.062475
v -0.334211 1.050000 0.062475
v -0.334211 1.055764 -0.062208
v -0.334211 1.055764 0.062208
v -0.334211 1.067097 -0.060090
v -0.334211 1.067097 0.060090
v -0.334211 1.077847 -0.055925
v -0.334211 1.077847 0.055925
v -0.334211 1.087649 -0.049856
v -0.334211 1.087649 0.049856
v -0.334211 1.096169 -0.042089
v -0.334211 1.096169 0.042089
v -0.334211 1.103117 -0.032889
v -0.334211 1.103117 0.032889
v -0.334211 1.108256 -0.022569
v -0.334211 1.108256 0.022569
v -0.334211 1.111411 -0.011480
v -0.334211 1.111411 0.011480
v -0.334211 1.112475 0.000000
v -0.334048 0.000000 -0.384750
v -0.334048 0.050000 -0.384750
v -0.332774 0.620000 -0.069726
v -0.332774 0.620000 0.069726
v -0.332500 0.100000 -0.646500
v -0.332500 0.100000 0.646500
v -0.332500 0.630000 -0.646500
v -0.332500 0.630000 0.646500
v -0.327080 0.620000 -0.169478
v -0.327080 0.620000 0.169478
v -0.327083 0.990000 -0.169689
v -0.327076 0.990000 0.169266
v -0.326759 0.990000 -0.169836
v -0.326756 0.994559 0.170356
v -0.326401 0.000000 -0.070328
v -0.326401 0.050000 -0.070328
v -0.325482 0.998749 -0.172563
v -0.324291 1.002231 0.174625
v -0.323053 0.620000 -0.106003
v -0.323053 0.620000 0.106003
v -0.322870 0.990000 0.186042
v -0.322712 0.620000 -0.186318
v -0.322712 0.620000 0.186318
v -0.322552 0.990000 -0.186592
v -0.322175 0.620000 -0.152786
v -0.322175 0.620000 0.152786
v -0.322231 0.990000 -0.152876
v -0.322119 0.990000 0.152696
v -0.322092 0.997888 0.154573
v -0.322036 1.004721 -0.178531
v -0.321823 0.990000 -0.153280
v -0.320119 1.005137 -0.157990
v -0.320144 1.006019 0.181809
v -0.317827 1.011160 0.161959
v -0.317523 1.006019 -0.186348
v -0.317041 1.050000 -0.122822
v -0.317041 1.050000 0.122822
v -0.317041 1.061333 -0.122298
v -0.317041 1.061333 0.122298
v -0.317041 1.083612 -0.118134
v -0.317041 1.083612 0.118134
v -0.317041 1.104747 -0.109946
v -0.317041 1.104747 0.109946
v -0.317041 1.124017 -0.098014
v -0.317041 1.124017 0.098014
v -0.317041 1.140767 -0.082745
v -0.317041 1.140767 0.082745
v -0.317041 1.154426 -0.064658
v -0.317041 1.154426 0.064658
v -0.317041 1.164528 -0.044368
v -0.317041 1.164528 0.044368
v -0.317041 1.170731 -0.022569
v -0.317041 1.170731 0.022569
v -0.317041 1.172822 0.000000
v -0.316426 0.000000 0.038466
v -0.316426 0.000000 0.076230
v -0.316426 0.000000 0.255455
v -0.316426 0.050000 0.038466
v -0.316426 0.050000 0.076230
v -0.316426 0.050000 0.255455
v -0.315631 1.004721 0.189626
v -0.314158 1.015468 -0.168315
v -0.313376 1.002231 -0.193532
v -0.312185 0.998749 0.195594
v -0.310911 0.994559 -0.197801
v -0.310656 0.000000 0.356915
v -0.310656 0.050000 0.356915
v -0.310652 1.017714 0.174387
v -0.310462 0.990000 0.198064
v -0.310497 0.990000 0.198418
v -0.310312 0.620000 -0.198521
v -0.310312 0.620000 0.198521
v -0.310127 0.990000 -0.198623
v -0.310112 0.999105 0.142870
v -0.309391 0.620000 -0.140986
v -0.309391 0.620000 0.140986
v -0.309127 0.990000 -0.141564
v -0.309215 0.990000 -0.141371
v -0.309303 0.990000 -0.141179
v -0.309391 0.990000 -0.140986
v -0.309391 0.990000 0.140986
v -0.309127 0.990000 -0.141564
v -0.309215 0.990000 -0.141371
v -0.309303 0.990000 -0.141179
v -0.308362 1.002366 0.143223
v -0.308090 1.002391 -0.143808
v -0.307884 1.007473 -0.146730
v -0.306350 1.017714 -0.181839
v -0.305345 1.012848 0.149547
v -0.305189 1.014425 0.151396
v -0.305057 1.012867 -0.150135
v -0.304297 0.000000 -0.138089
v -0.304297 0.050000 -0.138089
v -0.304011 0.000000 -0.045732
v -0.304011 0.050000 -0.045732
v -0.302844 1.015468 0.187911
v -0.302373 0.000000 -0.110336
v -0.302373 0.050000 -0.110336
v -0.301003 1.019398 -0.158648
v -0.300590 1.019854 0.158889
v -0.300281 1.019865 -0.159473
v -0.299488 0.630000 -0.558967
v -0.299488 0.630000 -0.432088
v -0.299488 0.630000 0.432088
v -0.299488 0.630000 0.558967
v -0.299488 0.660000 -0.558967
v -0.299488 0.660000 -0.432088
v -0.299488 0.660000 0.432088
v -0.299488 0.660000 0.558967
v -0.299174 1.011160 -0.194267
v -0.296883 1.005137 0.198236
v -0.294857 0.000000 -0.164258
v -0.294857 0.050000 -0.164258
v -0.294910 0.997888 -0.201654
v -0.294614 1.022318 0.169713
v -0.294283 1.022318 -0.170287
v -0.293656 0.990000 0.202067
v -0.293510 0.990000 0.202622
v -0.293404 0.620000 -0.202619
v -0.293404 0.620000 0.202619
v -0.293298 0.990000 -0.202616
v -0.289412 0.000000 -0.085720
v -0.289412 0.050000 -0.085720
v -0.289074 1.050000 -0.178987
v -0.289074 1.050000 0.178987
v -0.289074 1.066515 -0.178223
v -0.289074 1.066515 0.178223
v -0.289074 1.098982 -0.172154
v -0.289074 1.098982 0.172154
v -0.289074 1.129781 -0.160223
v -0.289074 1.129781 0.160223
v -0.289074 1.157864 -0.142835
v -0.289074 1.157864 0.142835
v -0.289074 1.182273 -0.120583
v -0.289074 1.182273 0.120583
v -0.289074 1.202178 -0.094224
v -0.289074 1.202178 0.094224
v -0.289074 1.216900 -0.064658
v -0.289074 1.216900 0.064658
v -0.289074 1.225939 -0.032889
v -0.289074 1.225939 0.032889
v -0.289074 1.228987 0.000000
v -0.288248 1.019865 0.180314
v -0.287895 1.019398 0.181352
v -0.287897 1.019854 -0.180874
v -0.283708 1.014425 -0.188604
v -0.282549 1.012867 0.189119
v -0.282184 1.012848 -0.189663
v -0.281014 1.007473 0.193270
v -0.278933 0.100000 0.702184
v -0.278933 0.100000 0.796294
v -0.278933 0.200000 0.702184
v -0.278933 0.200000 0.796294
v -0.278785 0.999105 -0.197130
v -0.278586 1.002391 0.194909
v -0.278216 1.002366 -0.195438
v -0.277161 0.990000 0.196930
v -0.277039 0.990000 0.197103
v -0.276916 0.990000 0.197275
v -0.276793 0.620000 -0.197448
v -0.276793 0.620000 0.197448
v -0.276793 0.990000 -0.197448
v -0.276793 0.990000 0.197448
v -0.275120 0.000000 -0.029252
v -0.275120 0.050000 -0.029252
v -0.274716 0.000000 -0.845489
v -0.274716 0.000000 0.845489
v -0.274716 0.100000 -0.845489
v -0.274716 0.100000 0.845489
v -0.267618 0.000000 -0.068428
v -0.267618 0.050000 -0.068428
v -0.253328 0.620000 -0.226771
v -0.253328 0.620000 0.226771
v -0.251263 1.050000 -0.229057
v -0.251263 1.050000 0.229057
v -0.251263 1.071135 -0.228079
v -0.251263 1.071135 0.228079
v -0.251263 1.112684 -0.220312
v -0.251263 1.112684 0.220312
v -0.251263 1.152099 -0.205043
v -0.251263 1.152099 0.205043
v -0.251263 1.188037 -0.182791
v -0.251263 1.188037 0.182791
v -0.251263 1.219275 -0.154314
v -0.251263 1.219275 0.154314
v -0.251263 1.244748 -0.120583
v -0.251263 1.244748 0.120583
v -0.251263 1.263589 -0.082745
v -0.251263 1.263589 0.082745
v -0.251263 1.275156 -0.042089
v -0.251263 1.275156 0.042089
v -0.251263 1.279057 0.000000
v -0.242553 0.000000 -0.022496
v -0.242553 0.050000 -0.022496
v -0.240700 0.000000 -0.061403
v -0.240700 0.050000 -0.061403
v -0.237492 0.000000 -0.284989
v -0.237492 0.000000 0.303942
v -0.237492 0.050000 -0.284989
v -0.237492 0.050000 0.303942
v -0.228084 0.630000 -0.558967
v -0.228084 0.630000 -0.432088
v -0.228084 0.630000 0.432088
v -0.228084 0.630000 0.558967
v -0.228084 0.660000 -0.558967
v -0.228084 0.660000 -0.432088
v -0.228084 0.660000 0.432088
v -0.228084 0.660000 0.558967
v -0.226771 0.620000 -0.253328
v -0.226771 0.620000 0.253328
v -0.223512 0.100000 0.702184
v -0.223512 0.100000 0.796294
v -0.223512 0.200000 0.702184
v -0.223512 0.200000 0.796294
v -0.220378 0.000000 0.252149
v -0.220378 0.050000 0.252149
v -0.213236 0.000000 -0.065838
v -0.213236 0.050000 -0.065838
v -0.209491 0.000000 -0.026127
v -0.209491 0.050000 -0.026127
v -0.206956 0.000000 -0.296519
v -0.206956 0.000000 0.330428
v -0.206956 0.050000 -0.296519
v -0.206956 0.050000 0.330428
v -0.204896 1.050000 -0.271326
v -0.204896 1.050000 0.271326
v -0.204896 1.075035 -0.270168
v -0.204896 1.075035 0.270168
v -0.204896 1.124252 -0.260968
v -0.204896 1.124252 0.260968
v -0.204896 1.170940 -0.242881
v -0.204896 1.170940 0.242881
v -0.204896 1.213510 -0.216523
v -0.204896 1.213510 0.216523
v -0.204896 1.250512 -0.182791
v -0.204896 1.250512 0.182791
v -0.204896 1.280686 -0.142835
v -0.204896 1.280686 0.142835
v -0.204896 1.303004 -0.098014
v -0.204896 1.303004 0.098014
v -0.204896 1.316706 -0.049856
v -0.204896 1.316706 0.049856
v -0.204896 1.321326 0.000000
v -0.202619 0.620000 -0.293404
v -0.202619 0.620000 0.293404
v -0.202622 0.990000 -0.293510
v -0.202616 0.990000 0.293298
v -0.202067 0.990000 -0.293656
v -0.201654 0.997888 0.294910
v -0.198623 0.990000 0.310127
v -0.198521 0.620000 -0.310312
v -0.198521 0.620000 0.310312
v -0.198418 0.990000 -0.310497
v -0.198236 1.005137 -0.296883
v -0.198064 0.990000 -0.310462
v -0.197801 0.994559 0.310911
v -0.197448 0.620000 -0.276793
v -0.197448 0.620000 0.276793
v -0.197448 0.990000 -0.276793
v -0.197448 0.990000 0.276793
v -0.197275 0.990000 -0.276916
v -0.197103 0.990000 -0.277039
v -0.197130 0.999105 0.278785
v -0.196930 0.990000 -0.277161
v -0.195594 0.998749 -0.312185
v -0.195438 1.002366 0.278216
v -0.194909 1.002391 -0.278586
v -0.194267 1.011160 0.299174
v -0.193532 1.002231 0.313376
v -0.193270 1.007473 -0.281014
v -0.189898 0.000000 -0.080981
v -0.189898 0.050000 -0.080981
v -0.189626 1.004721 -0.315631
v -0.189663 1.012848 0.282184
v -0.189119 1.012867 -0.282549
v -0.188604 1.014425 0.283708
v -0.187911 1.015468 -0.302844
v -0.186592 0.990000 0.322552
v -0.186318 0.620000 -0.322712
v -0.186318 0.620000 0.322712
v -0.186348 1.006019 0.317523
v -0.186042 0.990000 -0.322870
v -0.181809 1.006019 -0.320144
v -0.181839 1.017714 0.306350
v -0.181352 1.019398 -0.287895
v -0.180874 1.019854 0.287897
v -0.180314 1.019865 -0.288248
v -0.179165 0.000000 -0.039787
v -0.179165 0.050000 -0.039787
v -0.178531 1.004721 0.322036
v -0.177014 0.000000 -0.158647
v -0.177014 0.050000 -0.158647
v -0.176547 0.000000 -0.871293
v -0.176547 0.000000 0.871293
v -0.176547 0.100000 -0.871293
v -0.176547 0.100000 0.871293
v -0.174656 0.000000 -0.104254
v -0.174656 0.050000 -0.104254
v -0.174625 1.002231 -0.324291
v -0.174366 0.100000 -0.821351
v -0.174366 0.100000 -0.717715
v -0.174366 0.200000 -0.821351
v -0.174366 0.200000 -0.717715
v -0.174387 1.017714 -0.310652
v -0.172563 0.998749 0.325482
v -0.170356 0.994559 -0.326756
v -0.170190 0.000000 -0.284989
v -0.170103 0.000000 -0.131699
v -0.170190 0.050000 -0.284989
v -0.170287 1.022318 0.294283
v -0.170103 0.050000 -0.131699
v -0.169836 0.990000 0.326759
v -0.169689 0.990000 0.327083
v -0.169713 1.022318 -0.294614
v -0.169478 0.620000 -0.327080
v -0.169478 0.620000 0.327080
v -0.169266 0.990000 -0.327076
v -0.168315 1.015468 0.314158
v -0.161959 1.011160 -0.317827
v -0.159473 1.019865 0.300281
v -0.158889 1.019854 -0.300590
v -0.158648 1.019398 0.301003
v -0.157990 1.005137 0.320119
v -0.154538 0.000000 -0.062144
v -0.154538 0.050000 -0.062144
v -0.154573 0.997888 -0.322092
v -0.153280 0.990000 0.321823
v -0.152786 0.620000 -0.322175
v -0.152786 0.620000 0.322175
v -0.152876 0.990000 0.322231
v -0.152696 0.990000 -0.322119
v -0.151551 1.050000 -0.304356
v -0.151551 1.050000 0.304356
v -0.151551 1.078082 -0.303057
v -0.151551 1.078082 0.303057
v -0.151551 1.133291 -0.292737
v -0.151551 1.133291 0.292737
v -0.151551 1.185663 -0.272448
v -0.151551 1.185663 0.272448
v -0.151551 1.233415 -0.242881
v -0.151551 1.233415 0.242881
v -0.151551 1.274921 -0.205043
v -0.151551 1.274921 0.205043
v -0.151551 1.308768 -0.160223
v -0.151551 1.308768 0.160223
v -0.151551 1.333803 -0.109946
v -0.151551 1.333803 0.109946
v -0.151551 1.349173 -0.055925
v -0.151551 1.349173 0.055925
v -0.151551 1.354356 0.000000
v -0.151396 1.014425 -0.305189
v -0.150135 1.012867 0.305057
v -0.149547 1.012848 -0.305345
v -0.146730 1.007473 0.307884
v -0.143808 1.002391 0.308090
v -0.143223 1.002366 -0.308362
v -0.142870 0.999105 -0.310112
v -0.141932 0.630000 -0.578060
v -0.141932 0.630000 -0.429859
v -0.141932 0.630000 0.429859
v -0.141932 0.630000 0.578060
v -0.141932 0.730000 -0.578060
v -0.141932 0.730000 -0.429859
v -0.141932 0.730000 0.429859
v -0.141932 0.730000 0.578060
v -0.141564 0.990000 0.309127
v -0.141371 0.990000 0.309215
v -0.141179 0.990000 0.309303
v -0.140986 0.620000 -0.309391
v -0.140986 0.620000 0.309391
v -0.140986 0.990000 -0.309391
v -0.140986 0.990000 0.309391
v -0.138018 0.000000 -0.091012
v -0.138018 0.050000 -0.091012
v -0.137691 0.000000 0.291567
v -0.137691 0.050000 0.291567
v -0.136513 0.000000 0.038466
v -0.136513 0.000000 0.076230
v -0.136513 0.050000 0.038466
v -0.136513 0.050000 0.076230
v -0.134802 0.000000 -0.156637
v -0.134802 0.050000 -0.156637
v -0.131217 0.000000 -0.123570
v -0.131217 0.050000 -0.123570
v -0.112280 0.000000 -0.359763
v -0.112280 0.000000 0.057348
v -0.112280 0.050000 -0.359763
v -0.112280 0.050000 0.057348
v -0.107265 0.000000 0.041913
v -0.107265 0.000000 0.072783
v -0.107265 0.050000 0.041913
v -0.107265 0.050000 0.072783
v -0.106003 0.620000 -0.323053
v -0.106003 0.620000 0.323053
v -0.095610 0.000000 -0.334808
v -0.095610 0.050000 -0.334808
v -0.094135 0.000000 0.032374
v -0.094135 0.000000 0.082322
v -0.094135 0.050000 0.032374
v -0.094135 0.050000 0.082322
v -0.093373 0.000000 0.156220
v -0.093373 0.000000 0.211400
v -0.093373 0.050000 0.156220
v -0.093373 0.050000 0.211400
v -0.093045 1.050000 -0.327021
v -0.093045 1.050000 0.327021
v -0.093045 1.080174 -0.325626
v -0.093045 1.080174 0.325626
v -0.093045 1.139493 -0.314537
v -0.093045 1.139493 0.314537
v -0.093045 1.195766 -0.292737
v -0.093045 1.195766 0.292737
v -0.093045 1.247074 -0.260968
v -0.093045 1.247074 0.260968
v -0.093045 1.291671 -0.220312
v -0.093045 1.291671 0.220312
v -0.093045 1.328039 -0.172154
v -0.093045 1.328039 0.172154
v -0.093045 1.354938 -0.118134
v -0.093045 1.354938 0.118134
v -0.093045 1.371453 -0.060090
v -0.093045 1.371453 0.060090
v -0.093045 1.377021 0.000000
v -0.077906 0.000000 0.032374
v -0.077906 0.000000 0.082322
v -0.077906 0.050000 0.032374
v -0.077906 0.050000 0.082322
v -0.076076 0.000000 -0.885739
v -0.076076 0.000000 0.885739
v -0.076076 0.100000 -0.885739
v -0.076076 0.100000 0.885739
v -0.075000 1.381625 0.000000
v -0.075000 1.470000 0.000000
v -0.074515 0.000000 -0.291707
v -0.074515 0.000000 -0.255741
v -0.074515 0.050000 -0.291707
v -0.074515 0.050000 -0.255741
v -0.069726 0.620000 -0.332774
v -0.069726 0.620000 0.332774
v -0.069291 1.381625 -0.028701
v -0.069291 1.381625 0.028701
v -0.069291 1.470000 -0.028701
v -0.069291 1.470000 0.028701
v -0.069291 1.498701 0.000000
v -0.066071 0.000000 0.384022
v -0.066071 0.000000 0.411129
v -0.066071 0.050000 0.384022
v -0.066071 0.050000 0.411129
v -0.064776 0.000000 0.041913
v -0.064776 0.000000 0.072783
v -0.064776 0.050000 0.041913
v -0.064776 0.050000 0.072783
v -0.064017 1.498701 -0.026517
v -0.064017 1.498701 0.026517
v -0.059761 0.000000 0.057348
v -0.059761 0.050000 0.057348
v -0.053069 0.100000 0.702184
v -0.053069 0.100000 0.796294
v -0.053069 0.200000 0.702184
v -0.053069 0.200000 0.796294
v -0.053033 1.381625 -0.053033
v -0.053033 1.381625 0.053033
v -0.053033 1.470000 -0.053033
v -0.053033 1.470000 0.053033
v -0.053033 1.523033 0.000000
v -0.048996 1.498701 -0.048996
v -0.048996 1.498701 0.048996
v -0.048996 1.523033 -0.020295
v -0.048996 1.523033 0.020295
v -0.046731 0.630000 -0.578060
v -0.046731 0.630000 -0.429859
v -0.046731 0.630000 0.429859
v -0.046731 0.630000 0.578060
v -0.046731 0.730000 -0.578060
v -0.046731 0.730000 -0.429859
v -0.046731 0.730000 0.429859
v -0.046731 0.730000 0.578060
v -0.037500 1.523033 -0.037500
v -0.037500 1.523033 0.037500
v -0.032552 0.620000 -0.342341
v -0.032598 0.620000 -0.338434
v -0.032598 0.620000 0.338434
v -0.032552 0.620000 0.342341
v -0.032598 0.990000 -0.338434
v -0.032598 0.990000 0.338434
v -0.032387 0.990000 -0.338454
v -0.032177 0.990000 -0.338474
v -0.032039 0.620000 -0.346215
v -0.032039 0.620000 0.346215
v -0.031966 0.990000 -0.338494
v -0.031327 0.999105 0.340000
v -0.031371 1.050000 -0.338550
v -0.031371 1.050000 0.338550
v -0.031371 1.081237 -0.337105
v -0.031371 1.081237 0.337105
v -0.031371 1.142648 -0.325626
v -0.031371 1.142648 0.325626
v -0.031371 1.200905 -0.303057
v -0.031371 1.200905 0.303057
v -0.031371 1.254022 -0.270168
v -0.031371 1.254022 0.270168
v -0.031371 1.300191 -0.228079
v -0.031371 1.300191 0.228079
v -0.031371 1.337841 -0.178223
v -0.031371 1.337841 0.178223
v -0.031371 1.365688 -0.122298
v -0.031371 1.365688 0.122298
v -0.031066 0.620000 -0.350000
v -0.031066 0.620000 0.350000
v -0.031066 0.630000 -0.350000
v -0.031066 0.630000 0.350000
v -0.030147 1.002366 0.338661
v -0.029503 1.002391 -0.338718
v -0.028721 0.990000 -0.355498
v -0.028821 0.990000 0.355312
v -0.028701 1.381625 -0.069291
v -0.028701 1.381625 0.069291
v -0.028701 1.470000 -0.069291
v -0.028701 1.470000 0.069291
v -0.028701 1.539291 0.000000
v -0.028167 0.990000 -0.355347
v -0.027182 0.997888 0.356226
v -0.026870 1.007473 -0.340000
v -0.026517 1.498701 -0.064017
v -0.026517 1.498701 0.064017
v -0.026517 1.539291 -0.010983
v -0.026517 1.539291 0.010983
v -0.023236 1.005137 -0.356226
v -0.023160 1.012849 0.339210
v -0.022508 1.012867 -0.339254
v -0.022380 0.630000 -0.363754
v -0.022380 0.630000 0.363754
v -0.021482 1.014425 0.340000
v -0.020295 1.523033 -0.048996
v -0.020295 1.523033 0.048996
v -0.020295 1.539291 -0.020295
v -0.020295 1.539291 0.020295
v -0.018653 1.011160 0.356226
v -0.016950 0.990000 0.367889
v -0.016586 0.990000 -0.368107
v -0.016297 0.990000 -0.367900
v -0.015845 0.994559 0.368157
v -0.013297 0.998749 -0.368157
v -0.013108 1.019398 -0.340000
v -0.012693 1.019854 0.339763
v -0.012033 1.019865 -0.339787
v -0.011313 1.015468 -0.356226
v -0.010916 1.002231 0.368157
v -0.010983 1.539291 -0.026517
v -0.010983 1.539291 0.026517
v -0.008134 0.630000 -0.371606
v -0.008134 0.630000 0.371606
v -0.006405 1.004721 -0.368157
v -0.004302 1.017714 0.356226
v -0.002621 1.006019 0.368157
v -0.000318 0.990000 0.372634
v -0.000332 1.022318 0.340000
v 0.000000 0.100000 -0.821351
v 0.000000 0.100000 -0.717715
v 0.000000 0.200000 -0.821351
v 0.000000 0.200000 -0.717715
v 0.000000 1.381625 -0.075000
v 0.000000 1.381625 0.075000
v 0.000000 1.470000 -0.075000
v 0.000000 1.470000 0.075000
v 0.000000 1.498701 -0.069291
v 0.000000 1.498701 0.069291
v 0.000000 1.523033 -0.053033
v 0.000000 1.523033 0.053033
v 0.000000 1.539291 -0.028701
v 0.000000 1.539291 0.028701
v 0.000000 1.545000 0.000000
v 0.000318 0.990000 -0.372634
v 0.000332 1.022318 -0.340000
v 0.002621 1.006019 -0.368157
v 0.004302 1.017714 -0.356226
v 0.006405 1.004721 0.368157
v 0.008134 0.630000 -0.371606
v 0.008134 0.630000 0.371606
v 0.010916 1.002231 -0.368157
v 0.010983 1.539291 -0.026517
v 0.010983 1.539291 0.026517
v 0.011313 1.015468 0.356226
v 0.012033 1.019865 0.339787
v 0.012693 1.019854 -0.339763
v 0.013108 1.019398 0.340000
v 0.013297 0.998749 0.368157
v 0.015845 0.994559 -0.368157
v 0.016297 0.990000 0.367900
v 0.016586 0.990000 0.368107
v 0.016950 0.990000 -0.367889
v 0.018653 1.011160 -0.356226
v 0.020295 1.523033 -0.048996
v 0.020295 1.523033 0.048996
v 0.020295 1.539291 -0.020295
v 0.020295 1.539291 0.020295
v 0.021482 1.014425 -0.340000
v 0.022380 0.630000 -0.363754
v 0.022380 0.630000 0.363754
v 0.022508 1.012867 0.339254
v 0.023236 1.005137 0.356226
v 0.023160 1.012849 -0.339210
v 0.025386 0.000000 -0.888637
v 0.025386 0.000000 0.888637
v 0.025386 0.100000 -0.888637
v 0.025386 0.100000 0.888637
v 0.026517 1.498701 -0.064017
v 0.026517 1.498701 0.064017
v 0.026517 1.539291 -0.010983
v 0.026517 1.539291 0.010983
v 0.026870 1.007473 0.340000
v 0.027182 0.997888 -0.356226
v 0.028167 0.990000 0.355347
v 0.028721 0.990000 0.355498
v 0.028701 1.381625 -0.069291
v 0.028701 1.381625 0.069291
v 0.028701 1.470000 -0.069291
v 0.028701 1.470000 0.069291
v 0.028701 1.539291 0.000000
v 0.028821 0.990000 -0.355312
v 0.029503 1.002391 0.338718
v 0.030147 1.002366 -0.338661
v 0.031066 0.620000 -0.350000
v 0.031066 0.620000 0.350000
v 0.031066 0.630000 -0.350000
v 0.031066 0.630000 0.350000
v 0.031327 0.999105 -0.340000
v 0.031371 1.050000 -0.338550
v 0.031371 1.050000 0.338550
v 0.031371 1.081237 -0.337105
v 0.031371 1.081237 0.337105
v 0.031371 1.142648 -0.325626
v 0.031371 1.142648 0.325626
v 0.031371 1.200905 -0.303057
v 0.031371 1.200905 0.303057
v 0.031371 1.254022 -0.270168
v 0.031371 1.254022 0.270168
v 0.031371 1.300191 -0.228079
v 0.031371 1.300191 0.228079
v 0.031371 1.337841 -0.178223
v 0.031371 1.337841 0.178223
v 0.031371 1.365688 -0.122298
v 0.031371 1.365688 0.122298
v 0.032039 0.620000 -0.346215
v 0.032039 0.620000 0.346215
v 0.031966 0.990000 0.338494
v 0.032177 0.990000 0.338474
v 0.032387 0.990000 0.338454
v 0.032552 0.620000 -0.342341
v 0.032598 0.620000 -0.338434
v 0.032598 0.620000 0.338434
v 0.032552 0.620000 0.342341
v 0.032598 0.990000 -0.338434
v 0.032598 0.990000 0.338434
v 0.037500 1.523033 -0.037500
v 0.037500 1.523033 0.037500
v 0.040728 0.000000 -0.411240
v 0.040728 0.000000 -0.379765
v 0.040728 0.050000 -0.411240
v 0.040728 0.050000 -0.379765
v 0.043312 0.000000 0.429778
v 0.043312 0.050000 0.429778
v 0.046731 0.630000 -0.578060
v 0.046731 0.630000 -0.429859
v 0.046731 0.630000 0.429859
v 0.046731 0.630000 0.578060
v 0.046731 0.730000 -0.578060
v 0.046731 0.730000 -0.429859
v 0.046731 0.730000 0.429859
v 0.046731 0.730000 0.578060
v 0.048996 1.498701 -0.048996
v 0.048996 1.498701 0.048996
v 0.048996 1.523033 -0.020295
v 0.048996 1.523033 0.020295
v 0.053125 0.000000 -0.318027
v 0.053125 0.000000 -0.290273
v 0.053125 0.000000 -0.225390
v 0.053125 0.000000 -0.177803
v 0.053125 0.000000 -0.112276
v 0.053125 0.000000 -0.061240
v 0.053125 0.050000 -0.318027
v 0.053125 0.050000 -0.290273
v 0.053125 0.050000 -0.225390
v 0.053125 0.050000 -0.177803
v 0.053125 0.050000 -0.112276
v 0.053125 0.050000 -0.061240
v 0.053033 1.381625 -0.053033
v 0.053033 1.381625 0.053033
v 0.053033 1.470000 -0.053033
v 0.053033 1.470000 0.053033
v 0.053033 1.523033 0.000000
v 0.061844 0.000000 0.096850
v 0.061844 0.000000 0.125510
v 0.061844 0.050000 0.096850
v 0.061844 0.050000 0.125510
v 0.064017 1.498701 -0.026517
v 0.064017 1.498701 0.026517
v 0.069291 1.381625 -0.028701
v 0.069291 1.381625 0.028701
v 0.069291 1.470000 -0.028701
v 0.069291 1.470000 0.028701
v 0.069291 1.498701 0.000000
v 0.069726 0.620000 -0.332774
v 0.069726 0.620000 0.332774
v 0.072197 0.000000 0.070126
v 0.072197 0.000000 0.152235
v 0.072197 0.050000 0.070126
v 0.072197 0.050000 0.152235
v 0.075000 1.381625 0.000000
v 0.075000 1.470000 0.000000
v 0.079731 0.100000 0.702184
v 0.079731 0.100000 0.796294
v 0.079731 0.200000 0.702184
v 0.079731 0.200000 0.796294
v 0.081475 0.000000 0.299758
v 0.081475 0.050000 0.299758
v 0.088448 0.100000 -0.817219
v 0.088448 0.100000 -0.717715
v 0.088448 0.287500 -0.817219
v 0.088448 0.350000 -0.754719
v 0.088448 0.350000 -0.717715
v 0.091505 0.000000 0.048946
v 0.091505 0.000000 0.173415
v 0.091505 0.050000 0.048946
v 0.091505 0.050000 0.173415
v 0.092656 0.000000 0.444261
v 0.092656 0.050000 0.444261
v 0.093045 1.050000 -0.327021
v 0.093045 1.050000 0.327021
v 0.093045 1.080174 -0.325626
v 0.093045 1.080174 0.325626
v 0.093045 1.139493 -0.314537
v 0.093045 1.139493 0.314537
v 0.093045 1.195766 -0.292737
v 0.093045 1.195766 0.292737
v 0.093045 1.247074 -0.260968
v 0.093045 1.247074 0.260968
v 0.093045 1.291671 -0.220312
v 0.093045 1.291671 0.220312
v 0.093045 1.328039 -0.172154
v 0.093045 1.328039 0.172154
v 0.093045 1.354938 -0.118134
v 0.093045 1.354938 0.118134
v 0.093045 1.371453 -0.060090
v 0.093045 1.371453 0.060090
v 0.093045 1.377021 0.000000
v 0.096355 0.000000 0.111180
v 0.096355 0.050000 0.111180
v 0.102002 0.000000 0.090107
v 0.102002 0.000000 0.132254
v 0.102002 0.050000 0.090107
v 0.102002 0.050000 0.132254
v 0.106003 0.620000 -0.323053
v 0.106003 0.620000 0.323053
v 0.114716 0.000000 0.369104
v 0.114716 0.050000 0.369104
v 0.117160 0.000000 0.036171
v 0.117160 0.000000 0.186190
v 0.117160 0.050000 0.036171
v 0.117160 0.050000 0.186190
v 0.117429 0.000000 0.074680
v 0.117429 0.000000 0.147681
v 0.117429 0.050000 0.074680
v 0.117429 0.050000 0.147681
v 0.126518 0.000000 -0.879951
v 0.126518 0.000000 0.879951
v 0.126518 0.100000 -0.879951
v 0.126518 0.100000 0.879951
v 0.127472 0.000000 -0.177803
v 0.127472 0.000000 -0.112276
v 0.127472 0.050000 -0.177803
v 0.127472 0.050000 -0.112276
v 0.138502 0.000000 0.069033
v 0.138502 0.000000 0.153328
v 0.138502 0.050000 0.069033
v 0.138502 0.050000 0.153328
v 0.140740 0.000000 -0.379765
v 0.140740 0.000000 -0.318027
v 0.140740 0.050000 -0.379765
v 0.140740 0.050000 -0.318027
v 0.140986 0.620000 -0.309391
v 0.140986 0.620000 0.309391
v 0.140986 0.990000 -0.309391
v 0.140986 0.990000 0.309391
v 0.141179 0.990000 -0.309303
v 0.141371 0.990000 -0.309215
v 0.141564 0.990000 -0.309127
v 0.141932 0.630000 -0.578060
v 0.141932 0.630000 -0.429859
v 0.141932 0.630000 0.429859
v 0.141932 0.630000 0.578060
v 0.141932 0.730000 -0.578060
v 0.141932 0.730000 -0.429859
v 0.141932 0.730000 0.429859
v 0.141932 0.730000 0.578060
v 0.142870 0.999105 0.310112
v 0.143223 1.002366 0.308362
v 0.143808 1.002391 -0.308090
v 0.145698 0.000000 0.033527
v 0.145698 0.000000 0.188834
v 0.145698 0.050000 0.033527
v 0.145698 0.050000 0.188834
v 0.146730 1.007473 -0.307884
v 0.149547 1.012848 0.305345
v 0.150135 1.012867 -0.305057
v 0.151396 1.014425 0.305189
v 0.151551 1.050000 -0.304356
v 0.151551 1.050000 0.304356
v 0.151551 1.078082 -0.303057
v 0.151551 1.078082 0.303057
v 0.151551 1.133291 -0.292737
v 0.151551 1.133291 0.292737
v 0.151551 1.185663 -0.272448
v 0.151551 1.185663 0.272448
v 0.151551 1.233415 -0.242881
v 0.151551 1.233415 0.242881
v 0.151551 1.274921 -0.205043
v 0.151551 1.274921 0.205043
v 0.151551 1.308768 -0.160223
v 0.151551 1.308768 0.160223
v 0.151551 1.333803 -0.109946
v 0.151551 1.333803 0.109946
v 0.151551 1.349173 -0.055925
v 0.151551 1.349173 0.055925
v 0.151551 1.354356 0.000000
v 0.152786 0.620000 -0.322175
v 0.152786 0.620000 0.322175
v 0.152696 0.990000 0.322119
v 0.152876 0.990000 -0.322231
v 0.153280 0.990000 -0.321823
v 0.154573 0.997888 0.322092
v 0.157990 1.005137 -0.320119
v 0.158648 1.019398 -0.301003
v 0.158889 1.019854 0.300590
v 0.159473 1.019865 -0.300281
v 0.159576 0.000000 0.074680
v 0.159576 0.000000 0.147681
v 0.159576 0.050000 0.074680
v 0.159576 0.050000 0.147681
v 0.161959 1.011160 0.317827
v 0.168315 1.015468 -0.314158
v 0.169266 0.990000 0.327076
v 0.169478 0.620000 -0.327080
v 0.169478 0.620000 0.327080
v 0.169689 0.990000 -0.327083
v 0.169713 1.022318 0.294614
v 0.169836 0.990000 -0.326759
v 0.170356 0.994559 0.326756
v 0.170287 1.022318 -0.294283
v 0.172563 0.998749 -0.325482
v 0.173264 0.000000 0.041370
v 0.173264 0.000000 0.180991
v 0.173264 0.050000 0.041370
v 0.173264 0.050000 0.180991
v 0.174387 1.017714 0.310652
v 0.174625 1.002231 0.324291
v 0.175003 0.000000 0.090107
v 0.175003 0.000000 0.132254
v 0.175003 0.050000 0.090107
v 0.175003 0.050000 0.132254
v 0.178531 1.004721 -0.322036
v 0.180314 1.019865 0.288248
v 0.180649 0.000000 0.111180
v 0.180649 0.050000 0.111180
v 0.180874 1.019854 -0.287897
v 0.181235 0.000000 -0.411240
v 0.181235 0.000000 -0.290273
v 0.181235 0.000000 -0.225390
v 0.181235 0.000000 -0.112276
v 0.181235 0.050000 -0.411240
v 0.181235 0.050000 -0.290273
v 0.181235 0.050000 -0.225390
v 0.181235 0.050000 -0.112276
v 0.181352 1.019398 0.287895
v 0.181809 1.006019 0.320144
v 0.181839 1.017714 -0.306350
v 0.186042 0.990000 0.322870
v 0.186318 0.620000 -0.322712
v 0.186318 0.620000 0.322712
v 0.186348 1.006019 -0.317523
v 0.186592 0.990000 -0.322552
v 0.187911 1.015468 0.302844
v 0.188604 1.014425 -0.283708
v 0.189119 1.012867 0.282549
v 0.189626 1.004721 0.315631
v 0.189663 1.012848 -0.282184
v 0.193270 1.007473 0.281014
v 0.193532 1.002231 -0.313376
v 0.194267 1.011160 -0.299174
v 0.194909 1.002391 0.278586
v 0.195438 1.002366 -0.278216
v 0.195594 0.998749 0.312185
v 0.196135 0.000000 0.058641
v 0.196135 0.000000 0.163720
v 0.196135 0.050000 0.058641
v 0.196135 0.050000 0.163720
v 0.196930 0.990000 0.277161
v 0.197103 0.990000 0.277039
v 0.197130 0.999105 -0.278785
v 0.197275 0.990000 0.276916
v 0.197448 0.620000 -0.276793
v 0.197448 0.620000 0.276793
v 0.197448 0.990000 -0.276793
v 0.197448 0.990000 0.276793
v 0.197801 0.994559 -0.310911
v 0.198064 0.990000 0.310462
v 0.198236 1.005137 0.296883
v 0.198418 0.990000 0.310497
v 0.198521 0.620000 -0.310312
v 0.198521 0.620000 0.310312
v 0.198623 0.990000 -0.310127
v 0.201654 0.997888 -0.294910
v 0.202067 0.990000 0.293656
v 0.202619 0.620000 -0.293404
v 0.202619 0.620000 0.293404
v 0.202616 0.990000 -0.293298
v 0.202622 0.990000 0.293510
v 0.204896 1.050000 -0.271326
v 0.204896 1.050000 0.271326
v 0.204896 1.075035 -0.270168
v 0.204896 1.075035 0.270168
v 0.204896 1.124252 -0.260968
v 0.204896 1.124252 0.260968
v 0.204896 1.170940 -0.242881
v 0.204896 1.170940 0.242881
v 0.204896 1.213510 -0.216523
v 0.204896 1.213510 0.216523
v 0.204896 1.250512 -0.182791
v 0.204896 1.250512 0.182791
v 0.204896 1.280686 -0.142835
v 0.204896 1.280686 0.142835
v 0.204896 1.303004 -0.098014
v 0.204896 1.303004 0.098014
v 0.204896 1.316706 -0.049856
v 0.204896 1.316706 0.049856
v 0.204896 1.321326 0.000000
v 0.211223 0.000000 0.083008
v 0.211223 0.000000 0.139353
v 0.211223 0.050000 0.083008
v 0.211223 0.050000 0.139353
v 0.211906 0.100000 -0.817219
v 0.211906 0.100000 -0.717715
v 0.211906 0.100000 0.682705
v 0.211906 0.100000 0.784051
v 0.211906 0.287500 -0.817219
v 0.211906 0.287500 0.682705
v 0.211906 0.287500 0.784051
v 0.211906 0.350000 -0.754719
v 0.211906 0.350000 -0.717715
v 0.216489 0.000000 0.111180
v 0.216489 0.050000 0.111180
v 0.226000 0.000000 -0.859794
v 0.226000 0.000000 0.859794
v 0.226000 0.100000 -0.859794
v 0.226000 0.100000 0.859794
v 0.226771 0.620000 -0.253328
v 0.226771 0.620000 0.253328
v 0.228084 0.630000 -0.558967
v 0.228084 0.630000 -0.432088
v 0.228084 0.630000 0.432088
v 0.228084 0.630000 0.558967
v 0.228084 0.660000 -0.558967
v 0.228084 0.660000 -0.432088
v 0.228084 0.660000 0.432088
v 0.228084 0.660000 0.558967
v 0.241860 0.000000 0.229553
v 0.241860 0.000000 0.299758
v 0.241860 0.000000 0.360249
v 0.241860 0.000000 0.448800
v 0.241860 0.050000 0.229553
v 0.241860 0.050000 0.299758
v 0.241860 0.050000 0.360249
v 0.241860 0.050000 0.448800
v 0.251263 1.050000 -0.229057
v 0.251263 1.050000 0.229057
v 0.251263 1.071135 -0.228079
v 0.251263 1.071135 0.228079
v 0.251263 1.112684 -0.220312
v 0.251263 1.112684 0.220312
v 0.251263 1.152099 -0.205043
v 0.251263 1.152099 0.205043
v 0.251263 1.188037 -0.182791
v 0.251263 1.188037 0.182791
v 0.251263 1.219275 -0.154314
v 0.251263 1.219275 0.154314
v 0.251263 1.244748 -0.120583
v 0.251263 1.244748 0.120583
v 0.251263 1.263589 -0.082745
v 0.251263 1.263589 0.082745
v 0.251263 1.275156 -0.042089
v 0.251263 1.275156 0.042089
v 0.251263 1.279057 0.000000
v 0.253328 0.620000 -0.226771
v 0.253328 0.620000 0.226771
v 0.255402 0.100000 -0.768022
v 0.255402 0.100000 -0.693780
v 0.255402 0.200000 -0.768022
v 0.255402 0.200000 -0.693780
v 0.274406 0.350000 0.682705
v 0.274406 0.350000 0.784051
v 0.276549 0.350000 0.682705
v 0.276549 0.350000 0.784051
v 0.276793 0.620000 -0.197448
v 0.276793 0.620000 0.197448
v 0.276793 0.990000 -0.197448
v 0.276793 0.990000 0.197448
v 0.276916 0.990000 -0.197275
v 0.277039 0.990000 -0.197103
v 0.277161 0.990000 -0.196930
v 0.278216 1.002366 0.195438
v 0.278586 1.002391 -0.194909
v 0.278785 0.999105 0.197130
v 0.281014 1.007473 -0.193270
v 0.282184 1.012848 0.189663
v 0.282549 1.012867 -0.189119
v 0.283708 1.014425 0.188604
v 0.287895 1.019398 -0.181352
v 0.287897 1.019854 0.180874
v 0.288248 1.019865 -0.180314
v 0.289074 1.050000 -0.178987
v 0.289074 1.050000 0.178987
v 0.289074 1.066515 -0.178223
v 0.289074 1.066515 0.178223
v 0.289074 1.098982 -0.172154
v 0.289074 1.098982 0.172154
v 0.289074 1.129781 -0.160223
v 0.289074 1.129781 0.160223
v 0.289074 1.157864 -0.142835
v 0.289074 1.157864 0.142835
v 0.289074 1.182273 -0.120583
v 0.289074 1.182273 0.120583
v 0.289074 1.202178 -0.094224
v 0.289074 1.202178 0.094224
v 0.289074 1.216900 -0.064658
v 0.289074 1.216900 0.064658
v 0.289074 1.225939 -0.032889
v 0.289074 1.225939 0.032889
v 0.289074 1.228987 0.000000
v 0.293298 0.990000 0.202616
v 0.293404 0.620000 -0.202619
v 0.293404 0.620000 0.202619
v 0.293510 0.990000 -0.202622
v 0.293656 0.990000 -0.202067
v 0.294283 1.022318 0.170287
v 0.294614 1.022318 -0.169713
v 0.294910 0.997888 0.201654
v 0.296883 1.005137 -0.198236
v 0.299174 1.011160 0.194267
v 0.299488 0.630000 -0.558967
v 0.299488 0.630000 -0.432088
v 0.299488 0.630000 0.432088
v 0.299488 0.630000 0.558967
v 0.299488 0.660000 -0.558967
v 0.299488 0.660000 -0.432088
v 0.299488 0.660000 0.432088
v 0.299488 0.660000 0.558967
v 0.300281 1.019865 0.159473
v 0.300590 1.019854 -0.158889
v 0.301003 1.019398 0.158648
v 0.302074 0.000000 0.229553
v 0.302074 0.000000 0.448800
v 0.302074 0.050000 0.229553
v 0.302074 0.050000 0.448800
v 0.302844 1.015468 -0.187911
v 0.305057 1.012867 0.150135
v 0.305189 1.014425 -0.151396
v 0.305345 1.012848 -0.149547
v 0.306350 1.017714 0.181839
v 0.307884 1.007473 0.146730
v 0.308090 1.002391 0.143808
v 0.308362 1.002366 -0.143223
v 0.309215 0.990000 0.141371
v 0.309127 0.990000 0.141564
v 0.309391 0.620000 -0.140986
v 0.309391 0.620000 0.140986
v 0.309391 0.990000 -0.140986
v 0.309391 0.990000 0.140986
v 0.309303 0.990000 0.141179
v 0.310127 0.990000 0.198623
v 0.310112 0.999105 -0.142870
v 0.310312 0.620000 -0.198521
v 0.310312 0.620000 0.198521
v 0.310497 0.990000 -0.198418
v 0.310462 0.990000 -0.198064
v 0.310652 1.017714 -0.174387
v 0.310911 0.994559 0.197801
v 0.312185 0.998749 -0.195594
v 0.313376 1.002231 0.193532
v 0.314158 1.015468 0.168315
v 0.315631 1.004721 -0.189626
v 0.317041 1.050000 -0.122822
v 0.317041 1.050000 0.122822
v 0.317041 1.061333 -0.122298
v 0.317041 1.061333 0.122298
v 0.317041 1.083612 -0.118134
v 0.317041 1.083612 0.118134
v 0.317041 1.104747 -0.109946
v 0.317041 1.104747 0.109946
v 0.317041 1.124017 -0.098014
v 0.317041 1.124017 0.098014
v 0.317041 1.140767 -0.082745
v 0.317041 1.140767 0.082745
v 0.317041 1.154426 -0.064658
v 0.317041 1.154426 0.064658
v 0.317041 1.164528 -0.044368
v 0.317041 1.164528 0.044368
v 0.317041 1.170731 -0.022569
v 0.317041 1.170731 0.022569
v 0.317041 1.172822 0.000000
v 0.317523 1.006019 0.186348
v 0.317827 1.011160 -0.161959
v 0.320119 1.005137 0.157990
v 0.320144 1.006019 -0.181809
v 0.321823 0.990000 0.153280
v 0.322036 1.004721 0.178531
v 0.322175 0.620000 -0.152786
v 0.322175 0.620000 0.152786
v 0.322119 0.990000 -0.152696
v 0.322092 0.997888 -0.154573
v 0.322231 0.990000 0.152876
v 0.322536 0.000000 -0.828427
v 0.322536 0.000000 0.828427
v 0.322536 0.100000 -0.828427
v 0.322536 0.100000 0.828427
v 0.322552 0.990000 0.186592
v 0.322712 0.620000 -0.186318
v 0.322712 0.620000 0.186318
v 0.322870 0.990000 -0.186042
v 0.323053 0.620000 -0.106003
v 0.323053 0.620000 0.106003
v 0.324291 1.002231 -0.174625
v 0.325482 0.998749 0.172563
v 0.326759 0.990000 0.169836
v 0.326756 0.994559 -0.170356
v 0.327080 0.620000 -0.169478
v 0.327080 0.620000 0.169478
v 0.327076 0.990000 -0.169266
v 0.327083 0.990000 0.169689
v 0.330690 0.100000 -0.768022
v 0.330690 0.100000 -0.693780
v 0.330690 0.200000 -0.768022
v 0.330690 0.200000 -0.693780
v 0.332500 0.100000 -0.646500
v 0.332500 0.100000 0.646500
v 0.332500 0.630000 -0.646500
v 0.332500 0.630000 0.646500
v 0.332774 0.620000 -0.069726
v 0.332774 0.620000 0.069726
v 0.334211 1.050000 -0.062475
v 0.334211 1.050000 0.062475
v 0.334211 1.055764 -0.062208
v 0.334211 1.055764 0.062208
v 0.334211 1.067097 -0.060090
v 0.334211 1.067097 0.060090
v 0.334211 1.077847 -0.055925
v 0.334211 1.077847 0.055925
v 0.334211 1.087649 -0.049856
v 0.334211 1.087649 0.049856
v 0.334211 1.096169 -0.042089
v 0.334211 1.096169 0.042089
v 0.334211 1.103117 -0.032889
v 0.334211 1.103117 0.032889
v 0.334211 1.108256 -0.022569
v 0.334211 1.108256 0.022569
v 0.334211 1.111411 -0.011480
v 0.334211 1.111411 0.011480
v 0.334211 1.112475 0.000000
v 0.338434 0.620000 -0.032598
v 0.338434 0.620000 0.032598
v 0.338434 0.990000 -0.032598
v 0.338454 0.990000 -0.032387
v 0.338474 0.990000 -0.032177
v 0.338494 0.990000 -0.031966
v 0.338434 0.990000 0.032598
v 0.338717 1.002365 -0.029514
v 0.338661 1.002366 0.030147
v 0.339049 0.100000 0.682705
v 0.339049 0.100000 0.784051
v 0.339049 0.287500 0.682705
v 0.339049 0.287500 0.784051
v 0.339253 1.012848 -0.022528
v 0.339210 1.012849 0.023160
v 0.339786 1.019854 -0.012058
v 0.339763 1.019855 0.012692
v 0.340000 0.999105 0.031327
v 0.340000 1.007473 -0.026870
v 0.340000 1.014425 0.021482
v 0.340000 1.019398 -0.013108
v 0.340000 1.022318 0.000305
v 0.340000 1.050000 0.000000
v 0.344014 0.000000 -0.112276
v 0.344014 0.000000 -0.061240
v 0.344014 0.050000 -0.112276
v 0.344014 0.050000 -0.061240
v 0.355405 0.620000 -0.028771
v 0.355405 0.620000 0.028771
v 0.355347 0.990000 -0.028167
v 0.355312 0.990000 0.028821
v 0.355498 0.990000 -0.028721
v 0.356226 0.997888 0.027182
v 0.356226 1.005137 -0.023236
v 0.356226 1.011160 0.018653
v 0.356226 1.015468 -0.011313
v 0.356226 1.017714 0.004302
v 0.367889 0.990000 0.016950
v 0.367999 0.620000 -0.016768
v 0.367999 0.620000 0.016768
v 0.367900 0.990000 -0.016297
v 0.368107 0.990000 -0.016586
v 0.368157 0.994559 0.015845
v 0.368157 0.998749 -0.013297
v 0.368157 1.002231 0.010916
v 0.368157 1.004721 -0.006405
v 0.368157 1.006019 0.002621
v 0.372636 0.620000 0.000000
v 0.372634 0.990000 0.000318
v 0.395000 0.100000 -0.584000
v 0.395000 0.100000 -0.445000
v 0.395000 0.100000 0.445000
v 0.395000 0.100000 0.584000
v 0.395000 0.427000 -0.445000
v 0.395000 0.427000 0.445000
v 0.395000 0.620000 -0.350000
v 0.395000 0.620000 0.350000
v 0.395000 0.630000 -0.584000
v 0.395000 0.630000 -0.350000
v 0.395000 0.630000 0.350000
v 0.395000 0.630000 0.584000
v 0.414867 0.000000 -0.786261
v 0.414867 0.000000 0.786261
v 0.414867 0.100000 -0.786261
v 0.414867 0.100000 0.786261
v 0.501790 0.000000 -0.733845
v 0.501790 0.000000 0.733845
v 0.501790 0.100000 -0.733845
v 0.501790 0.100000 0.733845
v 0.505000 0.100000 -0.445000
v 0.505000 0.100000 0.445000
v 0.505000 0.427000 -0.445000
v 0.505000 0.427000 0.445000
v 0.554463 0.100000 0.385347
v 0.554463 0.100000 0.505599
v 0.554463 0.200000 0.385347
v 0.554463 0.200000 0.505599
v 0.582171 0.000000 -0.671861
v 0.582171 0.000000 0.671861
v 0.582171 0.100000 -0.671861
v 0.582171 0.100000 0.671861
v 0.598864 0.100000 -0.437631
v 0.598864 0.100000 -0.356554
v 0.598864 0.287500 -0.437631
v 0.598864 0.287500 -0.356554
v 0.617246 0.100000 -0.022413
v 0.617246 0.100000 0.145011
v 0.617246 0.837500 -0.022413
v 0.617246 0.837500 0.145011
v 0.617246 0.900000 0.040087
v 0.617246 0.900000 0.082511
v 0.654847 0.100000 0.385347
v 0.654847 0.100000 0.505599
v 0.654847 0.200000 0.385347
v 0.654847 0.200000 0.505599
v 0.654963 0.000000 -0.601119
v 0.654963 0.000000 0.601119
v 0.654963 0.100000 -0.601119
v 0.654963 0.100000 0.601119
v 0.661364 0.350000 -0.437631
v 0.661364 0.350000 -0.356554
v 0.693536 0.100000 -0.194997
v 0.693536 0.100000 -0.083111
v 0.693536 0.200000 -0.194997
v 0.693536 0.200000 -0.083111
v 0.702053 0.100000 -0.437631
v 0.702053 0.100000 -0.356554
v 0.702053 0.350000 -0.437631
v 0.702053 0.350000 -0.356554
v 0.719216 0.000000 -0.522541
v 0.719216 0.000000 0.522541
v 0.719216 0.100000 -0.522541
v 0.719216 0.100000 0.522541
v 0.731334 0.100000 0.145011
v 0.731334 0.100000 0.202079
v 0.731334 0.537500 0.202079
v 0.731334 0.594567 0.145011
v 0.767834 0.100000 -0.022413
v 0.767834 0.100000 0.112151
v 0.767834 0.594567 0.145011
v 0.767834 0.600000 0.112151
v 0.767834 0.600000 0.139579
v 0.767834 0.837500 -0.022413
v 0.767834 0.837500 0.145011
v 0.767834 0.900000 0.040087
v 0.767834 0.900000 0.082511
v 0.774093 0.000000 -0.437151
v 0.774093 0.000000 0.437151
v 0.774093 0.100000 -0.437151
v 0.774093 0.100000 0.437151
v 0.779281 0.100000 -0.194997
v 0.779281 0.100000 -0.083111
v 0.779281 0.200000 -0.194997
v 0.779281 0.200000 -0.083111
v 0.812896 0.100000 0.112151
v 0.812896 0.100000 0.202079
v 0.812896 0.537500 0.202079
v 0.812896 0.600000 0.112151
v 0.812896 0.600000 0.139579
v 0.818879 0.000000 -0.346061
v 0.818879 0.000000 0.346061
v 0.818879 0.100000 -0.346061
v 0.818879 0.100000 0.346061
v 0.852989 0.000000 -0.250460
v 0.852989 0.000000 0.250460
v 0.852989 0.100000 -0.250460
v 0.852989 0.100000 0.250460
v 0.875980 0.000000 -0.151594
v 0.875980 0.000000 0.151594
v 0.875980 0.100000 -0.151594
v 0.875980 0.100000 0.151594
v 0.887550 0.000000 -0.050752
v 0.887550 0.000000 0.050752
v 0.887550 0.100000 -0.050752
v 0.887550 0.100000 0.050752
vt 0.044194 0.530000 0.000000
vt -0.044194 0.530000 0.000000
vt -0.044194 0.000000 0.000000
vt 0.044194 0.000000 0.000000
vt 1.230500 0.000000 0.000000
vt 1.230500 0.530000 0.000000
vt 0.996500 0.530000 0.000000
vt 0.996500 0.520000 0.000000
vt 0.296500 0.520000 0.000000
vt 0.296500 0.530000 0.000000
vt 0.062500 0.530000 0.000000
vt 0.062500 0.000000 0.000000
vt 0.201500 0.000000 0.000000
vt 0.201500 0.327000 0.000000
vt 1.091500 0.327000 0.000000
vt 1.091500 0.000000 0.000000
vt 0.558967 0.228084 0.000000
vt 0.432088 0.228084 0.000000
vt 0.432088 0.299488 0.000000
vt 0.558967 0.299488 0.000000
vt 0.578060 0.046731 0.000000
vt 0.429859 0.046731 0.000000
vt 0.429859 0.141932 0.000000
vt 0.578060 0.141932 0.000000
vt 0.429859 -0.046731 0.000000
vt 0.578060 -0.046731 0.000000
vt 0.578060 -0.141932 0.000000
vt 0.429859 -0.141932 0.000000
vt 0.432088 -0.228084 0.000000
vt 0.558967 -0.228084 0.000000
vt 0.558967 -0.299488 0.000000
vt 0.432088 -0.299488 0.000000
vt 0.584000 -0.395000 0.000000
vt 0.646500 -0.332500 0.000000
vt 0.646500 0.332500 0.000000
vt 0.584000 0.395000 0.000000
vt 0.350000 0.395000 0.000000
vt 0.350000 0.031066 0.000000
vt 0.363754 0.022380 0.000000
vt 0.371606 0.008134 0.000000
vt 0.371606 -0.008134 0.000000
vt 0.363754 -0.022380 0.000000
vt 0.350000 -0.031066 0.000000
vt 0.350000 -0.395000 0.000000
vt 0.044194 0.530000 0.000000
vt -0.044194 0.530000 0.000000
vt -0.044194 0.000000 0.000000
vt 0.044194 0.000000 0.000000
vt 0.062500 0.530000 0.000000
vt 0.062500 0.000000 0.000000
vt 0.201500 0.000000 0.000000
vt 0.201500 0.327000 0.000000
vt 1.091500 0.327000 0.000000
vt 1.091500 0.000000 0.000000
vt 1.230500 0.000000 0.000000
vt 1.230500 0.530000 0.000000
vt 0.996500 0.530000 0.000000
vt 0.996500 0.520000 0.000000
vt 0.296500 0.520000 0.000000
vt 0.296500 0.530000 0.000000
vt 0.044194 0.530000 0.000000
vt -0.044194 0.530000 0.000000
vt -0.044194 0.000000 0.000000
vt 0.044194 0.000000 0.000000
vt 0.727500 0.000000 0.000000
vt 0.727500 0.530000 0.000000
vt 0.062500 0.530000 0.000000
vt 0.062500 0.000000 0.000000
vt -0.432088 0.228084 0.000000
vt -0.558967 0.228084 0.000000
vt -0.558967 0.299488 0.000000
vt -0.432088 0.299488 0.000000
vt -0.429859 0.046731 0.000000
vt -0.578060 0.046731 0.000000
vt -0.578060 0.141932 0.000000
vt -0.429859 0.141932 0.000000
vt -0.558967 -0.228084 0.000000
vt -0.432088 -0.228084 0.000000
vt -0.432088 -0.299488 0.000000
vt -0.558967 -0.299488 0.000000
vt -0.578060 -0.046731 0.000000
vt -0.429859 -0.046731 0.000000
vt -0.429859 -0.141932 0.000000
vt -0.578060 -0.141932 0.000000
vt -0.646500 -0.332500 0.000000
vt -0.584000 -0.395000 0.000000
vt -0.350000 -0.395000 0.000000
vt -0.350000 -0.031066 0.000000
vt -0.363754 -0.022380 0.000000
vt -0.371606 -0.008134 0.000000
vt -0.371606 0.008134 0.000000
vt -0.363754 0.022380 0.000000
vt -0.350000 0.031066 0.000000
vt -0.350000 0.395000 0.000000
vt -0.584000 0.395000 0.000000
vt -0.646500 0.332500 0.000000
vt 0.044194 0.530000 0.000000
vt -0.044194 0.530000 0.000000
vt -0.044194 0.000000 0.000000
vt 0.044194 0.000000 0.000000
vt 0.000000 0.000000 0.000000
vt 0.126880 0.000000 0.000000
vt 0.126880 0.030000 0.000000
vt 0.000000 0.030000 0.000000
vt 0.000000 0.000000 0.000000
vt 0.071404 0.000000 0.000000
vt 0.071404 0.030000 0.000000
vt 0.000000 0.030000 0.000000
vt 0.000000 0.000000 0.000000
vt 0.126880 0.000000 0.000000
vt 0.126880 0.030000 0.000000
vt 0.000000 0.030000 0.000000
vt 0.000000 0.000000 0.000000
vt 0.071404 0.000000 0.000000
vt 0.071404 0.030000 0.000000
vt 0.000000 0.030000 0.000000
vt -0.063440 0.035702 0.000000
vt -0.063440 -0.035702 0.000000
vt 0.063440 -0.035702 0.000000
vt 0.063440 0.035702 0.000000
vt 0.000000 0.000000 0.000000
vt 0.148201 0.000000 0.000000
vt 0.148201 0.100000 0.000000
vt 0.000000 0.100000 0.000000
vt 0.000000 0.000000 0.000000
vt 0.095202 0.000000 0.000000
vt 0.095202 0.100000 0.000000
vt 0.000000 0.100000 0.000000
vt 0.000000 0.000000 0.000000
vt 0.148201 0.000000 0.000000
vt 0.148201 0.100000 0.000000
vt 0.000000 0.100000 0.000000
vt 0.000000 0.000000 0.000000
vt 0.095202 0.000000 0.000000
vt 0.095202 0.100000 0.000000
vt 0.000000 0.100000 0.000000
vt -0.074100 0.047601 0.000000
vt -0.074100 -0.047601 0.000000
vt 0.074100 -0.047601 0.000000
vt 0.074100 0.047601 0.000000
vt -0.126880 0.000000 0.000000
vt -0.000000 0.000000 0.000000
vt -0.000000 0.030000 0.000000
vt -0.126880 0.030000 0.000000
vt -0.071404 0.000000 0.000000
vt -0.000000 0.000000 0.000000
vt -0.000000 0.030000 0.000000
vt -0.071404 0.030000 0.000000
vt -0.126880 0.000000 0.000000
vt -0.000000 0.000000 0.000000
vt -0.000000 0.030000 0.000000
vt -0.126880 0.030000 0.000000
vt -0.071404 0.000000 0.000000
vt -0.000000 0.000000 0.000000
vt -0.000000 0.030000 0.000000
vt -0.071404 0.030000 0.000000
vt 0.063440 -0.035702 0.000000
vt 0.063440 0.035702 0.000000
vt -0.063440 0.035702 0.000000
vt -0.063440 -0.035702 0.000000
vt -0.148201 0.000000 0.000000
vt -0.000000 0.000000 0.000000
vt -0.000000 0.100000 0.000000
vt -0.148201 0.100000 0.000000
vt -0.095202 0.000000 0.000000
vt -0.000000 0.000000 0.000000
vt -0.000000 0.100000 0.000000
vt -0.095202 0.100000 0.000000
vt -0.148201 0.000000 0.000000
vt -0.000000 0.000000 0.000000
vt -0.000000 0.100000 0.000000
vt -0.148201 0.100000 0.000000
vt -0.095202 0.000000 0.000000
vt -0.000000 0.000000 0.000000
vt -0.000000 0.100000 0.000000
vt -0.095202 0.100000 0.000000
vt 0.074100 -0.047601 0.000000
vt 0.074100 0.047601 0.000000
vt -0.074100 0.047601 0.000000
vt -0.074100 -0.047601 0.000000
vt -0.126880 0.000000 0.000000
vt -0.000000 0.000000 0.000000
vt -0.000000 0.030000 0.000000
vt -0.126880 0.030000 0.000000
vt -0.071404 0.000000 0.000000
vt -0.000000 0.000000 0.000000
vt -0.000000 0.030000 0.000000
vt -0.071404 0.030000 0.000000
vt -0.126880 0.000000 0.000000
vt -0.000000 0.000000 0.000000
vt -0.000000 0.030000 0.000000
vt -0.126880 0.030000 0.000000
vt -0.071404 0.000000 0.000000
vt -0.000000 0.000000 0.000000
vt -0.000000 0.030000 0.000000
vt -0.071404 0.030000 0.000000
vt 0.063440 -0.035702 0.000000
vt 0.063440 0.035702 0.000000
vt -0.063440 0.035702 0.000000
vt -0.063440 -0.035702 0.000000
vt -0.148201 0.000000 0.000000
vt -0.000000 0.000000 0.000000
vt -0.000000 0.100000 0.000000
vt -0.148201 0.100000 0.000000
vt -0.095202 0.000000 0.000000
vt -0.000000 0.000000 0.000000
vt -0.000000 0.100000 0.000000
vt -0.095202 0.100000 0.000000
vt -0.148201 0.000000 0.000000
vt -0.000000 0.000000 0.000000
vt -0.000000 0.100000 0.000000
vt -0.148201 0.100000 0.000000
vt -0.095202 0.000000 0.000000
vt -0.000000 0.000000 0.000000
vt -0.000000 0.100000 0.000000
vt -0.095202 0.100000 0.000000
vt 0.074100 -0.047601 0.000000
vt 0.074100 0.047601 0.000000
vt -0.074100 0.047601 0.000000
vt -0.074100 -0.047601 0.000000
vt 0.000000 0.000000 0.000000
vt 0.148201 0.000000 0.000000
vt 0.148201 0.100000 0.000000
vt 0.000000 0.100000 0.000000
vt 0.000000 0.000000 0.000000
vt 0.095202 0.000000 0.000000
vt 0.095202 0.100000 0.000000
vt 0.000000 0.100000 0.000000
vt 0.000000 0.000000 0.000000
vt 0.148201 0.000000 0.000000
vt 0.148201 0.100000 0.000000
vt 0.000000 0.100000 0.000000
vt 0.000000 0.000000 0.000000
vt 0.095202 0.000000 0.000000
vt 0.095202 0.100000 0.000000
vt 0.000000 0.100000 0.000000
vt -0.074100 0.047601 0.000000
vt -0.074100 -0.047601 0.000000
vt 0.074100 -0.047601 0.000000
vt 0.074100 0.047601 0.000000
vt 0.000000 0.000000 0.000000
vt 0.126880 0.000000 0.000000
vt 0.126880 0.030000 0.000000
vt 0.000000 0.030000 0.000000
vt 0.000000 0.000000 0.000000
vt 0.071404 0.000000 0.000000
vt 0.071404 0.030000 0.000000
vt 0.000000 0.030000 0.000000
vt 0.000000 0.000000 0.000000
vt 0.126880 0.000000 0.000000
vt 0.126880 0.030000 0.000000
vt 0.000000 0.030000 0.000000
vt 0.000000 0.000000 0.000000
vt 0.071404 0.000000 0.000000
vt 0.071404 0.030000 0.000000
vt 0.000000 0.030000 0.000000
vt -0.063440 0.035702 0.000000
vt -0.063440 -0.035702 0.000000
vt 0.063440 -0.035702 0.000000
vt 0.063440 0.035702 0.000000
vt -0.000000 0.000000 0.000000
vt -0.000000 0.020826 0.000000
vt -0.000000 0.041652 0.000000
vt -0.000000 0.062478 0.000000
vt -0.000000 0.083304 0.000000
vt -0.000000 0.104130 0.000000
vt -0.000000 0.124956 0.000000
vt -0.000000 0.145782 0.000000
vt -0.000000 -0.166608 0.000000
vt -0.000000 -0.145782 0.000000
vt -0.000000 -0.124956 0.000000
vt -0.000000 -0.104130 0.000000
vt -0.000000 -0.083304 0.000000
vt -0.000000 -0.062478 0.000000
vt -0.000000 -0.041652 0.000000
vt -0.000000 -0.020826 0.000000
vt -0.117810 0.166608 0.000000
vt -0.029452 0.166608 0.000000
vt -0.058905 0.166608 0.000000
vt -0.088357 0.166608 0.000000
vt -0.029452 0.020826 0.000000
vt -0.058905 0.020826 0.000000
vt -0.088357 0.020826 0.000000
vt -0.088357 0.000000 0.000000
vt -0.058905 0.000000 0.000000
vt -0.029452 0.000000 0.000000
vt -0.029452 0.041652 0.000000
vt -0.058905 0.041652 0.000000
vt -0.088357 0.041652 0.000000
vt -0.029452 0.062478 0.000000
vt -0.058905 0.062478 0.000000
vt -0.088357 0.062478 0.000000
vt -0.029452 0.083304 0.000000
vt -0.058905 0.083304 0.000000
vt -0.088357 0.083304 0.000000
vt -0.029452 0.104130 0.000000
vt -0.058905 0.104130 0.000000
vt -0.088357 0.104130 0.000000
vt -0.029452 0.124956 0.000000
vt -0.058905 0.124956 0.000000
vt -0.088357 0.124956 0.000000
vt -0.029452 0.145782 0.000000
vt -0.058905 0.145782 0.000000
vt -0.088357 0.145782 0.000000
vt -0.029452 -0.145782 0.000000
vt -0.058905 -0.145782 0.000000
vt -0.088357 -0.145782 0.000000
vt -0.029452 -0.124956 0.000000
vt -0.058905 -0.124956 0.000000
vt -0.088357 -0.124956 0.000000
vt -0.029452 -0.104130 0.000000
vt -0.058905 -0.104130 0.000000
vt -0.088357 -0.104130 0.000000
vt -0.029452 -0.083304 0.000000
vt -0.058905 -0.083304 0.000000
vt -0.088357 -0.083304 0.000000
vt -0.029452 -0.062478 0.000000
vt -0.058905 -0.062478 0.000000
vt -0.088357 -0.062478 0.000000
vt -0.029452 -0.041652 0.000000
vt -0.058905 -0.041652 0.000000
vt -0.088357 -0.041652 0.000000
vt -0.029452 -0.020826 0.000000
vt -0.058905 -0.020826 0.000000
vt -0.088357 -0.020826 0.000000
vt -0.029452 -0.166608 0.000000
vt -0.000000 0.166608 0.000000
vt -0.117810 -0.166608 0.000000
vt -0.117810 -0.166608 0.000000
vt -0.117810 -0.166608 0.000000
vt -0.117810 -0.166608 0.000000
vt -0.117810 -0.166608 0.000000
vt -0.117810 -0.166608 0.000000
vt -0.088357 0.187434 0.000000
vt -0.029452 -0.166608 0.000000
vt -0.058905 0.187434 0.000000
vt -0.058905 -0.166608 0.000000
vt -0.088357 0.187434 0.000000
vt -0.117810 -0.166608 0.000000
vt -0.850000 -0.117810 0.000000
vt -0.850000 -0.147262 0.000000
vt -0.850000 -0.176715 0.000000
vt -0.850000 -0.206167 0.000000
vt -0.850000 0.235619 0.000000
vt -0.850000 0.206167 0.000000
vt -0.850000 0.176715 0.000000
vt -0.850000 0.147262 0.000000
vt -0.850000 0.117810 0.000000
vt -0.850000 0.088357 0.000000
vt -0.850000 0.058905 0.000000
vt -0.850000 0.029452 0.000000
vt -0.850000 0.000000 0.000000
vt -0.850000 -0.029452 0.000000
vt -0.850000 -0.058905 0.000000
vt -0.850000 -0.088357 0.000000
vt -0.761625 -0.235619 0.000000
vt -0.761625 -0.206167 0.000000
vt -0.761625 -0.176715 0.000000
vt -0.761625 -0.147262 0.000000
vt -0.761625 -0.117810 0.000000
vt -0.761625 -0.088357 0.000000
vt -0.761625 -0.058905 0.000000
vt -0.761625 -0.029452 0.000000
vt -0.761625 0.000000 0.000000
vt -0.761625 0.029452 0.000000
vt -0.761625 0.058905 0.000000
vt -0.761625 0.088357 0.000000
vt -0.761625 0.117810 0.000000
vt -0.761625 0.147262 0.000000
vt -0.761625 0.176715 0.000000
vt -0.761625 0.206167 0.000000
vt -0.761625 0.235619 0.000000
vt -0.850000 -0.235619 0.000000
vt -0.370000 0.049697 0.000000
vt -0.000000 0.049697 0.000000
vt -0.000000 0.067308 0.000000
vt -0.000000 0.084918 0.000000
vt -0.000000 -0.102529 0.000000
vt -0.000000 -0.084918 0.000000
vt -0.000000 -0.067308 0.000000
vt -0.000000 -0.049697 0.000000
vt -0.370000 -0.049697 0.000000
vt -0.370000 -0.067414 0.000000
vt -0.370000 0.119927 0.000000
vt -0.370000 0.102211 0.000000
vt -0.370000 0.084707 0.000000
vt -0.370000 0.067202 0.000000
vt -0.000000 0.102529 0.000000
vt -0.000000 0.102529 0.000000
vt -0.370000 -0.085130 0.000000
vt -0.370000 -0.085130 0.000000
vt -0.001507 0.073564 0.000000
vt -0.001283 0.064342 0.000000
vt -0.000746 0.055151 0.000000
vt -0.000213 0.045964 0.000000
vt -0.000000 0.036772 0.000000
vt -0.000237 0.027580 0.000000
vt -0.000790 0.018394 0.000000
vt -0.001340 0.009202 0.000000
vt -0.001567 0.000000 0.000000
vt 0.015938 0.000000 0.000000
vt 0.033442 0.000000 0.000000
vt 0.050947 0.073564 0.000000
vt 0.033462 0.073564 0.000000
vt 0.015978 0.073564 0.000000
vt 0.050947 0.000000 0.000000
vt 0.050947 0.006688 0.000000
vt 0.050947 0.020063 0.000000
vt 0.050947 0.033438 0.000000
vt 0.050947 0.046813 0.000000
vt 0.050947 0.060188 0.000000
vt -0.000000 0.060188 0.000000
vt 0.016982 0.060188 0.000000
vt 0.033964 0.060188 0.000000
vt -0.000000 0.046813 0.000000
vt 0.016982 0.046813 0.000000
vt 0.033964 0.046813 0.000000
vt 0.016982 0.033438 0.000000
vt 0.033964 0.033438 0.000000
vt -0.000000 0.020063 0.000000
vt 0.016982 0.020063 0.000000
vt 0.033964 0.020063 0.000000
vt -0.000000 0.006688 0.000000
vt 0.016982 0.006688 0.000000
vt 0.033964 0.006688 0.000000
vt -0.032598 -0.001566 0.000000
vt -0.032387 -0.001546 0.000000
vt -0.032177 -0.001526 0.000000
vt -0.031966 -0.001506 0.000000
vt -0.028167 0.015347 0.000000
vt -0.016297 0.027900 0.000000
vt 0.000318 0.032634 0.000000
vt -0.016586 0.028107 0.000000
vt -0.028721 0.015498 0.000000
vt -0.370000 0.049697 0.000000
vt -0.000000 0.049697 0.000000
vt -0.000000 0.067308 0.000000
vt -0.000000 0.084918 0.000000
vt -0.000000 -0.102529 0.000000
vt -0.000000 -0.084918 0.000000
vt -0.000000 -0.067308 0.000000
vt -0.000000 -0.049697 0.000000
vt -0.370000 -0.049697 0.000000
vt -0.370000 -0.067414 0.000000
vt -0.370000 0.119927 0.000000
vt -0.370000 0.102211 0.000000
vt -0.370000 0.084707 0.000000
vt -0.370000 0.067202 0.000000
vt -0.000000 0.102529 0.000000
vt -0.000000 0.102529 0.000000
vt -0.370000 -0.085130 0.000000
vt -0.370000 -0.085130 0.000000
vt -0.001507 0.073564 0.000000
vt -0.001283 0.064342 0.000000
vt -0.000746 0.055151 0.000000
vt -0.000213 0.045964 0.000000
vt -0.000000 0.036772 0.000000
vt -0.000237 0.027580 0.000000
vt -0.000790 0.018394 0.000000
vt -0.001340 0.009202 0.000000
vt -0.001567 0.000000 0.000000
vt 0.015938 0.000000 0.000000
vt 0.033442 0.000000 0.000000
vt 0.050947 0.073564 0.000000
vt 0.033462 0.073564 0.000000
vt 0.015978 0.073564 0.000000
vt 0.050947 0.000000 0.000000
vt 0.050947 0.006688 0.000000
vt 0.050947 0.020063 0.000000
vt 0.050947 0.033438 0.000000
vt 0.050947 0.046813 0.000000
vt 0.050947 0.060188 0.000000
vt -0.000000 0.060188 0.000000
vt 0.016982 0.060188 0.000000
vt 0.033964 0.060188 0.000000
vt -0.000000 0.046813 0.000000
vt 0.016982 0.046813 0.000000
vt 0.033964 0.046813 0.000000
vt 0.016982 0.033438 0.000000
vt 0.033964 0.033438 0.000000
vt -0.000000 0.020063 0.000000
vt 0.016982 0.020063 0.000000
vt 0.033964 0.020063 0.000000
vt -0.000000 0.006688 0.000000
vt 0.016982 0.006688 0.000000
vt 0.033964 0.006688 0.000000
vt -0.032598 -0.001566 0.000000
vt -0.032387 -0.001546 0.000000
vt -0.032177 -0.001526 0.000000
vt -0.031966 -0.001506 0.000000
vt -0.028167 0.015347 0.000000
vt -0.016297 0.027900 0.000000
vt 0.000318 0.032634 0.000000
vt -0.016586 0.028107 0.000000
vt -0.028721 0.015498 0.000000
vt -0.001507 0.073564 0.000000
vt -0.001283 0.064342 0.000000
vt -0.000746 0.055151 0.000000
vt -0.000213 0.045964 0.000000
vt -0.000000 0.036772 0.000000
vt -0.000237 0.027580 0.000000
vt -0.000790 0.018394 0.000000
vt -0.001340 0.009203 0.000000
vt -0.001567 0.000000 0.000000
vt 0.015938 0.000000 0.000000
vt 0.033442 0.000000 0.000000
vt 0.050947 0.073564 0.000000
vt 0.033462 0.073564 0.000000
vt 0.015978 0.073564 0.000000
vt 0.050947 0.000000 0.000000
vt 0.050947 0.006688 0.000000
vt 0.050947 0.020063 0.000000
vt 0.050947 0.033438 0.000000
vt 0.050947 0.046813 0.000000
vt 0.050947 0.060188 0.000000
vt -0.000000 0.060188 0.000000
vt 0.016982 0.060188 0.000000
vt 0.033964 0.060188 0.000000
vt -0.000000 0.046813 0.000000
vt 0.016982 0.046813 0.000000
vt 0.033964 0.046813 0.000000
vt 0.016982 0.033438 0.000000
vt 0.033964 0.033438 0.000000
vt -0.000000 0.020063 0.000000
vt 0.016982 0.020063 0.000000
vt 0.033964 0.020063 0.000000
vt -0.000000 0.006688 0.000000
vt 0.016982 0.006688 0.000000
vt 0.033964 0.006688 0.000000
vt -0.370000 0.049697 0.000000
vt -0.000000 0.049697 0.000000
vt -0.000000 0.053608 0.000000
vt -0.000000 0.057518 0.000000
vt -0.000000 0.061428 0.000000
vt -0.010000 0.061428 0.000000
vt -0.010000 0.077868 0.000000
vt -0.010000 0.094309 0.000000
vt -0.010000 -0.094309 0.000000
vt -0.010000 -0.077868 0.000000
vt -0.010000 -0.061428 0.000000
vt -0.000000 -0.061428 0.000000
vt -0.000000 -0.057518 0.000000
vt -0.000000 -0.053608 0.000000
vt -0.000000 -0.049697 0.000000
vt -0.370000 -0.049697 0.000000
vt -0.370000 -0.067414 0.000000
vt -0.370000 0.119927 0.000000
vt -0.370000 0.102211 0.000000
vt -0.370000 0.084707 0.000000
vt -0.370000 0.067202 0.000000
vt -0.010000 0.110749 0.000000
vt -0.010000 0.110749 0.000000
vt -0.370000 -0.085130 0.000000
vt -0.370000 -0.085130 0.000000
vt -0.032598 -0.001566 0.000000
vt -0.032387 -0.001546 0.000000
vt -0.032177 -0.001526 0.000000
vt -0.031966 -0.001506 0.000000
vt -0.028167 0.015347 0.000000
vt -0.016297 0.027900 0.000000
vt 0.000318 0.032634 0.000000
vt -0.016586 0.028107 0.000000
vt -0.028721 0.015498 0.000000
vt -0.370000 0.049697 0.000000
vt -0.000000 0.049697 0.000000
vt -0.000000 0.067308 0.000000
vt -0.000000 0.084918 0.000000
vt -0.000000 -0.102529 0.000000
vt -0.000000 -0.084918 0.000000
vt -0.000000 -0.067308 0.000000
vt -0.000000 -0.049697 0.000000
vt -0.370000 -0.049697 0.000000
vt -0.370000 -0.067414 0.000000
vt -0.370000 0.119927 0.000000
vt -0.370000 0.102211 0.000000
vt -0.370000 0.084707 0.000000
vt -0.370000 0.067202 0.000000
vt -0.000000 0.102529 0.000000
vt -0.000000 0.102529 0.000000
vt -0.370000 -0.085130 0.000000
vt -0.370000 -0.085130 0.000000
vt -0.001507 0.073564 0.000000
vt -0.001283 0.064342 0.000000
vt -0.000746 0.055151 0.000000
vt -0.000213 0.045964 0.000000
vt -0.000000 0.036772 0.000000
vt -0.000237 0.027580 0.000000
vt -0.000790 0.018394 0.000000
vt -0.001340 0.009202 0.000000
vt -0.001567 0.000000 0.000000
vt 0.015938 0.000000 0.000000
vt 0.033442 0.000000 0.000000
vt 0.050947 0.073564 0.000000
vt 0.033462 0.073564 0.000000
vt 0.015978 0.073564 0.000000
vt 0.050947 0.000000 0.000000
vt 0.050947 0.006688 0.000000
vt 0.050947 0.020063 0.000000
vt 0.050947 0.033438 0.000000
vt 0.050947 0.046813 0.000000
vt 0.050947 0.060188 0.000000
vt -0.000000 0.060188 0.000000
vt 0.016982 0.060188 0.000000
vt 0.033964 0.060188 0.000000
vt -0.000000 0.046813 0.000000
vt 0.016982 0.046813 0.000000
vt 0.033964 0.046813 0.000000
vt 0.016982 0.033438 0.000000
vt 0.033964 0.033438 0.000000
vt -0.000000 0.020063 0.000000
vt 0.016982 0.020063 0.000000
vt 0.033964 0.020063 0.000000
vt -0.000000 0.006688 0.000000
vt 0.016982 0.006688 0.000000
vt 0.033964 0.006688 0.000000
vt -0.032598 -0.001566 0.000000
vt -0.032387 -0.001546 0.000000
vt -0.032177 -0.001526 0.000000
vt -0.031966 -0.001506 0.000000
vt -0.028167 0.015347 0.000000
vt -0.016297 0.027900 0.000000
vt 0.000318 0.032634 0.000000
vt -0.016586 0.028107 0.000000
vt -0.028721 0.015498 0.000000
vt -0.370000 0.049697 0.000000
vt -0.000000 0.049697 0.000000
vt -0.000000 0.067308 0.000000
vt -0.000000 0.084918 0.000000
vt -0.000000 -0.102529 0.000000
vt -0.000000 -0.084918 0.000000
vt -0.000000 -0.067308 0.000000
vt -0.000000 -0.049697 0.000000
vt -0.370000 -0.049697 0.000000
vt -0.370000 -0.067414 0.000000
vt -0.370000 0.119927 0.000000
vt -0.370000 0.102211 0.000000
vt -0.370000 0.084707 0.000000
vt -0.370000 0.067202 0.000000
vt -0.000000 0.102529 0.000000
vt -0.000000 0.102529 0.000000
vt -0.370000 -0.085130 0.000000
vt -0.370000 -0.085130 0.000000
vt -0.001507 0.073564 0.000000
vt -0.001283 0.064342 0.000000
vt -0.000746 0.055151 0.000000
vt -0.000213 0.045964 0.000000
vt -0.000000 0.036772 0.000000
vt -0.000237 0.027580 0.000000
vt -0.000790 0.018394 0.000000
vt -0.001340 0.009202 0.000000
vt -0.001567 0.000000 0.000000
vt 0.015938 0.000000 0.000000
vt 0.033442 0.000000 0.000000
vt 0.050947 0.073564 0.000000
vt 0.033462 0.073564 0.000000
vt 0.015978 0.073564 0.000000
vt 0.050947 0.000000 0.000000
vt 0.050947 0.006688 0.000000
vt 0.050947 0.020063 0.000000
vt 0.050947 0.033438 0.000000
vt 0.050947 0.046813 0.000000
vt 0.050947 0.060188 0.000000
vt -0.000000 0.060188 0.000000
vt 0.016982 0.060188 0.000000
vt 0.033964 0.060188 0.000000
vt -0.000000 0.046813 0.000000
vt 0.016982 0.046813 0.000000
vt 0.033964 0.046813 0.000000
vt 0.016982 0.033438 0.000000
vt 0.033964 0.033438 0.000000
vt -0.000000 0.020063 0.000000
vt 0.016982 0.020063 0.000000
vt 0.033964 0.020063 0.000000
vt -0.000000 0.006688 0.000000
vt 0.016982 0.006688 0.000000
vt 0.033964 0.006688 0.000000
vt -0.032598 -0.001566 0.000000
vt -0.032387 -0.001546 0.000000
vt -0.032177 -0.001526 0.000000
vt -0.031966 -0.001506 0.000000
vt -0.028167 0.015347 0.000000
vt -0.016297 0.027900 0.000000
vt 0.000318 0.032634 0.000000
vt -0.016586 0.028107 0.000000
vt -0.028721 0.015498 0.000000
vt -0.370000 0.049697 0.000000
vt -0.000000 0.049697 0.000000
vt -0.000000 0.067308 0.000000
vt -0.000000 0.084918 0.000000
vt -0.000000 -0.102529 0.000000
vt -0.000000 -0.084918 0.000000
vt -0.000000 -0.067308 0.000000
vt -0.000000 -0.049697 0.000000
vt -0.370000 -0.049697 0.000000
vt -0.370000 -0.067414 0.000000
vt -0.370000 0.119927 0.000000
vt -0.370000 0.102211 0.000000
vt -0.370000 0.084707 0.000000
vt -0.370000 0.067202 0.000000
vt -0.000000 0.102529 0.000000
vt -0.000000 0.102529 0.000000
vt -0.370000 -0.085130 0.000000
vt -0.370000 -0.085130 0.000000
vt -0.001507 0.073564 0.000000
vt -0.001283 0.064342 0.000000
vt -0.000746 0.055151 0.000000
vt -0.000213 0.045964 0.000000
vt -0.000000 0.036772 0.000000
vt -0.000237 0.027580 0.000000
vt -0.000790 0.018394 0.000000
vt -0.001340 0.009203 0.000000
vt -0.001567 0.000000 0.000000
vt 0.015938 0.000000 0.000000
vt 0.033442 0.000000 0.000000
vt 0.050947 0.073564 0.000000
vt 0.033462 0.073564 0.000000
vt 0.015978 0.073564 0.000000
vt 0.050947 0.000000 0.000000
vt 0.050947 0.006688 0.000000
vt 0.050947 0.020063 0.000000
vt 0.050947 0.033438 0.000000
vt 0.050947 0.046813 0.000000
vt 0.050947 0.060188 0.000000
vt -0.000000 0.060188 0.000000
vt 0.016982 0.060188 0.000000
vt 0.033964 0.060188 0.000000
vt -0.000000 0.046813 0.000000
vt 0.016982 0.046813 0.000000
vt 0.033964 0.046813 0.000000
vt 0.016982 0.033438 0.000000
vt 0.033964 0.033438 0.000000
vt -0.000000 0.020063 0.000000
vt 0.016982 0.020063 0.000000
vt 0.033964 0.020063 0.000000
vt -0.000000 0.006688 0.000000
vt 0.016982 0.006688 0.000000
vt 0.033964 0.006688 0.000000
vt -0.032598 -0.001566 0.000000
vt -0.032387 -0.001546 0.000000
vt -0.032177 -0.001526 0.000000
vt -0.031966 -0.001506 0.000000
vt -0.028167 0.015347 0.000000
vt -0.016297 0.027900 0.000000
vt 0.000318 0.032634 0.000000
vt -0.016586 0.028107 0.000000
vt -0.028721 0.015498 0.000000
vt -0.370000 0.049697 0.000000
vt -0.000000 0.049697 0.000000
vt -0.000000 0.067308 0.000000
vt -0.000000 0.084918 0.000000
vt -0.000000 -0.102529 0.000000
vt -0.000000 -0.084918 0.000000
vt -0.000000 -0.067308 0.000000
vt -0.000000 -0.049697 0.000000
vt -0.370000 -0.049697 0.000000
vt -0.370000 -0.067414 0.000000
vt -0.370000 0.119927 0.000000
vt -0.370000 0.102211 0.000000
vt -0.370000 0.084707 0.000000
vt -0.370000 0.067202 0.000000
vt -0.000000 0.102529 0.000000
vt -0.000000 0.102529 0.000000
vt -0.370000 -0.085130 0.000000
vt -0.370000 -0.085130 0.000000
vt -0.001507 0.073564 0.000000
vt -0.001283 0.064342 0.000000
vt -0.000746 0.055151 0.000000
vt -0.000213 0.045964 0.000000
vt -0.000000 0.036772 0.000000
vt -0.000237 0.027580 0.000000
vt -0.000790 0.018394 0.000000
vt -0.001340 0.009202 0.000000
vt -0.001567 0.000000 0.000000
vt 0.015938 0.000000 0.000000
vt 0.033442 0.000000 0.000000
vt 0.050947 0.073564 0.000000
vt 0.033462 0.073564 0.000000
vt 0.015978 0.073564 0.000000
vt 0.050947 0.000000 0.000000
vt 0.050947 0.006688 0.000000
vt 0.050947 0.020063 0.000000
vt 0.050947 0.033438 0.000000
vt 0.050947 0.046813 0.000000
vt 0.050947 0.060188 0.000000
vt -0.000000 0.060188 0.000000
vt 0.016982 0.060188 0.000000
vt 0.033964 0.060188 0.000000
vt -0.000000 0.046813 0.000000
vt 0.016982 0.046813 0.000000
vt 0.033964 0.046813 0.000000
vt 0.016982 0.033438 0.000000
vt 0.033964 0.033438 0.000000
vt -0.000000 0.020063 0.000000
vt 0.016982 0.020063 0.000000
vt 0.033964 0.020063 0.000000
vt -0.000000 0.006688 0.000000
vt 0.016982 0.006688 0.000000
vt 0.033964 0.006688 0.000000
vt -0.032598 -0.001566 0.000000
vt -0.032387 -0.001546 0.000000
vt -0.032177 -0.001526 0.000000
vt -0.031966 -0.001506 0.000000
vt -0.028167 0.015347 0.000000
vt -0.016297 0.027900 0.000000
vt 0.000318 0.032634 0.000000
vt -0.016586 0.028107 0.000000
vt -0.028721 0.015498 0.000000
vt -0.370000 0.049697 0.000000
vt -0.000000 0.049697 0.000000
vt -0.000000 0.067308 0.000000
vt -0.000000 0.084918 0.000000
vt -0.000000 -0.102529 0.000000
vt -0.000000 -0.084918 0.000000
vt -0.000000 -0.067308 0.000000
vt -0.000000 -0.049697 0.000000
vt -0.370000 -0.049697 0.000000
vt -0.370000 -0.067414 0.000000
vt -0.370000 0.119927 0.000000
vt -0.370000 0.102211 0.000000
vt -0.370000 0.084707 0.000000
vt -0.370000 0.067202 0.000000
vt -0.000000 0.102529 0.000000
vt -0.000000 0.102529 0.000000
vt -0.370000 -0.085130 0.000000
vt -0.370000 -0.085130 0.000000
vt -0.001507 0.073564 0.000000
vt -0.001283 0.064342 0.000000
vt -0.000746 0.055151 0.000000
vt -0.000213 0.045964 0.000000
vt -0.000000 0.036772 0.000000
vt -0.000237 0.027580 0.000000
vt -0.000790 0.018394 0.000000
vt -0.001340 0.009202 0.000000
vt -0.001567 0.000000 0.000000
vt 0.015938 0.000000 0.000000
vt 0.033442 0.000000 0.000000
vt 0.050947 0.073564 0.000000
vt 0.033462 0.073564 0.000000
vt 0.015978 0.073564 0.000000
vt 0.050947 0.000000 0.000000
vt 0.050947 0.006688 0.000000
vt 0.050947 0.020063 0.000000
vt 0.050947 0.033438 0.000000
vt 0.050947 0.046813 0.000000
vt 0.050947 0.060188 0.000000
vt -0.000000 0.060188 0.000000
vt 0.016982 0.060188 0.000000
vt 0.033964 0.060188 0.000000
vt -0.000000 0.046813 0.000000
vt 0.016982 0.046813 0.000000
vt 0.033964 0.046813 0.000000
vt 0.016982 0.033438 0.000000
vt 0.033964 0.033438 0.000000
vt -0.000000 0.020063 0.000000
vt 0.016982 0.020063 0.000000
vt 0.033964 0.020063 0.000000
vt -0.000000 0.006688 0.000000
vt 0.016982 0.006688 0.000000
vt 0.033964 0.006688 0.000000
vt -0.032598 -0.001566 0.000000
vt -0.032387 -0.001546 0.000000
vt -0.032177 -0.001526 0.000000
vt -0.031966 -0.001506 0.000000
vt -0.028167 0.015347 0.000000
vt -0.016297 0.027900 0.000000
vt 0.000318 0.032634 0.000000
vt -0.016586 0.028107 0.000000
vt -0.028721 0.015498 0.000000
vt -0.001507 0.073564 0.000000
vt -0.001283 0.064342 0.000000
vt -0.000746 0.055151 0.000000
vt -0.000213 0.045964 0.000000
vt -0.000000 0.036772 0.000000
vt -0.000237 0.027580 0.000000
vt -0.000790 0.018394 0.000000
vt -0.001340 0.009203 0.000000
vt -0.001567 0.000000 0.000000
vt 0.015938 0.000000 0.000000
vt 0.033442 0.000000 0.000000
vt 0.050947 0.073564 0.000000
vt 0.033462 0.073564 0.000000
vt 0.015978 0.073564 0.000000
vt 0.050947 0.000000 0.000000
vt 0.050947 0.006688 0.000000
vt 0.050947 0.020063 0.000000
vt 0.050947 0.033438 0.000000
vt 0.050947 0.046813 0.000000
vt 0.050947 0.060188 0.000000
vt -0.000000 0.060188 0.000000
vt 0.016982 0.060188 0.000000
vt 0.033964 0.060188 0.000000
vt -0.000000 0.046813 0.000000
vt 0.016982 0.046813 0.000000
vt 0.033964 0.046813 0.000000
vt 0.016982 0.033438 0.000000
vt 0.033964 0.033438 0.000000
vt -0.000000 0.020063 0.000000
vt 0.016982 0.020063 0.000000
vt 0.033964 0.020063 0.000000
vt -0.000000 0.006688 0.000000
vt 0.016982 0.006688 0.000000
vt 0.033964 0.006688 0.000000
vt -0.370000 0.049697 0.000000
vt -0.000000 0.049697 0.000000
vt -0.000000 0.053608 0.000000
vt -0.000000 0.057518 0.000000
vt -0.000000 0.061428 0.000000
vt -0.010000 0.061428 0.000000
vt -0.010000 0.077868 0.000000
vt -0.010000 0.094309 0.000000
vt -0.010000 -0.094309 0.000000
vt -0.010000 -0.077868 0.000000
vt -0.010000 -0.061428 0.000000
vt -0.000000 -0.061428 0.000000
vt -0.000000 -0.057518 0.000000
vt -0.000000 -0.053608 0.000000
vt -0.000000 -0.049697 0.000000
vt -0.370000 -0.049697 0.000000
vt -0.370000 -0.067414 0.000000
vt -0.370000 0.119927 0.000000
vt -0.370000 0.102211 0.000000
vt -0.370000 0.084707 0.000000
vt -0.370000 0.067202 0.000000
vt -0.010000 0.110749 0.000000
vt -0.010000 0.110749 0.000000
vt -0.370000 -0.085130 0.000000
vt -0.370000 -0.085130 0.000000
vt -0.032598 -0.001566 0.000000
vt -0.032387 -0.001546 0.000000
vt -0.032177 -0.001526 0.000000
vt -0.031966 -0.001506 0.000000
vt -0.028167 0.015347 0.000000
vt -0.016297 0.027900 0.000000
vt 0.000318 0.032634 0.000000
vt -0.016586 0.028107 0.000000
vt -0.028721 0.015498 0.000000
vt -0.370000 0.049697 0.000000
vt -0.000000 0.049697 0.000000
vt -0.000000 0.067308 0.000000
vt -0.000000 0.084918 0.000000
vt -0.000000 -0.102529 0.000000
vt -0.000000 -0.084918 0.000000
vt -0.000000 -0.067308 0.000000
vt -0.000000 -0.049697 0.000000
vt -0.370000 -0.049697 0.000000
vt -0.370000 -0.067414 0.000000
vt -0.370000 0.119927 0.000000
vt -0.370000 0.102211 0.000000
vt -0.370000 0.084707 0.000000
vt -0.370000 0.067202 0.000000
vt -0.000000 0.102529 0.000000
vt -0.000000 0.102529 0.000000
vt -0.370000 -0.085130 0.000000
vt -0.370000 -0.085130 0.000000
vt -0.001507 0.073564 0.000000
vt -0.001283 0.064342 0.000000
vt -0.000746 0.055151 0.000000
vt -0.000213 0.045964 0.000000
vt -0.000000 0.036772 0.000000
vt -0.000237 0.027580 0.000000
vt -0.000790 0.018394 0.000000
vt -0.001340 0.009202 0.000000
vt -0.001567 0.000000 0.000000
vt 0.015938 0.000000 0.000000
vt 0.033442 0.000000 0.000000
vt 0.050947 0.073564 0.000000
vt 0.033462 0.073564 0.000000
vt 0.015978 0.073564 0.000000
vt 0.050947 0.000000 0.000000
vt 0.050947 0.006688 0.000000
vt 0.050947 0.020063 0.000000
vt 0.050947 0.033438 0.000000
vt 0.050947 0.046813 0.000000
vt 0.050947 0.060188 0.000000
vt -0.000000 0.060188 0.000000
vt 0.016982 0.060188 0.000000
vt 0.033964 0.060188 0.000000
vt -0.000000 0.046813 0.000000
vt 0.016982 0.046813 0.000000
vt 0.033964 0.046813 0.000000
vt 0.016982 0.033438 0.000000
vt 0.033964 0.033438 0.000000
vt -0.000000 0.020063 0.000000
vt 0.016982 0.020063 0.000000
vt 0.033964 0.020063 0.000000
vt -0.000000 0.006688 0.000000
vt 0.016982 0.006688 0.000000
vt 0.033964 0.006688 0.000000
vt -0.032598 -0.001566 0.000000
vt -0.032387 -0.001546 0.000000
vt -0.032177 -0.001526 0.000000
vt -0.031966 -0.001506 0.000000
vt -0.028167 0.015347 0.000000
vt -0.016297 0.027900 0.000000
vt 0.000318 0.032634 0.000000
vt -0.016586 0.028107 0.000000
vt -0.028721 0.015498 0.000000
vt -0.370000 0.049697 0.000000
vt -0.000000 0.049697 0.000000
vt -0.000000 0.067308 0.000000
vt -0.000000 0.084918 0.000000
vt -0.000000 -0.102529 0.000000
vt -0.000000 -0.084918 0.000000
vt -0.000000 -0.067308 0.000000
vt -0.000000 -0.049697 0.000000
vt -0.370000 -0.049697 0.000000
vt -0.370000 -0.067414 0.000000
vt -0.370000 0.119927 0.000000
vt -0.370000 0.102211 0.000000
vt -0.370000 0.084707 0.000000
vt -0.370000 0.067202 0.000000
vt -0.000000 0.102529 0.000000
vt -0.000000 0.102529 0.000000
vt -0.370000 -0.085130 0.000000
vt -0.370000 -0.085130 0.000000
vt -0.001507 0.073564 0.000000
vt -0.001283 0.064342 0.000000
vt -0.000746 0.055151 0.000000
vt -0.000213 0.045964 0.000000
vt -0.000000 0.036772 0.000000
vt -0.000237 0.027580 0.000000
vt -0.000790 0.018394 0.000000
vt -0.001340 0.009202 0.000000
vt -0.001567 0.000000 0.000000
vt 0.015938 0.000000 0.000000
vt 0.033442 0.000000 0.000000
vt 0.050947 0.073564 0.000000
vt 0.033462 0.073564 0.000000
vt 0.015978 0.073564 0.000000
vt 0.050947 0.000000 0.000000
vt 0.050947 0.006688 0.000000
vt 0.050947 0.020063 0.000000
vt 0.050947 0.033438 0.000000
vt 0.050947 0.046813 0.000000
vt 0.050947 0.060188 0.000000
vt -0.000000 0.060188 0.000000
vt 0.016982 0.060188 0.000000
vt 0.033964 0.060188 0.000000
vt -0.000000 0.046813 0.000000
vt 0.016982 0.046813 0.000000
vt 0.033964 0.046813 0.000000
vt 0.016982 0.033438 0.000000
vt 0.033964 0.033438 0.000000
vt -0.000000 0.020063 0.000000
vt 0.016982 0.020063 0.000000
vt 0.033964 0.020063 0.000000
vt -0.000000 0.006688 0.000000
vt 0.016982 0.006688 0.000000
vt 0.033964 0.006688 0.000000
vt -0.032598 -0.001566 0.000000
vt -0.032387 -0.001546 0.000000
vt -0.032177 -0.001526 0.000000
vt -0.031966 -0.001506 0.000000
vt -0.028167 0.015347 0.000000
vt -0.016297 0.027900 0.000000
vt 0.000318 0.032634 0.000000
vt -0.016586 0.028107 0.000000
vt -0.028721 0.015498 0.000000
vt 0.010000 0.363934 0.000000
vt 0.000000 0.363934 0.000000
vt 0.000000 0.000000 0.000000
vt 0.010000 0.000000 0.000000
vt -0.010000 0.426066 0.000000
vt -0.000000 0.426066 0.000000
vt -0.000000 0.790000 0.000000
vt -0.010000 0.790000 0.000000
vt -0.700000 0.426066 0.000000
vt -0.696215 0.427039 0.000000
vt -0.692341 0.427552 0.000000
vt -0.688434 0.427598 0.000000
vt -0.682774 0.464726 0.000000
vt -0.673053 0.501003 0.000000
vt -0.659391 0.535986 0.000000
vt -0.672175 0.547786 0.000000
vt -0.677080 0.564478 0.000000
vt -0.672712 0.581318 0.000000
vt -0.660312 0.593521 0.000000
vt -0.643404 0.597619 0.000000
vt -0.626793 0.592448 0.000000
vt -0.603328 0.621771 0.000000
vt -0.576771 0.648328 0.000000
vt -0.547448 0.671793 0.000000
vt -0.552619 0.688404 0.000000
vt -0.548521 0.705312 0.000000
vt -0.536318 0.717712 0.000000
vt -0.519478 0.722080 0.000000
vt -0.502786 0.717175 0.000000
vt -0.490986 0.704391 0.000000
vt -0.456003 0.718053 0.000000
vt -0.419726 0.727774 0.000000
vt -0.382598 0.733434 0.000000
vt -0.378771 0.750405 0.000000
vt -0.366768 0.762999 0.000000
vt -0.350000 0.767636 0.000000
vt -0.333232 0.762999 0.000000
vt -0.321229 0.750405 0.000000
vt -0.317402 0.733434 0.000000
vt -0.280274 0.727774 0.000000
vt -0.243997 0.718053 0.000000
vt -0.209014 0.704391 0.000000
vt -0.197214 0.717175 0.000000
vt -0.180522 0.722080 0.000000
vt -0.163682 0.717712 0.000000
vt -0.151479 0.705312 0.000000
vt -0.147381 0.688404 0.000000
vt -0.152552 0.671793 0.000000
vt -0.123229 0.648328 0.000000
vt -0.096672 0.621771 0.000000
vt -0.073207 0.592448 0.000000
vt -0.056596 0.597619 0.000000
vt -0.039688 0.593521 0.000000
vt -0.027288 0.581318 0.000000
vt -0.022920 0.564478 0.000000
vt -0.027825 0.547786 0.000000
vt -0.040609 0.535986 0.000000
vt -0.026947 0.501003 0.000000
vt -0.017226 0.464726 0.000000
vt -0.011566 0.427598 0.000000
vt -0.007659 0.427552 0.000000
vt -0.003785 0.427039 0.000000
vt -0.000000 0.426066 0.000000
vt -0.000000 0.790000 0.000000
vt -0.700000 0.790000 0.000000
vt -0.430000 1.068142 0.000000
vt -0.430000 1.005310 0.000000
vt -0.430000 0.942478 0.000000
vt -0.430000 0.879646 0.000000
vt -0.430000 0.816814 0.000000
vt -0.430000 0.753982 0.000000
vt -0.430000 0.691150 0.000000
vt -0.430000 0.628319 0.000000
vt -0.430000 0.565487 0.000000
vt -0.430000 0.502655 0.000000
vt -0.430000 0.439823 0.000000
vt -0.430000 0.376991 0.000000
vt -0.430000 0.314159 0.000000
vt -0.430000 0.251327 0.000000
vt -0.430000 0.188496 0.000000
vt -0.430000 0.125664 0.000000
vt -0.430000 0.062832 0.000000
vt -0.430000 0.000000 0.000000
vt -0.430000 -0.062832 0.000000
vt -0.430000 -0.125664 0.000000
vt -0.430000 -0.188496 0.000000
vt -0.430000 -0.251327 0.000000
vt -0.430000 -0.314159 0.000000
vt -0.430000 -0.376991 0.000000
vt -0.430000 -0.439823 0.000000
vt -0.430000 -0.502655 0.000000
vt -0.430000 -0.565487 0.000000
vt -0.430000 -0.628319 0.000000
vt -0.430000 -0.691150 0.000000
vt -0.430000 -0.753982 0.000000
vt -0.430000 -0.816814 0.000000
vt -0.430000 -0.879646 0.000000
vt -0.430000 -0.942478 0.000000
vt -0.430000 -1.005310 0.000000
vt -0.000000 0.857469 0.000000
vt -0.370000 0.857469 0.000000
vt -0.382366 0.859932 0.000000
vt -0.392848 0.866939 0.000000
vt -0.399854 0.877422 0.000000
vt -0.402318 0.889786 0.000000
vt -0.399865 0.902153 0.000000
vt -0.392867 0.912642 0.000000
vt -0.382391 0.919658 0.000000
vt -0.370000 0.922131 0.000000
vt -0.370000 0.922343 0.000000
vt -0.370000 0.922555 0.000000
vt -0.370000 0.922766 0.000000
vt -0.000000 0.922766 0.000000
vt -0.000000 0.960342 0.000000
vt -0.000000 0.997917 0.000000
vt -0.000000 1.035493 0.000000
vt -0.370000 1.035493 0.000000
vt -0.382366 1.037955 0.000000
vt -0.392849 1.044963 0.000000
vt -0.399855 1.055447 0.000000
vt -0.402318 -1.068446 0.000000
vt -0.399854 -1.056081 0.000000
vt -0.392848 -1.045597 0.000000
vt -0.382365 -1.038590 0.000000
vt -0.370000 -1.036128 0.000000
vt -0.370000 -1.035917 0.000000
vt -0.370000 -1.035705 0.000000
vt -0.370000 -1.035493 0.000000
vt -0.000000 -1.035493 0.000000
vt -0.000000 -0.997917 0.000000
vt -0.000000 -0.960342 0.000000
vt -0.000000 -0.922766 0.000000
vt -0.370000 -0.922766 0.000000
vt -0.382366 -0.920304 0.000000
vt -0.392848 -0.913297 0.000000
vt -0.399854 -0.902814 0.000000
vt -0.402318 -0.890450 0.000000
vt -0.399865 -0.878083 0.000000
vt -0.392867 -0.867594 0.000000
vt -0.382391 -0.860577 0.000000
vt -0.370000 -0.858105 0.000000
vt -0.370000 -0.857893 0.000000
vt -0.370000 -0.857681 0.000000
vt -0.370000 -0.857469 0.000000
vt -0.000000 -0.857469 0.000000
vt -0.000000 -0.819894 0.000000
vt -0.000000 -0.782318 0.000000
vt -0.000000 -0.744743 0.000000
vt -0.370000 -0.744743 0.000000
vt -0.382366 -0.742281 0.000000
vt -0.392848 -0.735273 0.000000
vt -0.399854 -0.724790 0.000000
vt -0.402318 -0.712426 0.000000
vt -0.399865 -0.700059 0.000000
vt -0.392867 -0.689570 0.000000
vt -0.382391 -0.682554 0.000000
vt -0.370000 -0.680081 0.000000
vt -0.370000 -0.679869 0.000000
vt -0.370000 -0.679658 0.000000
vt -0.370000 -0.679446 0.000000
vt -0.000000 -0.679446 0.000000
vt -0.000000 -0.641870 0.000000
vt -0.000000 -0.604295 0.000000
vt -0.000000 -0.566719 0.000000
vt -0.370000 -0.566719 0.000000
vt -0.382366 -0.564257 0.000000
vt -0.392849 -0.557249 0.000000
vt -0.399854 -0.546767 0.000000
vt -0.402318 -0.534402 0.000000
vt -0.399865 -0.522036 0.000000
vt -0.392867 -0.511546 0.000000
vt -0.382391 -0.504530 0.000000
vt -0.370000 -0.502058 0.000000
vt -0.370000 -0.501846 0.000000
vt -0.370000 -0.501634 0.000000
vt -0.370000 -0.501422 0.000000
vt -0.000000 -0.501422 0.000000
vt -0.000000 -0.463847 0.000000
vt -0.000000 -0.426271 0.000000
vt -0.000000 -0.388696 0.000000
vt -0.370000 -0.388696 0.000000
vt -0.382366 -0.386234 0.000000
vt -0.392848 -0.379226 0.000000
vt -0.399854 -0.368743 0.000000
vt -0.402318 -0.356379 0.000000
vt -0.399865 -0.344012 0.000000
vt -0.392867 -0.333523 0.000000
vt -0.382391 -0.326507 0.000000
vt -0.370000 -0.324034 0.000000
vt -0.370000 -0.323822 0.000000
vt -0.370000 -0.323611 0.000000
vt -0.370000 -0.323399 0.000000
vt -0.000000 -0.323399 0.000000
vt -0.000000 -0.285823 0.000000
vt -0.000000 -0.248248 0.000000
vt -0.000000 -0.210672 0.000000
vt -0.370000 -0.210672 0.000000
vt -0.382366 -0.208210 0.000000
vt -0.392848 -0.201202 0.000000
vt -0.399854 -0.190720 0.000000
vt -0.402318 -0.178355 0.000000
vt -0.399865 -0.165988 0.000000
vt -0.392867 -0.155499 0.000000
vt -0.382391 -0.148483 0.000000
vt -0.370000 -0.146010 0.000000
vt -0.370000 -0.145799 0.000000
vt -0.370000 -0.145587 0.000000
vt -0.370000 -0.145375 0.000000
vt -0.000000 -0.145375 0.000000
vt -0.000000 -0.107800 0.000000
vt -0.000000 -0.070224 0.000000
vt -0.000000 -0.032648 0.000000
vt -0.370000 -0.032648 0.000000
vt -0.382366 -0.030186 0.000000
vt -0.392849 -0.023178 0.000000
vt -0.399854 -0.012696 0.000000
vt -0.402318 -0.000332 0.000000
vt -0.399865 0.012035 0.000000
vt -0.392867 0.022524 0.000000
vt -0.382391 0.029541 0.000000
vt -0.370000 0.032013 0.000000
vt -0.370000 0.032225 0.000000
vt -0.370000 0.032437 0.000000
vt -0.370000 0.032648 0.000000
vt -0.000000 0.032648 0.000000
vt -0.000000 0.070224 0.000000
vt -0.000000 0.107800 0.000000
vt -0.000000 0.145375 0.000000
vt -0.370000 0.145375 0.000000
vt -0.382366 0.147837 0.000000
vt -0.392848 0.154845 0.000000
vt -0.399854 0.165327 0.000000
vt -0.402318 0.177692 0.000000
vt -0.399865 0.190059 0.000000
vt -0.392867 0.200548 0.000000
vt -0.382391 0.207564 0.000000
vt -0.370000 0.210037 0.000000
vt -0.370000 0.210248 0.000000
vt -0.370000 0.210460 0.000000
vt -0.370000 0.210672 0.000000
vt -0.000000 0.210672 0.000000
vt -0.000000 0.248248 0.000000
vt -0.000000 0.285823 0.000000
vt -0.000000 0.323399 0.000000
vt -0.370000 0.323399 0.000000
vt -0.382366 0.325861 0.000000
vt -0.392848 0.332868 0.000000
vt -0.399854 0.343351 0.000000
vt -0.402318 0.355716 0.000000
vt -0.399865 0.368082 0.000000
vt -0.392867 0.378571 0.000000
vt -0.382391 0.385588 0.000000
vt -0.370000 0.388060 0.000000
vt -0.370000 0.388272 0.000000
vt -0.370000 0.388484 0.000000
vt -0.370000 0.388696 0.000000
vt -0.000000 0.388696 0.000000
vt -0.000000 0.426271 0.000000
vt -0.000000 0.463847 0.000000
vt -0.000000 0.501422 0.000000
vt -0.370000 0.501422 0.000000
vt -0.382366 0.503884 0.000000
vt -0.392849 0.510892 0.000000
vt -0.399854 0.521375 0.000000
vt -0.402318 0.533739 0.000000
vt -0.399865 0.546106 0.000000
vt -0.392867 0.556595 0.000000
vt -0.382391 0.563611 0.000000
vt -0.370000 0.566084 0.000000
vt -0.370000 0.566296 0.000000
vt -0.370000 0.566507 0.000000
vt -0.370000 0.566719 0.000000
vt -0.000000 0.566719 0.000000
vt -0.000000 0.604295 0.000000
vt -0.000000 0.641870 0.000000
vt -0.000000 0.679446 0.000000
vt -0.370000 0.679446 0.000000
vt -0.382366 0.681908 0.000000
vt -0.392848 0.688916 0.000000
vt -0.399854 0.699398 0.000000
vt -0.402318 0.711763 0.000000
vt -0.399865 0.724130 0.000000
vt -0.392867 0.734618 0.000000
vt -0.382391 0.741635 0.000000
vt -0.370000 0.744107 0.000000
vt -0.370000 0.744319 0.000000
vt -0.370000 0.744531 0.000000
vt -0.370000 0.744743 0.000000
vt -0.000000 0.744743 0.000000
vt -0.000000 0.782318 0.000000
vt -0.000000 0.819894 0.000000
vt -0.402318 1.067837 0.000000
vt -0.430000 -1.068142 0.000000
vt -0.430000 -1.068142 0.000000
vt -0.430000 -1.068142 0.000000
vt -0.430000 -1.068142 0.000000
vt 0.050947 0.073564 0.000000
vt 0.033462 0.073564 0.000000
vt 0.015978 0.073564 0.000000
vt -0.001507 0.073564 0.000000
vt -0.001284 0.064362 0.000000
vt -0.000747 0.055171 0.000000
vt -0.000214 0.045984 0.000000
vt -0.000000 0.036791 0.000000
vt -0.000237 0.027581 0.000000
vt -0.000790 0.018394 0.000000
vt -0.001339 0.009202 0.000000
vt -0.001567 0.000000 0.000000
vt 0.015938 0.000000 0.000000
vt 0.033442 0.000000 0.000000
vt 0.050947 0.000000 0.000000
vt 0.050947 0.006688 0.000000
vt 0.050947 0.020063 0.000000
vt 0.050947 0.033438 0.000000
vt 0.050947 0.046813 0.000000
vt 0.050947 0.060188 0.000000
vt -0.000000 0.060188 0.000000
vt 0.016982 0.060188 0.000000
vt 0.033964 0.060188 0.000000
vt -0.000000 0.046813 0.000000
vt 0.016982 0.046813 0.000000
vt 0.033964 0.046813 0.000000
vt 0.016982 0.033438 0.000000
vt 0.033964 0.033438 0.000000
vt -0.000000 0.020063 0.000000
vt 0.016982 0.020063 0.000000
vt 0.033964 0.020063 0.000000
vt -0.000000 0.006688 0.000000
vt 0.016982 0.006688 0.000000
vt 0.033964 0.006688 0.000000
vt -0.031966 -0.001506 0.000000
vt -0.028167 0.015347 0.000000
vt -0.016297 0.027900 0.000000
vt 0.000318 0.032634 0.000000
vt -0.016586 0.028107 0.000000
vt -0.028721 0.015498 0.000000
vt -0.032598 -0.001566 0.000000
vt -0.032387 -0.001546 0.000000
vt -0.032177 -0.001526 0.000000
vt -0.370000 0.049697 0.000000
vt -0.000000 0.049697 0.000000
vt -0.000000 0.067308 0.000000
vt -0.000000 0.084918 0.000000
vt -0.000000 -0.102529 0.000000
vt -0.000000 -0.084918 0.000000
vt -0.000000 -0.067308 0.000000
vt -0.000000 -0.049697 0.000000
vt -0.370000 -0.049697 0.000000
vt -0.370000 -0.067414 0.000000
vt -0.370000 0.119927 0.000000
vt -0.370000 0.102211 0.000000
vt -0.370000 0.084707 0.000000
vt -0.370000 0.067202 0.000000
vt -0.000000 0.102529 0.000000
vt -0.000000 0.102529 0.000000
vt -0.370000 -0.085130 0.000000
vt -0.370000 -0.085130 0.000000
vt -0.075622 -1.068142 0.000000
vt -0.069780 -1.038789 0.000000
vt -0.053250 -1.014226 0.000000
vt -0.028735 -0.998108 0.000000
vt -0.000000 -0.992520 0.000000
vt 0.028735 -0.998108 0.000000
vt 0.053250 -1.014226 0.000000
vt 0.069780 -1.038789 0.000000
vt 0.075622 1.068142 0.000000
vt 0.069780 1.038789 0.000000
vt 0.053250 1.014226 0.000000
vt 0.028735 0.998108 0.000000
vt -0.000000 0.992520 0.000000
vt -0.028735 0.998108 0.000000
vt -0.053250 1.014226 0.000000
vt -0.069780 1.038789 0.000000
vt -0.534071 0.534071 0.000000
vt -0.471239 0.534071 0.000000
vt -0.408407 0.534071 0.000000
vt -0.345575 0.534071 0.000000
vt -0.282743 0.534071 0.000000
vt -0.219911 0.534071 0.000000
vt -0.157080 0.534071 0.000000
vt -0.094248 0.534071 0.000000
vt -0.031416 0.534071 0.000000
vt 0.031416 0.534071 0.000000
vt 0.094248 0.534071 0.000000
vt 0.157080 0.534071 0.000000
vt 0.219911 0.534071 0.000000
vt 0.282743 0.534071 0.000000
vt 0.345575 0.534071 0.000000
vt 0.408407 0.534071 0.000000
vt 0.471239 0.534071 0.000000
vt 0.534071 -0.534071 0.000000
vt 0.471239 -0.534071 0.000000
vt 0.408407 -0.534071 0.000000
vt 0.345575 -0.534071 0.000000
vt 0.282743 -0.534071 0.000000
vt 0.219911 -0.534071 0.000000
vt 0.157080 -0.534071 0.000000
vt 0.094248 -0.534071 0.000000
vt 0.031416 -0.534071 0.000000
vt -0.031416 -0.534071 0.000000
vt -0.094248 -0.534071 0.000000
vt -0.157080 -0.534071 0.000000
vt -0.219911 -0.534071 0.000000
vt -0.282743 -0.534071 0.000000
vt -0.345575 -0.534071 0.000000
vt -0.408407 -0.534071 0.000000
vt -0.471239 -0.534071 0.000000
vt -0.471239 -1.068142 0.000000
vt -0.408407 -1.068142 0.000000
vt -0.345575 -1.068142 0.000000
vt -0.282743 -1.068142 0.000000
vt -0.219911 -1.068142 0.000000
vt -0.157080 -1.068142 0.000000
vt -0.094248 -1.068142 0.000000
vt 0.094248 -1.068142 0.000000
vt 0.157080 -1.068142 0.000000
vt 0.219911 -1.068142 0.000000
vt 0.282743 -1.068142 0.000000
vt 0.345575 -1.068142 0.000000
vt 0.408407 -1.068142 0.000000
vt 0.471239 -1.068142 0.000000
vt -0.094248 -1.005310 0.000000
vt -0.157080 -1.005310 0.000000
vt -0.219911 -1.005310 0.000000
vt -0.282743 -1.005310 0.000000
vt -0.345575 -1.005310 0.000000
vt -0.408407 -1.005310 0.000000
vt -0.471239 -1.005310 0.000000
vt 0.471239 -0.942478 0.000000
vt 0.408407 -0.942478 0.000000
vt 0.345575 -0.942478 0.000000
vt 0.282743 -0.942478 0.000000
vt 0.219911 -0.942478 0.000000
vt 0.157080 -0.942478 0.000000
vt 0.094248 -0.942478 0.000000
vt 0.031416 -0.942478 0.000000
vt -0.031416 -0.942478 0.000000
vt -0.094248 -0.942478 0.000000
vt -0.157080 -0.942478 0.000000
vt -0.219911 -0.942478 0.000000
vt -0.282743 -0.942478 0.000000
vt -0.345575 -0.942478 0.000000
vt -0.408407 -0.942478 0.000000
vt -0.471239 -0.942478 0.000000
vt 0.094248 -1.005310 0.000000
vt 0.157080 -1.005310 0.000000
vt 0.219911 -1.005310 0.000000
vt 0.282743 -1.005310 0.000000
vt 0.345575 -1.005310 0.000000
vt 0.408407 -1.005310 0.000000
vt 0.471239 -1.005310 0.000000
vt 0.094248 1.005310 0.000000
vt 0.157080 1.005310 0.000000
vt 0.219911 1.005310 0.000000
vt 0.282743 1.005310 0.000000
vt 0.345575 1.005310 0.000000
vt 0.408407 1.005310 0.000000
vt 0.471239 1.005310 0.000000
vt -0.471239 0.942478 0.000000
vt -0.408407 0.942478 0.000000
vt -0.345575 0.942478 0.000000
vt -0.282743 0.942478 0.000000
vt -0.219911 0.942478 0.000000
vt -0.157080 0.942478 0.000000
vt -0.094248 0.942478 0.000000
vt -0.031416 0.942478 0.000000
vt 0.031416 0.942478 0.000000
vt 0.094248 0.942478 0.000000
vt 0.157080 0.942478 0.000000
vt 0.219911 0.942478 0.000000
vt 0.282743 0.942478 0.000000
vt 0.345575 0.942478 0.000000
vt 0.408407 0.942478 0.000000
vt 0.471239 0.942478 0.000000
vt -0.094248 1.005310 0.000000
vt -0.157080 1.005310 0.000000
vt -0.219911 1.005310 0.000000
vt -0.282743 1.005310 0.000000
vt -0.345575 1.005310 0.000000
vt -0.408407 1.005310 0.000000
vt -0.471239 1.005310 0.000000
vt 0.471239 0.565487 0.000000
vt 0.408407 0.565487 0.000000
vt 0.345575 0.565487 0.000000
vt 0.282743 0.565487 0.000000
vt 0.219911 0.565487 0.000000
vt 0.157080 0.565487 0.000000
vt 0.094248 0.565487 0.000000
vt 0.031416 0.565487 0.000000
vt -0.031416 0.565487 0.000000
vt -0.094248 0.565487 0.000000
vt -0.157080 0.565487 0.000000
vt -0.219911 0.565487 0.000000
vt -0.282743 0.565487 0.000000
vt -0.345575 0.565487 0.000000
vt -0.408407 0.565487 0.000000
vt -0.471239 0.565487 0.000000
vt -0.471239 -0.565487 0.000000
vt -0.408407 -0.565487 0.000000
vt -0.345575 -0.565487 0.000000
vt -0.282743 -0.565487 0.000000
vt -0.219911 -0.565487 0.000000
vt -0.157080 -0.565487 0.000000
vt -0.094248 -0.565487 0.000000
vt -0.031416 -0.565487 0.000000
vt 0.031416 -0.565487 0.000000
vt 0.094248 -0.565487 0.000000
vt 0.157080 -0.565487 0.000000
vt 0.219911 -0.565487 0.000000
vt 0.282743 -0.565487 0.000000
vt 0.345575 -0.565487 0.000000
vt 0.408407 -0.565487 0.000000
vt 0.471239 -0.565487 0.000000
vt 0.471239 -0.879646 0.000000
vt 0.408407 -0.879646 0.000000
vt 0.345575 -0.879646 0.000000
vt 0.282743 -0.879646 0.000000
vt 0.219911 -0.879646 0.000000
vt 0.157080 -0.879646 0.000000
vt 0.094248 -0.879646 0.000000
vt 0.031416 -0.879646 0.000000
vt -0.031416 -0.879646 0.000000
vt -0.094248 -0.879646 0.000000
vt -0.157080 -0.879646 0.000000
vt -0.219911 -0.879646 0.000000
vt -0.282743 -0.879646 0.000000
vt -0.345575 -0.879646 0.000000
vt -0.408407 -0.879646 0.000000
vt -0.471239 -0.879646 0.000000
vt 0.471239 -0.816814 0.000000
vt 0.408407 -0.816814 0.000000
vt 0.345575 -0.816814 0.000000
vt 0.282743 -0.816814 0.000000
vt 0.219911 -0.816814 0.000000
vt 0.157080 -0.816814 0.000000
vt 0.094248 -0.816814 0.000000
vt 0.031416 -0.816814 0.000000
vt -0.031416 -0.816814 0.000000
vt -0.094248 -0.816814 0.000000
vt -0.157080 -0.816814 0.000000
vt -0.219911 -0.816814 0.000000
vt -0.282743 -0.816814 0.000000
vt -0.345575 -0.816814 0.000000
vt -0.408407 -0.816814 0.000000
vt -0.471239 -0.816814 0.000000
vt 0.471239 -0.753982 0.000000
vt 0.408407 -0.753982 0.000000
vt 0.345575 -0.753982 0.000000
vt 0.282743 -0.753982 0.000000
vt 0.219911 -0.753982 0.000000
vt 0.157080 -0.753982 0.000000
vt 0.094248 -0.753982 0.000000
vt 0.031416 -0.753982 0.000000
vt -0.031416 -0.753982 0.000000
vt -0.094248 -0.753982 0.000000
vt -0.157080 -0.753982 0.000000
vt -0.219911 -0.753982 0.000000
vt -0.282743 -0.753982 0.000000
vt -0.345575 -0.753982 0.000000
vt -0.408407 -0.753982 0.000000
vt -0.471239 -0.753982 0.000000
vt 0.471239 -0.691150 0.000000
vt 0.408407 -0.691150 0.000000
vt 0.345575 -0.691150 0.000000
vt 0.282743 -0.691150 0.000000
vt 0.219911 -0.691150 0.000000
vt 0.157080 -0.691150 0.000000
vt 0.094248 -0.691150 0.000000
vt 0.031416 -0.691150 0.000000
vt -0.031416 -0.691150 0.000000
vt -0.094248 -0.691150 0.000000
vt -0.157080 -0.691150 0.000000
vt -0.219911 -0.691150 0.000000
vt -0.282743 -0.691150 0.000000
vt -0.345575 -0.691150 0.000000
vt -0.408407 -0.691150 0.000000
vt -0.471239 -0.691150 0.000000
vt 0.471239 -0.628319 0.000000
vt 0.408407 -0.628319 0.000000
vt 0.345575 -0.628319 0.000000
vt 0.282743 -0.628319 0.000000
vt 0.219911 -0.628319 0.000000
vt 0.157080 -0.628319 0.000000
vt 0.094248 -0.628319 0.000000
vt 0.031416 -0.628319 0.000000
vt -0.031416 -0.628319 0.000000
vt -0.094248 -0.628319 0.000000
vt -0.157080 -0.628319 0.000000
vt -0.219911 -0.628319 0.000000
vt -0.282743 -0.628319 0.000000
vt -0.345575 -0.628319 0.000000
vt -0.408407 -0.628319 0.000000
vt -0.471239 -0.628319 0.000000
vt -0.471239 0.879646 0.000000
vt -0.408407 0.879646 0.000000
vt -0.345575 0.879646 0.000000
vt -0.282743 0.879646 0.000000
vt -0.219911 0.879646 0.000000
vt -0.157080 0.879646 0.000000
vt -0.094248 0.879646 0.000000
vt -0.031416 0.879646 0.000000
vt 0.031416 0.879646 0.000000
vt 0.094248 0.879646 0.000000
vt 0.157080 0.879646 0.000000
vt 0.219911 0.879646 0.000000
vt 0.282743 0.879646 0.000000
vt 0.345575 0.879646 0.000000
vt 0.408407 0.879646 0.000000
vt 0.471239 0.879646 0.000000
vt -0.471239 0.816814 0.000000
vt -0.408407 0.816814 0.000000
vt -0.345575 0.816814 0.000000
vt -0.282743 0.816814 0.000000
vt -0.219911 0.816814 0.000000
vt -0.157080 0.816814 0.000000
vt -0.094248 0.816814 0.000000
vt -0.031416 0.816814 0.000000
vt 0.031416 0.816814 0.000000
vt 0.094248 0.816814 0.000000
vt 0.157080 0.816814 0.000000
vt 0.219911 0.816814 0.000000
vt 0.282743 0.816814 0.000000
vt 0.345575 0.816814 0.000000
vt 0.408407 0.816814 0.000000
vt 0.471239 0.816814 0.000000
vt -0.471239 0.753982 0.000000
vt -0.408407 0.753982 0.000000
vt -0.345575 0.753982 0.000000
vt -0.282743 0.753982 0.000000
vt -0.219911 0.753982 0.000000
vt -0.157080 0.753982 0.000000
vt -0.094248 0.753982 0.000000
vt -0.031416 0.753982 0.000000
vt 0.031416 0.753982 0.000000
vt 0.094248 0.753982 0.000000
vt 0.157080 0.753982 0.000000
vt 0.219911 0.753982 0.000000
vt 0.282743 0.753982 0.000000
vt 0.345575 0.753982 0.000000
vt 0.408407 0.753982 0.000000
vt 0.471239 0.753982 0.000000
vt -0.471239 0.691150 0.000000
vt -0.408407 0.691150 0.000000
vt -0.345575 0.691150 0.000000
vt -0.282743 0.691150 0.000000
vt -0.219911 0.691150 0.000000
vt -0.157080 0.691150 0.000000
vt -0.094248 0.691150 0.000000
vt -0.031416 0.691150 0.000000
vt 0.031416 0.691150 0.000000
vt 0.094248 0.691150 0.000000
vt 0.157080 0.691150 0.000000
vt 0.219911 0.691150 0.000000
vt 0.282743 0.691150 0.000000
vt 0.345575 0.691150 0.000000
vt 0.408407 0.691150 0.000000
vt 0.471239 0.691150 0.000000
vt -0.471239 0.628319 0.000000
vt -0.408407 0.628319 0.000000
vt -0.345575 0.628319 0.000000
vt -0.282743 0.628319 0.000000
vt -0.219911 0.628319 0.000000
vt -0.157080 0.628319 0.000000
vt -0.094248 0.628319 0.000000
vt -0.031416 0.628319 0.000000
vt 0.031416 0.628319 0.000000
vt 0.094248 0.628319 0.000000
vt 0.157080 0.628319 0.000000
vt 0.219911 0.628319 0.000000
vt 0.282743 0.628319 0.000000
vt 0.345575 0.628319 0.000000
vt 0.408407 0.628319 0.000000
vt 0.471239 0.628319 0.000000
vt -0.069780 -1.097494 0.000000
vt 0.219911 -1.130973 0.000000
vt 0.219911 1.068142 0.000000
vt 0.534071 1.602212 0.000000
vt 0.075622 -1.068142 0.000000
vt 0.094248 1.068142 0.000000
vt 0.094248 1.068142 0.000000
vt 0.094248 1.068142 0.000000
vt 0.534071 1.602212 0.000000
vt -0.157080 1.068142 0.000000
vt -0.157080 -1.130973 0.000000
vt -0.534071 -1.602212 0.000000
vt -0.094248 1.068142 0.000000
vt -0.094248 -1.130973 0.000000
vt -0.534071 -1.602212 0.000000
vt 0.534071 1.602212 0.000000
vt -0.534071 -1.602212 0.000000
vt -0.534071 -1.602212 0.000000
vt -0.534071 -1.602212 0.000000
vt -0.534071 -1.602212 0.000000
vt -0.534071 -1.602212 0.000000
vt -0.534071 -1.602212 0.000000
vt -0.534071 -1.602212 0.000000
vt 0.534071 1.602212 0.000000
vt 0.534071 1.602212 0.000000
vt 0.534071 1.602212 0.000000
vt 0.534071 1.602212 0.000000
vt 0.534071 1.602212 0.000000
vt 0.471239 -1.130973 0.000000
vt -0.471239 1.068142 0.000000
vt -0.471239 1.068142 0.000000
vt -0.408407 -1.130973 0.000000
vt -0.408407 1.068142 0.000000
vt -0.345575 -1.130973 0.000000
vt -0.345575 1.068142 0.000000
vt -0.282743 -1.130973 0.000000
vt -0.282743 1.068142 0.000000
vt -0.219911 -1.130973 0.000000
vt -0.219911 1.068142 0.000000
vt 0.157080 -1.130973 0.000000
vt 0.157080 1.068142 0.000000
vt 0.282743 -1.130973 0.000000
vt 0.282743 1.068142 0.000000
vt 0.345575 -1.130973 0.000000
vt 0.345575 1.068142 0.000000
vt 0.408407 -1.130973 0.000000
vt 0.408407 1.068142 0.000000
vt 0.471239 -1.130973 0.000000
vt 0.000000 0.426066 0.000000
vt 0.010000 0.426066 0.000000
vt 0.010000 0.790000 0.000000
vt 0.000000 0.790000 0.000000
vt -0.000000 0.363934 0.000000
vt -0.010000 0.363934 0.000000
vt -0.010000 0.000000 0.000000
vt -0.000000 0.000000 0.000000
vt -0.490986 0.085609 0.000000
vt -0.502786 0.072825 0.000000
vt -0.519478 0.067920 0.000000
vt -0.536318 0.072288 0.000000
vt -0.548521 0.084688 0.000000
vt -0.552619 0.101596 0.000000
vt -0.547448 0.118207 0.000000
vt -0.576771 0.141672 0.000000
vt -0.603328 0.168229 0.000000
vt -0.626793 0.197552 0.000000
vt -0.643404 0.192381 0.000000
vt -0.660312 0.196479 0.000000
vt -0.672712 0.208682 0.000000
vt -0.677080 0.225522 0.000000
vt -0.672175 0.242214 0.000000
vt -0.659391 0.254014 0.000000
vt -0.673053 0.288997 0.000000
vt -0.682774 0.325274 0.000000
vt -0.688434 0.362402 0.000000
vt -0.692341 0.362448 0.000000
vt -0.696215 0.362961 0.000000
vt -0.700000 0.363934 0.000000
vt -0.700000 0.000000 0.000000
vt -0.000000 0.000000 0.000000
vt -0.000000 0.363934 0.000000
vt -0.003785 0.362961 0.000000
vt -0.007659 0.362448 0.000000
vt -0.011566 0.362402 0.000000
vt -0.017226 0.325274 0.000000
vt -0.026947 0.288997 0.000000
vt -0.040609 0.254014 0.000000
vt -0.027825 0.242214 0.000000
vt -0.022920 0.225522 0.000000
vt -0.027288 0.208682 0.000000
vt -0.039688 0.196479 0.000000
vt -0.056596 0.192381 0.000000
vt -0.073207 0.197552 0.000000
vt -0.096672 0.168229 0.000000
vt -0.123229 0.141672 0.000000
vt -0.152552 0.118207 0.000000
vt -0.147381 0.101596 0.000000
vt -0.151479 0.084688 0.000000
vt -0.163682 0.072288 0.000000
vt -0.180522 0.067920 0.000000
vt -0.197214 0.072825 0.000000
vt -0.209014 0.085609 0.000000
vt -0.243997 0.071947 0.000000
vt -0.280274 0.062226 0.000000
vt -0.317402 0.056566 0.000000
vt -0.321229 0.039595 0.000000
vt -0.333232 0.027001 0.000000
vt -0.350000 0.022364 0.000000
vt -0.366768 0.027001 0.000000
vt -0.378771 0.039595 0.000000
vt -0.382598 0.056566 0.000000
vt -0.419726 0.062226 0.000000
vt -0.456003 0.071947 0.000000
vt 0.110000 0.000000 0.000000
vt 0.110000 0.327000 0.000000
vt 0.000000 0.327000 0.000000
vt 0.000000 0.000000 0.000000
vt -0.445000 0.395000 0.000000
vt 0.445000 0.395000 0.000000
vt 0.445000 0.505000 0.000000
vt -0.445000 0.505000 0.000000
vt 0.900000 0.327000 0.000000
vt 0.900000 0.000000 0.000000
vt 1.010000 0.000000 0.000000
vt 1.010000 0.327000 0.000000
vt 0.110000 0.000000 0.000000
vt 0.110000 0.327000 0.000000
vt 0.000000 0.327000 0.000000
vt 0.000000 0.000000 0.000000
vt 0.000000 0.000000 0.000000
vt 0.890000 0.000000 0.000000
vt 0.890000 0.327000 0.000000
vt 0.000000 0.327000 0.000000
vt 0.900000 0.327000 0.000000
vt 0.900000 0.000000 0.000000
vt 1.010000 0.000000 0.000000
vt 1.010000 0.327000 0.000000
vt 0.000000 0.000000 0.000000
vt 0.890000 0.000000 0.000000
vt 0.890000 0.327000 0.000000
vt 0.000000 0.327000 0.000000
vt 0.445000 -0.395000 0.000000
vt -0.445000 -0.395000 0.000000
vt -0.445000 -0.505000 0.000000
vt 0.445000 -0.505000 0.000000
vt 0.062500 0.530000 0.000000
vt 0.062500 0.000000 0.000000
vt 0.727500 0.000000 0.000000
vt 0.727500 0.530000 0.000000
vt -0.100000 2.792876 0.000000
vt -0.100000 2.691317 0.000000
vt -0.100000 2.589757 0.000000
vt -0.100000 2.488199 0.000000
vt -0.100000 2.386639 0.000000
vt -0.100000 2.285080 0.000000
vt -0.100000 2.183521 0.000000
vt -0.100000 2.081962 0.000000
vt -0.100000 1.980403 0.000000
vt -0.100000 1.878844 0.000000
vt -0.100000 1.777285 0.000000
vt -0.100000 1.675726 0.000000
vt -0.100000 1.574166 0.000000
vt -0.100000 1.472607 0.000000
vt -0.100000 1.371048 0.000000
vt -0.100000 1.269489 0.000000
vt -0.100000 1.167930 0.000000
vt -0.100000 1.066371 0.000000
vt -0.100000 0.964812 0.000000
vt -0.100000 0.863253 0.000000
vt -0.100000 0.761693 0.000000
vt -0.100000 0.660134 0.000000
vt -0.100000 0.558575 0.000000
vt -0.100000 0.457016 0.000000
vt -0.100000 0.355457 0.000000
vt -0.100000 0.253898 0.000000
vt -0.100000 0.152339 0.000000
vt -0.100000 0.050780 0.000000
vt -0.100000 -0.050780 0.000000
vt -0.100000 -0.152339 0.000000
vt -0.100000 -0.253898 0.000000
vt -0.100000 -0.355457 0.000000
vt -0.100000 -0.457016 0.000000
vt -0.100000 -0.558575 0.000000
vt -0.100000 -0.660134 0.000000
vt -0.100000 -0.761693 0.000000
vt -0.100000 -0.863253 0.000000
vt -0.100000 -0.964812 0.000000
vt -0.100000 -1.066371 0.000000
vt -0.100000 -1.167930 0.000000
vt -0.100000 -1.269489 0.000000
vt -0.100000 -1.371048 0.000000
vt -0.100000 -1.472607 0.000000
vt -0.100000 -1.574166 0.000000
vt -0.100000 -1.675726 0.000000
vt -0.100000 -1.777285 0.000000
vt -0.100000 -1.878844 0.000000
vt -0.100000 -1.980403 0.000000
vt -0.100000 -2.081962 0.000000
vt -0.100000 -2.183521 0.000000
vt -0.100000 -2.285080 0.000000
vt -0.100000 -2.386639 0.000000
vt -0.100000 -2.488199 0.000000
vt -0.100000 -2.589757 0.000000
vt -0.100000 -2.691317 0.000000
vt -0.000000 -2.792876 0.000000
vt -0.000000 -2.691317 0.000000
vt -0.000000 -2.589757 0.000000
vt -0.000000 -2.488199 0.000000
vt -0.000000 -2.386639 0.000000
vt -0.000000 -2.285080 0.000000
vt -0.000000 -2.183521 0.000000
vt -0.000000 -2.081962 0.000000
vt -0.000000 -1.980403 0.000000
vt -0.000000 -1.878844 0.000000
vt -0.000000 -1.777285 0.000000
vt -0.000000 -1.675726 0.000000
vt -0.000000 -1.574166 0.000000
vt -0.000000 -1.472607 0.000000
vt -0.000000 -1.371048 0.000000
vt -0.000000 -1.269489 0.000000
vt -0.000000 -1.167930 0.000000
vt -0.000000 -1.066371 0.000000
vt -0.000000 -0.964812 0.000000
vt -0.000000 -0.863253 0.000000
vt -0.000000 -0.761693 0.000000
vt -0.000000 -0.660134 0.000000
vt -0.000000 -0.558575 0.000000
vt -0.000000 -0.457016 0.000000
vt -0.000000 -0.355457 0.000000
vt -0.000000 -0.253898 0.000000
vt -0.000000 -0.152339 0.000000
vt -0.000000 -0.050780 0.000000
vt -0.000000 0.050780 0.000000
vt -0.000000 0.152339 0.000000
vt -0.000000 0.253898 0.000000
vt -0.000000 0.355457 0.000000
vt -0.000000 0.457016 0.000000
vt -0.000000 0.558575 0.000000
vt -0.000000 0.660134 0.000000
vt -0.000000 0.761693 0.000000
vt -0.000000 0.863253 0.000000
vt -0.000000 0.964812 0.000000
vt -0.000000 1.066371 0.000000
vt -0.000000 1.167930 0.000000
vt -0.000000 1.269489 0.000000
vt -0.000000 1.371048 0.000000
vt -0.000000 1.472607 0.000000
vt -0.000000 1.574166 0.000000
vt -0.000000 1.675726 0.000000
vt -0.000000 1.777285 0.000000
vt -0.000000 1.878844 0.000000
vt -0.000000 1.980403 0.000000
vt -0.000000 2.081962 0.000000
vt -0.000000 2.183521 0.000000
vt -0.000000 2.285080 0.000000
vt -0.000000 2.386639 0.000000
vt -0.000000 2.488199 0.000000
vt -0.000000 2.589757 0.000000
vt -0.000000 2.691317 0.000000
vt -0.000000 2.792876 0.000000
vt -0.100000 -2.792876 0.000000
vt -0.111180 0.180649 0.000000
vt -0.132254 0.175003 0.000000
vt -0.147681 0.159576 0.000000
vt -0.153328 0.138502 0.000000
vt -0.147681 0.117429 0.000000
vt -0.132254 0.102002 0.000000
vt -0.111180 0.096355 0.000000
vt -0.090107 0.102002 0.000000
vt -0.074680 0.117429 0.000000
vt -0.069033 0.138502 0.000000
vt -0.074680 0.159576 0.000000
vt -0.090107 0.175003 0.000000
vt 0.796294 -0.053069 0.000000
vt 0.702184 -0.053069 0.000000
vt 0.702184 0.079731 0.000000
vt 0.796294 0.079731 0.000000
vt -0.083111 0.693536 0.000000
vt -0.194997 0.693536 0.000000
vt -0.194997 0.779281 0.000000
vt -0.083111 0.779281 0.000000
vt 0.515010 -0.633413 0.000000
vt 0.418808 -0.633413 0.000000
vt 0.418808 -0.545577 0.000000
vt 0.515010 -0.545577 0.000000
vt -0.027691 -0.799674 0.000000
vt -0.116572 -0.799674 0.000000
vt -0.116572 -0.736934 0.000000
vt -0.027691 -0.736934 0.000000
vt 0.796294 -0.278933 0.000000
vt 0.702184 -0.278933 0.000000
vt 0.702184 -0.223512 0.000000
vt 0.796294 -0.223512 0.000000
vt -0.693780 0.255402 0.000000
vt -0.768022 0.255402 0.000000
vt -0.768022 0.330690 0.000000
vt -0.693780 0.330690 0.000000
vt -0.095659 -0.618774 0.000000
vt -0.194997 -0.618774 0.000000
vt -0.194997 -0.529892 0.000000
vt -0.095659 -0.529892 0.000000
vt 0.505599 0.554463 0.000000
vt 0.385347 0.554463 0.000000
vt 0.385347 0.654847 0.000000
vt 0.505599 0.654847 0.000000
vt -0.717715 -0.174366 0.000000
vt -0.821351 -0.174366 0.000000
vt -0.821351 0.000000 0.000000
vt -0.717715 0.000000 0.000000
vt 0.784051 0.211906 0.000000
vt 0.682705 0.211906 0.000000
vt 0.682705 0.339049 0.000000
vt 0.784051 0.339049 0.000000
vt -0.220198 -0.665199 0.000000
vt -0.327072 -0.665199 0.000000
vt -0.327072 -0.560168 0.000000
vt -0.220198 -0.560168 0.000000
vt -0.437631 -0.612684 0.000000
vt -0.533449 -0.612684 0.000000
vt -0.533449 -0.530685 0.000000
vt -0.437631 -0.530685 0.000000
vt -0.356554 0.598864 0.000000
vt -0.437631 0.598864 0.000000
vt -0.437631 0.702053 0.000000
vt -0.356554 0.702053 0.000000
vt -0.717715 0.088448 0.000000
vt -0.817219 0.088448 0.000000
vt -0.817219 0.211906 0.000000
vt -0.717715 0.211906 0.000000
vt 0.323386 -0.707581 0.000000
vt 0.190715 -0.707581 0.000000
vt 0.190715 -0.560168 0.000000
vt 0.323386 -0.560168 0.000000
vt 0.202079 0.731334 0.000000
vt 0.145011 0.731334 0.000000
vt 0.145011 0.617246 0.000000
vt -0.022413 0.617246 0.000000
vt -0.022413 0.767834 0.000000
vt 0.112151 0.767834 0.000000
vt 0.112151 0.812896 0.000000
vt 0.202079 0.812896 0.000000
vt -0.445000 -0.505000 0.000000
vt -0.445000 -0.395000 0.000000
vt -0.584000 -0.395000 0.000000
vt -0.646500 -0.332500 0.000000
vt -0.646500 0.332500 0.000000
vt -0.584000 0.395000 0.000000
vt -0.445000 0.395000 0.000000
vt -0.445000 0.505000 0.000000
vt 0.445000 0.505000 0.000000
vt 0.445000 0.395000 0.000000
vt 0.584000 0.395000 0.000000
vt 0.646500 0.332500 0.000000
vt 0.646500 -0.332500 0.000000
vt 0.584000 -0.395000 0.000000
vt 0.445000 -0.395000 0.000000
vt 0.445000 -0.505000 0.000000
vt 0.000000 -0.889000 0.000000
vt 0.101338 -0.883205 0.000000
vt 0.201356 -0.865897 0.000000
vt 0.298748 -0.837300 0.000000
vt 0.392246 -0.797787 0.000000
vt 0.480630 -0.747874 0.000000
vt 0.562748 -0.688212 0.000000
vt 0.637530 -0.619578 0.000000
vt 0.704001 -0.542866 0.000000
vt 0.761294 -0.459077 0.000000
vt 0.808663 -0.369304 0.000000
vt 0.845489 -0.274716 0.000000
vt 0.871293 -0.176547 0.000000
vt 0.885739 -0.076076 0.000000
vt 0.888637 0.025386 0.000000
vt 0.879951 0.126518 0.000000
vt 0.859794 0.226000 0.000000
vt 0.828427 0.322536 0.000000
vt 0.786261 0.414867 0.000000
vt 0.733845 0.501790 0.000000
vt 0.671861 0.582171 0.000000
vt 0.601119 0.654963 0.000000
vt 0.522541 0.719216 0.000000
vt 0.437151 0.774093 0.000000
vt 0.346061 0.818879 0.000000
vt 0.250460 0.852989 0.000000
vt 0.151594 0.875980 0.000000
vt 0.050752 0.887550 0.000000
vt -0.050752 0.887550 0.000000
vt -0.151594 0.875980 0.000000
vt -0.250460 0.852989 0.000000
vt -0.346061 0.818879 0.000000
vt -0.437151 0.774093 0.000000
vt -0.522541 0.719216 0.000000
vt -0.601119 0.654963 0.000000
vt -0.671861 0.582171 0.000000
vt -0.733845 0.501790 0.000000
vt -0.786261 0.414867 0.000000
vt -0.828427 0.322536 0.000000
vt -0.859794 0.226000 0.000000
vt -0.879951 0.126518 0.000000
vt -0.888637 0.025386 0.000000
vt -0.885739 -0.076076 0.000000
vt -0.871293 -0.176547 0.000000
vt -0.845489 -0.274716 0.000000
vt -0.808663 -0.369304 0.000000
vt -0.761294 -0.459077 0.000000
vt -0.704001 -0.542866 0.000000
vt -0.637530 -0.619578 0.000000
vt -0.562748 -0.688212 0.000000
vt -0.480630 -0.747874 0.000000
vt -0.392246 -0.797787 0.000000
vt -0.298748 -0.837300 0.000000
vt -0.201356 -0.865897 0.000000
vt -0.101338 -0.883205 0.000000
vt 0.089927 0.437500 0.000000
vt 0.032860 0.494567 0.000000
vt 0.032860 0.000000 0.000000
vt 0.089927 0.000000 0.000000
vt 0.081562 0.437500 0.000000
vt 0.000000 0.437500 0.000000
vt 0.000000 0.000000 0.000000
vt 0.081562 0.000000 0.000000
vt 0.101346 0.187500 0.000000
vt 0.000000 0.187500 0.000000
vt 0.000000 0.000000 0.000000
vt 0.101346 0.000000 0.000000
vt 0.103189 0.187500 0.000000
vt 0.040689 0.250000 0.000000
vt 0.000000 0.250000 0.000000
vt 0.000000 0.000000 0.000000
vt 0.103189 0.000000 0.000000
vt -0.040538 0.010906 0.000000
vt 0.040538 0.010906 0.000000
vt 0.040538 0.051594 0.000000
vt -0.040538 0.051594 0.000000
vt 0.099504 0.187500 0.000000
vt 0.037004 0.250000 0.000000
vt 0.000000 0.250000 0.000000
vt 0.000000 0.000000 0.000000
vt 0.099504 0.000000 0.000000
vt 0.123458 0.187500 0.000000
vt 0.000000 0.187500 0.000000
vt 0.000000 0.000000 0.000000
vt 0.123458 0.000000 0.000000
vt 0.095818 0.187500 0.000000
vt 0.033318 0.250000 0.000000
vt 0.000000 0.250000 0.000000
vt 0.000000 0.000000 0.000000
vt 0.095818 0.000000 0.000000
vt 0.081998 0.187500 0.000000
vt 0.000000 0.187500 0.000000
vt 0.000000 0.000000 0.000000
vt 0.081998 0.000000 0.000000
vt 0.045062 0.000000 0.000000
vt 0.045062 0.500000 0.000000
vt 0.000000 0.500000 0.000000
vt 0.000000 0.000000 0.000000
vt 0.105031 0.187500 0.000000
vt 0.042531 0.250000 0.000000
vt 0.000000 0.250000 0.000000
vt 0.000000 0.000000 0.000000
vt 0.105031 0.000000 0.000000
vt -0.053437 0.009984 0.000000
vt 0.053437 0.009984 0.000000
vt 0.053437 0.052516 0.000000
vt -0.053437 0.052516 0.000000
vt 0.147413 0.187500 0.000000
vt 0.000000 0.187500 0.000000
vt 0.000000 0.000000 0.000000
vt 0.147413 0.000000 0.000000
vt 0.062500 0.250000 0.000000
vt 0.000000 0.187500 0.000000
vt 0.000000 0.000000 0.000000
vt 0.132671 0.000000 0.000000
vt 0.132671 0.187500 0.000000
vt 0.070171 0.250000 0.000000
vt 0.147413 0.187500 0.000000
vt 0.000000 0.187500 0.000000
vt 0.000000 0.000000 0.000000
vt 0.147413 0.000000 0.000000
vt 0.150588 0.737500 0.000000
vt 0.000000 0.737500 0.000000
vt 0.000000 0.000000 0.000000
vt 0.114088 0.000000 0.000000
vt 0.114088 0.494567 0.000000
vt 0.150588 0.494567 0.000000
vt 0.062500 0.800000 0.000000
vt 0.000000 0.737500 0.000000
vt 0.000000 0.494567 0.000000
vt 0.005433 0.500000 0.000000
vt 0.032860 0.500000 0.000000
vt 0.032860 0.000000 0.000000
vt 0.167424 0.000000 0.000000
vt 0.167424 0.737500 0.000000
vt 0.104924 0.800000 0.000000
vt 0.150588 0.737500 0.000000
vt 0.000000 0.737500 0.000000
vt 0.000000 0.000000 0.000000
vt 0.150588 0.000000 0.000000
vt 0.000000 0.000000 0.000000
vt 0.106874 0.000000 0.000000
vt 0.106874 0.250000 0.000000
vt 0.000000 0.250000 0.000000
vt -0.017536 -0.004281 0.000000
vt -0.017536 0.040781 0.000000
vt -0.044964 0.040781 0.000000
vt -0.044964 -0.004281 0.000000
vt 0.062500 0.500000 0.000000
vt 0.000000 0.437500 0.000000
vt 0.000000 0.000000 0.000000
vt 0.089927 0.000000 0.000000
vt 0.089927 0.500000 0.000000
vt 0.061171 -0.044194 0.000000
vt 0.061171 0.044194 0.000000
vt 0.016109 0.044194 0.000000
vt 0.016109 0.036511 0.000000
vt -0.020390 0.036511 0.000000
vt -0.020390 -0.044194 0.000000
vt 0.050673 0.001072 0.000000
vt -0.050673 0.001072 0.000000
vt -0.050673 -0.001072 0.000000
vt 0.050673 -0.001072 0.000000
vt 0.062500 0.250000 0.000000
vt 0.000000 0.187500 0.000000
vt 0.000000 0.000000 0.000000
vt 0.127143 0.000000 0.000000
vt 0.127143 0.187500 0.000000
vt 0.064643 0.250000 0.000000
vt 0.076010 -0.044194 0.000000
vt 0.076010 0.044194 0.000000
vt -0.025337 0.044194 0.000000
vt -0.025337 -0.044194 0.000000
vt 0.127143 0.187500 0.000000
vt 0.064643 0.250000 0.000000
vt 0.062500 0.250000 0.000000
vt 0.000000 0.187500 0.000000
vt 0.000000 0.000000 0.000000
vt 0.127143 0.000000 0.000000
vt 0.101346 0.187500 0.000000
vt 0.000000 0.187500 0.000000
vt 0.000000 0.000000 0.000000
vt 0.101346 0.000000 0.000000
vt 0.000000 0.000000 0.000000
vt 0.081077 0.000000 0.000000
vt 0.081077 0.250000 0.000000
vt 0.000000 0.250000 0.000000
vt 0.000000 0.000000 0.000000
vt 0.081998 0.000000 0.000000
vt 0.081998 0.250000 0.000000
vt 0.000000 0.250000 0.000000
vt 0.076010 -0.044194 0.000000
vt 0.076010 0.044194 0.000000
vt -0.025337 0.044194 0.000000
vt -0.025337 -0.044194 0.000000
vt 0.062500 0.250000 0.000000
vt 0.000000 0.187500 0.000000
vt 0.000000 0.000000 0.000000
vt 0.103189 0.000000 0.000000
vt 0.103189 0.250000 0.000000
vt 0.081077 0.187500 0.000000
vt 0.000000 0.187500 0.000000
vt 0.000000 0.000000 0.000000
vt 0.081077 0.000000 0.000000
vt 0.060808 -0.044194 0.000000
vt 0.060808 0.044194 0.000000
vt -0.020269 0.044194 0.000000
vt -0.020269 -0.044194 0.000000
vt 0.012748 0.061729 0.000000
vt 0.012748 -0.061729 0.000000
vt 0.049752 -0.061729 0.000000
vt 0.049752 0.061729 0.000000
vt 0.062500 0.250000 0.000000
vt 0.000000 0.187500 0.000000
vt 0.000000 0.000000 0.000000
vt 0.099504 0.000000 0.000000
vt 0.099504 0.250000 0.000000
vt 0.000000 0.000000 0.000000
vt 0.123458 0.000000 0.000000
vt 0.123458 0.250000 0.000000
vt 0.000000 0.250000 0.000000
vt 0.092594 -0.044194 0.000000
vt 0.092594 0.044194 0.000000
vt -0.030865 0.044194 0.000000
vt -0.030865 -0.044194 0.000000
vt 0.014591 0.040999 0.000000
vt 0.014591 -0.040999 0.000000
vt 0.047909 -0.040999 0.000000
vt 0.047909 0.040999 0.000000
vt 0.062500 0.250000 0.000000
vt 0.000000 0.187500 0.000000
vt 0.000000 0.000000 0.000000
vt 0.095818 0.000000 0.000000
vt 0.095818 0.250000 0.000000
vt 0.061499 -0.044194 0.000000
vt 0.061499 0.044194 0.000000
vt -0.020500 0.044194 0.000000
vt -0.020500 -0.044194 0.000000
vt 0.000000 0.000000 0.000000
vt 0.094110 0.000000 0.000000
vt 0.094110 0.100000 0.000000
vt 0.000000 0.100000 0.000000
vt 0.000000 0.000000 0.000000
vt 0.111886 0.000000 0.000000
vt 0.111886 0.100000 0.000000
vt 0.000000 0.100000 0.000000
vt 0.000000 0.000000 0.000000
vt 0.132800 0.000000 0.000000
vt 0.132800 0.100000 0.000000
vt 0.000000 0.100000 0.000000
vt 0.000000 0.000000 0.000000
vt 0.096201 0.000000 0.000000
vt 0.096201 0.100000 0.000000
vt 0.000000 0.100000 0.000000
vt 0.000000 0.000000 0.000000
vt 0.085745 0.000000 0.000000
vt 0.085745 0.100000 0.000000
vt 0.000000 0.100000 0.000000
vt 0.000000 0.000000 0.000000
vt 0.094110 0.000000 0.000000
vt 0.094110 0.100000 0.000000
vt 0.000000 0.100000 0.000000
vt 0.000000 0.000000 0.000000
vt 0.088882 0.000000 0.000000
vt 0.088882 0.100000 0.000000
vt 0.000000 0.100000 0.000000
vt 0.000000 0.000000 0.000000
vt 0.087836 0.000000 0.000000
vt 0.087836 0.100000 0.000000
vt 0.000000 0.100000 0.000000
vt 0.000000 0.000000 0.000000
vt 0.111886 0.000000 0.000000
vt 0.111886 0.100000 0.000000
vt 0.000000 0.100000 0.000000
vt 0.000000 0.000000 0.000000
vt 0.132800 0.000000 0.000000
vt 0.132800 0.100000 0.000000
vt 0.000000 0.100000 0.000000
vt 0.000000 0.000000 0.000000
vt 0.094110 0.000000 0.000000
vt 0.094110 0.100000 0.000000
vt 0.000000 0.100000 0.000000
vt 0.000000 0.000000 0.000000
vt 0.062740 0.000000 0.000000
vt 0.062740 0.100000 0.000000
vt 0.000000 0.100000 0.000000
vt 0.000000 0.000000 0.000000
vt 0.096201 0.000000 0.000000
vt 0.096201 0.100000 0.000000
vt 0.000000 0.100000 0.000000
vt 0.000000 0.000000 0.000000
vt 0.085745 0.000000 0.000000
vt 0.085745 0.100000 0.000000
vt 0.000000 0.100000 0.000000
vt 0.047055 -0.066400 0.000000
vt 0.047055 0.066400 0.000000
vt -0.047055 0.066400 0.000000
vt -0.047055 -0.066400 0.000000
vt 0.000000 0.000000 0.000000
vt 0.074242 0.000000 0.000000
vt 0.074242 0.100000 0.000000
vt 0.000000 0.100000 0.000000
vt 0.000000 0.000000 0.000000
vt 0.055420 0.000000 0.000000
vt 0.055420 0.100000 0.000000
vt 0.000000 0.100000 0.000000
vt 0.000000 0.000000 0.000000
vt 0.088882 0.000000 0.000000
vt 0.088882 0.100000 0.000000
vt 0.000000 0.100000 0.000000
vt 0.000000 0.000000 0.000000
vt 0.087836 0.000000 0.000000
vt 0.087836 0.100000 0.000000
vt 0.000000 0.100000 0.000000
vt 0.055943 -0.042872 0.000000
vt 0.055943 0.042872 0.000000
vt -0.055943 0.042872 0.000000
vt -0.055943 -0.042872 0.000000
vt 0.000000 0.000000 0.000000
vt 0.099338 0.000000 0.000000
vt 0.099338 0.100000 0.000000
vt 0.000000 0.100000 0.000000
vt 0.000000 0.000000 0.000000
vt 0.075288 0.000000 0.000000
vt 0.075288 0.100000 0.000000
vt 0.000000 0.100000 0.000000
vt 0.000000 0.000000 0.000000
vt 0.094110 0.000000 0.000000
vt 0.094110 0.100000 0.000000
vt 0.000000 0.100000 0.000000
vt 0.000000 0.000000 0.000000
vt 0.062740 0.000000 0.000000
vt 0.062740 0.100000 0.000000
vt 0.000000 0.100000 0.000000
vt 0.048101 -0.043918 0.000000
vt 0.048101 0.043918 0.000000
vt -0.048101 0.043918 0.000000
vt -0.048101 -0.043918 0.000000
vt 0.000000 0.000000 0.000000
vt 0.120252 0.000000 0.000000
vt 0.120252 0.100000 0.000000
vt 0.000000 0.100000 0.000000
vt 0.000000 0.000000 0.000000
vt 0.088882 0.000000 0.000000
vt 0.088882 0.100000 0.000000
vt 0.000000 0.100000 0.000000
vt 0.000000 0.000000 0.000000
vt 0.074242 0.000000 0.000000
vt 0.074242 0.100000 0.000000
vt 0.000000 0.100000 0.000000
vt 0.000000 0.000000 0.000000
vt 0.055420 0.000000 0.000000
vt 0.055420 0.100000 0.000000
vt 0.000000 0.100000 0.000000
vt 0.044441 -0.031370 0.000000
vt 0.044441 0.031370 0.000000
vt -0.044441 0.031370 0.000000
vt -0.044441 -0.031370 0.000000
vt 0.000000 0.000000 0.000000
vt 0.103636 0.000000 0.000000
vt 0.103636 0.100000 0.000000
vt 0.000000 0.100000 0.000000
vt 0.000000 0.000000 0.000000
vt 0.100384 0.000000 0.000000
vt 0.100384 0.100000 0.000000
vt 0.000000 0.100000 0.000000
vt 0.000000 0.000000 0.000000
vt 0.099338 0.000000 0.000000
vt 0.099338 0.100000 0.000000
vt 0.000000 0.100000 0.000000
vt 0.000000 0.000000 0.000000
vt 0.075288 0.000000 0.000000
vt 0.075288 0.100000 0.000000
vt 0.000000 0.100000 0.000000
vt 0.047055 -0.027710 0.000000
vt 0.047055 0.027710 0.000000
vt -0.047055 0.027710 0.000000
vt -0.047055 -0.027710 0.000000
vt 0.000000 0.000000 0.000000
vt 0.174366 0.000000 0.000000
vt 0.174366 0.100000 0.000000
vt 0.000000 0.100000 0.000000
vt 0.000000 0.000000 0.000000
vt 0.120252 0.000000 0.000000
vt 0.120252 0.100000 0.000000
vt 0.000000 0.100000 0.000000
vt 0.000000 0.000000 0.000000
vt 0.088882 0.000000 0.000000
vt 0.088882 0.100000 0.000000
vt 0.000000 0.100000 0.000000
vt 0.037121 -0.037644 0.000000
vt 0.037121 0.037644 0.000000
vt -0.037121 0.037644 0.000000
vt -0.037121 -0.037644 0.000000
vt 0.000000 0.000000 0.000000
vt 0.103636 0.000000 0.000000
vt 0.103636 0.100000 0.000000
vt 0.000000 0.100000 0.000000
vt 0.000000 0.000000 0.000000
vt 0.100384 0.000000 0.000000
vt 0.100384 0.100000 0.000000
vt 0.000000 0.100000 0.000000
vt 0.049669 -0.044441 0.000000
vt 0.049669 0.044441 0.000000
vt -0.049669 0.044441 0.000000
vt -0.049669 -0.044441 0.000000
vt 0.000000 0.000000 0.000000
vt 0.174366 0.000000 0.000000
vt 0.174366 0.100000 0.000000
vt 0.000000 0.100000 0.000000
vt 0.060126 -0.050192 0.000000
vt 0.060126 0.050192 0.000000
vt -0.060126 0.050192 0.000000
vt -0.060126 -0.050192 0.000000
vt 0.051818 -0.087183 0.000000
vt 0.051818 0.087183 0.000000
vt -0.051818 0.087183 0.000000
vt -0.051818 -0.087183 0.000000
vt 0.112941 -0.044194 0.000000
vt 0.112941 0.044194 0.000000
vt -0.037647 0.044194 0.000000
vt -0.037647 -0.044194 0.000000
vt 0.112941 -0.044194 0.000000
vt 0.112941 0.044194 0.000000
vt -0.037647 0.044194 0.000000
vt -0.037647 -0.044194 0.000000
vt 0.021212 -0.075294 0.000000
vt 0.021212 0.075294 0.000000
vt -0.021212 0.075294 0.000000
vt -0.021212 -0.075294 0.000000
vt 0.167424 0.737500 0.000000
vt 0.104924 0.800000 0.000000
vt 0.062500 0.800000 0.000000
vt 0.000000 0.737500 0.000000
vt 0.000000 0.000000 0.000000
vt 0.167424 0.000000 0.000000
vt 0.110559 -0.044194 0.000000
vt 0.110559 0.044194 0.000000
vt -0.036853 0.044194 0.000000
vt -0.036853 -0.044194 0.000000
vt 0.110559 -0.044194 0.000000
vt 0.110559 0.044194 0.000000
vt -0.036853 0.044194 0.000000
vt -0.036853 -0.044194 0.000000
vt 0.003836 -0.073706 0.000000
vt 0.003836 0.073706 0.000000
vt -0.003836 0.073706 0.000000
vt -0.003836 -0.073706 0.000000
vt 0.132671 0.187500 0.000000
vt 0.070171 0.250000 0.000000
vt 0.062500 0.250000 0.000000
vt 0.000000 0.187500 0.000000
vt 0.000000 0.000000 0.000000
vt 0.132671 0.000000 0.000000
vt 0.080156 -0.044194 0.000000
vt 0.080156 0.044194 0.000000
vt -0.026719 0.044194 0.000000
vt -0.026719 -0.044194 0.000000
vt 0.106874 0.187500 0.000000
vt 0.000000 0.187500 0.000000
vt 0.000000 0.000000 0.000000
vt 0.106874 0.000000 0.000000
vt 0.062500 0.250000 0.000000
vt 0.000000 0.187500 0.000000
vt 0.000000 0.000000 0.000000
vt 0.105031 0.000000 0.000000
vt 0.105031 0.250000 0.000000
vt -0.088551 0.000000 0.000000
vt -0.000000 0.000000 0.000000
vt -0.000000 0.050000 0.000000
vt -0.088551 0.050000 0.000000
vt -0.090329 0.000000 0.000000
vt -0.000000 0.000000 0.000000
vt -0.000000 0.050000 0.000000
vt -0.090329 0.050000 0.000000
vt -0.127452 0.000000 0.000000
vt -0.000000 0.000000 0.000000
vt -0.000000 0.050000 0.000000
vt -0.127452 0.050000 0.000000
vt -0.029249 0.000000 0.000000
vt -0.000000 0.000000 0.000000
vt -0.000000 0.050000 0.000000
vt -0.029249 0.050000 0.000000
vt -0.092637 0.000000 0.000000
vt -0.000000 0.000000 0.000000
vt -0.000000 0.050000 0.000000
vt -0.092637 0.050000 0.000000
vt -0.078328 0.000000 0.000000
vt -0.000000 0.000000 0.000000
vt -0.000000 0.050000 0.000000
vt -0.078328 0.050000 0.000000
vt -0.027754 0.000000 0.000000
vt -0.000000 0.000000 0.000000
vt -0.000000 0.050000 0.000000
vt -0.027754 0.050000 0.000000
vt -0.118798 0.000000 0.000000
vt -0.000000 0.000000 0.000000
vt -0.000000 0.050000 0.000000
vt -0.118798 0.050000 0.000000
vt -0.244132 0.000000 0.000000
vt -0.000000 0.000000 0.000000
vt -0.000000 0.050000 0.000000
vt -0.244132 0.050000 0.000000
vt -0.051426 0.000000 0.000000
vt -0.000000 0.000000 0.000000
vt -0.000000 0.050000 0.000000
vt -0.051426 0.050000 0.000000
vt 0.050000 -0.082497 0.000000
vt 0.050000 -0.065997 0.000000
vt 0.050000 -0.049498 0.000000
vt 0.050000 -0.032999 0.000000
vt 0.050000 -0.016499 0.000000
vt 0.050000 0.000000 0.000000
vt 0.050000 0.016499 0.000000
vt 0.050000 0.032999 0.000000
vt 0.050000 0.049498 0.000000
vt 0.050000 0.065997 0.000000
vt 0.000000 0.082497 0.000000
vt 0.000000 0.065997 0.000000
vt 0.000000 0.049498 0.000000
vt 0.000000 0.032999 0.000000
vt 0.000000 0.016499 0.000000
vt 0.000000 0.000000 0.000000
vt 0.000000 -0.016499 0.000000
vt 0.000000 -0.032999 0.000000
vt 0.000000 -0.049498 0.000000
vt 0.000000 -0.065997 0.000000
vt 0.000000 -0.082497 0.000000
vt 0.050000 0.082497 0.000000
vt -0.087615 0.000000 0.000000
vt -0.000000 0.000000 0.000000
vt -0.000000 0.050000 0.000000
vt -0.087615 0.050000 0.000000
vt -0.140371 0.000000 0.000000
vt -0.000000 0.000000 0.000000
vt -0.000000 0.050000 0.000000
vt -0.140371 0.050000 0.000000
vt -0.055179 0.000000 0.000000
vt -0.000000 0.000000 0.000000
vt -0.000000 0.050000 0.000000
vt -0.055179 0.050000 0.000000
vt -0.135505 0.000000 0.000000
vt -0.000000 0.000000 0.000000
vt -0.000000 0.050000 0.000000
vt -0.135505 0.050000 0.000000
vt -0.037764 0.000000 0.000000
vt -0.000000 0.000000 0.000000
vt -0.000000 0.050000 0.000000
vt -0.037764 0.050000 0.000000
vt -0.000000 0.026260 0.000000
vt -0.015435 0.021244 0.000000
vt -0.024974 0.008115 0.000000
vt -0.024974 -0.008115 0.000000
vt -0.015435 -0.021244 0.000000
vt -0.000000 -0.026260 0.000000
vt 0.015435 -0.021244 0.000000
vt 0.024974 -0.008115 0.000000
vt 0.024974 0.008115 0.000000
vt 0.015435 0.021244 0.000000
vt -0.061737 0.000000 0.000000
vt -0.000000 0.000000 0.000000
vt -0.000000 0.050000 0.000000
vt -0.061737 0.050000 0.000000
vt -0.033452 0.000000 0.000000
vt -0.000000 0.000000 0.000000
vt -0.000000 0.050000 0.000000
vt -0.033452 0.050000 0.000000
vt -0.133381 0.000000 0.000000
vt -0.000000 0.000000 0.000000
vt -0.000000 0.050000 0.000000
vt -0.133381 0.050000 0.000000
vt -0.160385 0.000000 0.000000
vt -0.000000 0.000000 0.000000
vt -0.000000 0.050000 0.000000
vt -0.160385 0.050000 0.000000
vt 0.000000 0.334271 0.000000
vt 0.000000 0.300874 0.000000
vt 0.000000 0.267476 0.000000
vt 0.000000 0.234078 0.000000
vt 0.000000 0.200681 0.000000
vt 0.000000 0.167283 0.000000
vt 0.000000 0.133885 0.000000
vt 0.000000 0.100488 0.000000
vt 0.000000 0.067090 0.000000
vt 0.000000 0.033692 0.000000
vt 0.000000 0.000295 0.000000
vt 0.000000 -0.033103 0.000000
vt 0.000000 -0.066501 0.000000
vt 0.050000 -0.066501 0.000000
vt 0.050000 -0.033103 0.000000
vt 0.050000 0.000295 0.000000
vt 0.050000 0.033692 0.000000
vt 0.050000 0.067090 0.000000
vt 0.050000 0.100488 0.000000
vt 0.050000 0.133885 0.000000
vt 0.050000 0.167283 0.000000
vt 0.050000 0.200681 0.000000
vt 0.050000 0.234078 0.000000
vt 0.050000 0.267476 0.000000
vt 0.050000 0.300874 0.000000
vt 0.050000 0.334271 0.000000
vt -0.179913 0.000000 0.000000
vt -0.000000 0.000000 0.000000
vt -0.000000 0.050000 0.000000
vt -0.179913 0.050000 0.000000
vt -0.100012 0.000000 0.000000
vt -0.000000 0.000000 0.000000
vt -0.000000 0.050000 0.000000
vt -0.100012 0.050000 0.000000
vt -0.154716 0.000000 0.000000
vt -0.000000 0.000000 0.000000
vt -0.000000 0.050000 0.000000
vt -0.154716 0.050000 0.000000
vt -0.091602 0.000000 0.000000
vt -0.000000 0.000000 0.000000
vt -0.000000 0.050000 0.000000
vt -0.091602 0.050000 0.000000
vt -0.070205 0.000000 0.000000
vt -0.000000 0.000000 0.000000
vt -0.000000 0.050000 0.000000
vt -0.070205 0.050000 0.000000
vt -0.060214 0.000000 0.000000
vt -0.000000 0.000000 0.000000
vt -0.000000 0.050000 0.000000
vt -0.060214 0.050000 0.000000
vt -0.098906 0.106071 0.000000
vt -0.098906 0.045857 0.000000
vt -0.010355 0.045857 0.000000
vt -0.019210 -0.081287 0.000000
vt -0.094367 -0.103347 0.000000
vt -0.079884 -0.152691 0.000000
vt 0.050136 -0.114528 0.000000
vt 0.050136 0.045857 0.000000
vt 0.120341 0.045857 0.000000
vt 0.120341 0.106071 0.000000
vt -0.050000 0.132409 0.000000
vt -0.050000 0.110341 0.000000
vt -0.050000 0.088273 0.000000
vt -0.050000 0.066205 0.000000
vt -0.050000 0.044136 0.000000
vt -0.050000 0.022068 0.000000
vt -0.050000 0.000000 0.000000
vt -0.050000 -0.022068 0.000000
vt -0.050000 -0.044136 0.000000
vt -0.050000 -0.066205 0.000000
vt -0.050000 -0.088273 0.000000
vt -0.050000 -0.110341 0.000000
vt -0.000000 -0.132409 0.000000
vt -0.000000 -0.110341 0.000000
vt -0.000000 -0.088273 0.000000
vt -0.000000 -0.066205 0.000000
vt -0.000000 -0.044136 0.000000
vt -0.000000 -0.022068 0.000000
vt -0.000000 0.000000 0.000000
vt -0.000000 0.022068 0.000000
vt -0.000000 0.044136 0.000000
vt -0.000000 0.066205 0.000000
vt -0.000000 0.088273 0.000000
vt -0.000000 0.110341 0.000000
vt -0.000000 0.132409 0.000000
vt -0.050000 -0.132409 0.000000
vt -0.042260 0.000000 0.000000
vt -0.000000 0.000000 0.000000
vt -0.000000 0.050000 0.000000
vt -0.042260 0.050000 0.000000
vt -0.037764 0.000000 0.000000
vt -0.000000 0.000000 0.000000
vt -0.000000 0.050000 0.000000
vt -0.037764 0.050000 0.000000
vt -0.031476 0.000000 0.000000
vt -0.000000 0.000000 0.000000
vt -0.000000 0.050000 0.000000
vt -0.031476 0.050000 0.000000
vt -0.113857 0.000000 0.000000
vt -0.000000 0.000000 0.000000
vt -0.000000 0.050000 0.000000
vt -0.113857 0.050000 0.000000
vt -0.079422 0.000000 0.000000
vt -0.000000 0.000000 0.000000
vt -0.000000 0.050000 0.000000
vt -0.079422 0.050000 0.000000
vt -0.250522 0.000000 0.000000
vt -0.000000 0.000000 0.000000
vt -0.000000 0.050000 0.000000
vt -0.250522 0.050000 0.000000
vt -0.116903 0.120059 0.000000
vt -0.062689 -0.124527 0.000000
vt -0.009715 -0.051362 0.000000
vt 0.038771 -0.130297 0.000000
vt 0.138006 0.092756 0.000000
vt 0.082826 0.092756 0.000000
vt 0.042077 -0.034248 0.000000
vt 0.002659 0.048439 0.000000
vt -0.036202 -0.020826 0.000000
vt -0.089796 0.120059 0.000000
vt -0.060214 0.000000 0.000000
vt -0.000000 0.000000 0.000000
vt -0.000000 0.050000 0.000000
vt -0.060214 0.050000 0.000000
vt -0.051036 0.000000 0.000000
vt -0.000000 0.000000 0.000000
vt -0.000000 0.050000 0.000000
vt -0.051036 0.050000 0.000000
vt 0.050000 -0.245002 0.000000
vt 0.050000 -0.216178 0.000000
vt 0.050000 -0.187355 0.000000
vt 0.050000 -0.158531 0.000000
vt 0.050000 -0.129707 0.000000
vt 0.050000 -0.100883 0.000000
vt 0.050000 -0.072059 0.000000
vt 0.050000 -0.043236 0.000000
vt 0.050000 -0.014412 0.000000
vt 0.050000 0.014412 0.000000
vt 0.050000 0.043236 0.000000
vt 0.050000 0.072059 0.000000
vt 0.050000 0.100883 0.000000
vt 0.050000 0.129707 0.000000
vt 0.050000 0.158531 0.000000
vt 0.050000 0.187355 0.000000
vt 0.050000 0.216178 0.000000
vt 0.000000 0.245002 0.000000
vt 0.000000 0.216178 0.000000
vt 0.000000 0.187355 0.000000
vt 0.000000 0.158531 0.000000
vt 0.000000 0.129707 0.000000
vt 0.000000 0.100883 0.000000
vt 0.000000 0.072059 0.000000
vt 0.000000 0.043236 0.000000
vt 0.000000 0.014412 0.000000
vt 0.000000 -0.014412 0.000000
vt 0.000000 -0.043236 0.000000
vt 0.000000 -0.072059 0.000000
vt 0.000000 -0.100883 0.000000
vt 0.000000 -0.129707 0.000000
vt 0.000000 -0.158531 0.000000
vt 0.000000 -0.187355 0.000000
vt 0.000000 -0.216178 0.000000
vt 0.000000 -0.245002 0.000000
vt 0.050000 0.245002 0.000000
vt -0.000000 0.143600 0.000000
vt -0.000000 0.171621 0.000000
vt -0.000000 0.199642 0.000000
vt -0.000000 -0.196147 0.000000
vt -0.000000 -0.168126 0.000000
vt -0.000000 -0.140105 0.000000
vt -0.000000 -0.112084 0.000000
vt -0.000000 -0.084063 0.000000
vt -0.000000 -0.056042 0.000000
vt -0.000000 -0.028021 0.000000
vt -0.000000 0.000000 0.000000
vt -0.050000 0.000000 0.000000
vt -0.050000 -0.028021 0.000000
vt -0.050000 -0.056042 0.000000
vt -0.050000 -0.084063 0.000000
vt -0.050000 -0.112084 0.000000
vt -0.050000 -0.140105 0.000000
vt -0.050000 -0.168126 0.000000
vt -0.050000 0.227663 0.000000
vt -0.050000 0.199642 0.000000
vt -0.050000 0.171621 0.000000
vt -0.050000 0.143600 0.000000
vt -0.000000 0.227663 0.000000
vt -0.000000 0.227663 0.000000
vt -0.050000 -0.196147 0.000000
vt -0.050000 -0.196147 0.000000
vt -0.179913 0.000000 0.000000
vt -0.000000 0.000000 0.000000
vt -0.000000 0.050000 0.000000
vt -0.179913 0.050000 0.000000
vt -0.140507 0.000000 0.000000
vt -0.000000 0.000000 0.000000
vt -0.000000 0.050000 0.000000
vt -0.140507 0.050000 0.000000
vt -0.030010 0.000000 0.000000
vt -0.000000 0.000000 0.000000
vt -0.000000 0.050000 0.000000
vt -0.030010 0.050000 0.000000
vt -0.281774 0.000000 0.000000
vt -0.000000 0.000000 0.000000
vt -0.000000 0.050000 0.000000
vt -0.281774 0.050000 0.000000
vt -0.150735 0.000000 0.000000
vt -0.000000 0.000000 0.000000
vt -0.000000 0.050000 0.000000
vt -0.150735 0.050000 0.000000
vt -0.219246 0.000000 0.000000
vt -0.000000 0.000000 0.000000
vt -0.000000 0.050000 0.000000
vt -0.219246 0.050000 0.000000
vt -0.074347 0.000000 0.000000
vt -0.000000 0.000000 0.000000
vt -0.000000 0.050000 0.000000
vt -0.074347 0.050000 0.000000
vt -0.000000 0.042147 0.000000
vt 0.021074 0.036500 0.000000
vt 0.036500 0.021074 0.000000
vt 0.042147 0.000000 0.000000
vt 0.036500 -0.021074 0.000000
vt 0.021074 -0.036500 0.000000
vt -0.000000 -0.042147 0.000000
vt -0.021074 -0.036500 0.000000
vt -0.036500 -0.021074 0.000000
vt -0.042147 0.000000 0.000000
vt -0.036500 0.021074 0.000000
vt -0.021074 0.036500 0.000000
vt -0.000000 0.077987 0.000000
vt -0.028172 0.072720 0.000000
vt -0.052539 0.057633 0.000000
vt -0.069811 0.034762 0.000000
vt -0.077654 0.007196 0.000000
vt -0.075010 -0.021342 0.000000
vt -0.062235 -0.046997 0.000000
vt -0.041055 -0.066306 0.000000
vt -0.014330 -0.076659 0.000000
vt 0.014330 -0.076659 0.000000
vt 0.041055 -0.066306 0.000000
vt 0.062235 -0.046997 0.000000
vt 0.075010 -0.021342 0.000000
vt 0.077654 0.007196 0.000000
vt 0.069811 0.034762 0.000000
vt 0.052539 0.057633 0.000000
vt 0.028172 0.072720 0.000000
vt -0.042260 0.000000 0.000000
vt -0.000000 0.000000 0.000000
vt -0.000000 0.050000 0.000000
vt -0.042260 0.050000 0.000000
vt -0.120967 0.000000 0.000000
vt -0.000000 0.000000 0.000000
vt -0.000000 0.050000 0.000000
vt -0.120967 0.050000 0.000000
vt -0.128110 0.000000 0.000000
vt -0.000000 0.000000 0.000000
vt -0.000000 0.050000 0.000000
vt -0.128110 0.050000 0.000000
vt -0.089688 0.000000 0.000000
vt -0.000000 0.000000 0.000000
vt -0.000000 0.050000 0.000000
vt -0.089688 0.050000 0.000000
vt -0.044412 0.147133 0.000000
vt -0.044412 -0.134642 0.000000
vt -0.015164 -0.134642 0.000000
vt -0.015164 -0.015844 0.000000
vt 0.059610 -0.134642 0.000000
vt 0.084597 -0.112401 0.000000
vt -0.003634 0.014691 0.000000
vt 0.059610 0.109368 0.000000
vt 0.034655 0.126037 0.000000
vt -0.015164 0.051458 0.000000
vt -0.008446 0.147133 0.000000
vt -0.027107 0.000000 0.000000
vt -0.000000 0.000000 0.000000
vt -0.000000 0.050000 0.000000
vt -0.027107 0.050000 0.000000
vt -0.065527 0.000000 0.000000
vt -0.000000 0.000000 0.000000
vt -0.000000 0.050000 0.000000
vt -0.065527 0.050000 0.000000
vt 0.062361 0.062025 0.000000
vt 0.060351 0.104237 0.000000
vt 0.027284 0.107822 0.000000
vt -0.005274 0.101021 0.000000
vt -0.034142 0.084501 0.000000
vt -0.056498 0.059874 0.000000
vt -0.070159 0.029548 0.000000
vt -0.073789 -0.003514 0.000000
vt -0.067034 -0.036081 0.000000
vt -0.050553 -0.064972 0.000000
vt -0.025958 -0.087362 0.000000
vt 0.004349 -0.101065 0.000000
vt 0.037406 -0.104741 0.000000
vt 0.069983 -0.098031 0.000000
vt 0.067973 -0.055819 0.000000
vt 0.041803 -0.065259 0.000000
vt 0.014050 -0.063334 0.000000
vt -0.010566 -0.050373 0.000000
vt -0.027858 -0.028579 0.000000
vt -0.034883 -0.001661 0.000000
vt -0.030447 0.025803 0.000000
vt -0.015305 0.049141 0.000000
vt 0.007968 0.064383 0.000000
vt 0.035413 0.068936 0.000000
vt -0.018882 0.089957 0.000000
vt -0.018882 -0.089957 0.000000
vt 0.018882 -0.089957 0.000000
vt 0.018882 0.089957 0.000000
vt -0.061605 0.064443 0.000000
vt -0.061605 -0.063667 0.000000
vt -0.033851 -0.063667 0.000000
vt -0.033851 0.023948 0.000000
vt 0.027886 0.023948 0.000000
vt 0.027886 -0.076064 0.000000
vt 0.059361 -0.076064 0.000000
vt 0.059361 0.064443 0.000000
vt -0.095910 0.000000 0.000000
vt -0.000000 0.000000 0.000000
vt -0.000000 0.050000 0.000000
vt -0.095910 0.050000 0.000000
vt -0.035966 0.000000 0.000000
vt -0.000000 0.000000 0.000000
vt -0.000000 0.050000 0.000000
vt -0.035966 0.050000 0.000000
vt -0.074347 0.000000 0.000000
vt -0.000000 0.000000 0.000000
vt -0.000000 0.050000 0.000000
vt -0.074347 0.050000 0.000000
vt -0.047587 0.000000 0.000000
vt -0.000000 0.000000 0.000000
vt -0.000000 0.050000 0.000000
vt -0.047587 0.050000 0.000000
vt -0.128110 0.000000 0.000000
vt -0.000000 0.000000 0.000000
vt -0.000000 0.050000 0.000000
vt -0.128110 0.050000 0.000000
vt -0.113114 0.000000 0.000000
vt -0.000000 0.000000 0.000000
vt -0.000000 0.050000 0.000000
vt -0.113114 0.050000 0.000000
vt -0.290889 0.000000 0.000000
vt -0.000000 0.000000 0.000000
vt -0.000000 0.050000 0.000000
vt -0.290889 0.050000 0.000000
vt -0.064927 0.173439 0.000000
vt -0.064927 -0.117450 0.000000
vt -0.013891 -0.117450 0.000000
vt -0.013891 -0.043102 0.000000
vt 0.051637 -0.043102 0.000000
vt 0.051637 -0.117450 0.000000
vt 0.099223 -0.117450 0.000000
vt 0.099223 0.010660 0.000000
vt -0.013891 0.010660 0.000000
vt -0.013891 0.173439 0.000000
vt -0.162779 0.000000 0.000000
vt -0.000000 0.000000 0.000000
vt -0.000000 0.050000 0.000000
vt -0.162779 0.050000 0.000000
vt -0.051036 0.000000 0.000000
vt -0.000000 0.000000 0.000000
vt -0.000000 0.050000 0.000000
vt -0.051036 0.050000 0.000000
vt -0.000000 -0.889000 0.000000
vt 0.101338 -0.883205 0.000000
vt 0.201356 -0.865897 0.000000
vt 0.298748 -0.837300 0.000000
vt 0.392246 -0.797787 0.000000
vt 0.480630 -0.747874 0.000000
vt 0.562748 -0.688212 0.000000
vt 0.637530 -0.619578 0.000000
vt 0.704001 -0.542866 0.000000
vt 0.761294 -0.459077 0.000000
vt 0.808663 -0.369304 0.000000
vt 0.845489 -0.274716 0.000000
vt 0.871293 -0.176547 0.000000
vt 0.885739 -0.076076 0.000000
vt 0.888637 0.025386 0.000000
vt 0.879951 0.126518 0.000000
vt 0.859794 0.226000 0.000000
vt 0.828427 0.322536 0.000000
vt 0.786261 0.414867 0.000000
vt 0.733845 0.501790 0.000000
vt 0.671861 0.582171 0.000000
vt 0.601119 0.654963 0.000000
vt 0.522541 0.719216 0.000000
vt 0.437151 0.774093 0.000000
vt 0.346061 0.818879 0.000000
vt 0.250460 0.852989 0.000000
vt 0.151594 0.875980 0.000000
vt 0.050752 0.887550 0.000000
vt -0.050752 0.887550 0.000000
vt -0.151594 0.875980 0.000000
vt -0.250460 0.852989 0.000000
vt -0.346061 0.818879 0.000000
vt -0.437151 0.774093 0.000000
vt -0.522541 0.719216 0.000000
vt -0.601119 0.654963 0.000000
vt -0.671861 0.582171 0.000000
vt -0.733845 0.501790 0.000000
vt -0.786261 0.414867 0.000000
vt -0.828427 0.322536 0.000000
vt -0.859794 0.226000 0.000000
vt -0.879951 0.126518 0.000000
vt -0.888637 0.025386 0.000000
vt -0.885739 -0.076076 0.000000
vt -0.871293 -0.176547 0.000000
vt -0.845489 -0.274716 0.000000
vt -0.808663 -0.369304 0.000000
vt -0.761294 -0.459077 0.000000
vt -0.704001 -0.542866 0.000000
vt -0.637530 -0.619578 0.000000
vt -0.562748 -0.688212 0.000000
vt -0.480630 -0.747874 0.000000
vt -0.392246 -0.797787 0.000000
vt -0.298748 -0.837300 0.000000
vt -0.201356 -0.865897 0.000000
vt -0.101338 -0.883205 0.000000
vt 0.112276 0.053125 0.000000
vt 0.061240 0.053125 0.000000
vt 0.061240 0.344014 0.000000
vt 0.112276 0.344014 0.000000
vt 0.112276 0.181235 0.000000
vt 0.225390 0.181235 0.000000
vt 0.225390 0.053125 0.000000
vt 0.177803 0.053125 0.000000
vt 0.177803 0.127472 0.000000
vt 0.112276 0.127472 0.000000
vt -0.111180 0.216489 0.000000
vt -0.083008 0.211223 0.000000
vt -0.058641 0.196135 0.000000
vt -0.041370 0.173264 0.000000
vt -0.033527 0.145698 0.000000
vt -0.036171 0.117160 0.000000
vt -0.048946 0.091505 0.000000
vt -0.070126 0.072197 0.000000
vt -0.096850 0.061844 0.000000
vt -0.125510 0.061844 0.000000
vt -0.152235 0.072197 0.000000
vt -0.173415 0.091505 0.000000
vt -0.186190 0.117160 0.000000
vt -0.188834 0.145698 0.000000
vt -0.180991 0.173264 0.000000
vt -0.163720 0.196135 0.000000
vt -0.139353 0.211223 0.000000
vt 0.166269 -0.337070 0.000000
vt 0.133692 -0.343780 0.000000
vt 0.100635 -0.340104 0.000000
vt 0.070328 -0.326401 0.000000
vt 0.045732 -0.304011 0.000000
vt 0.029252 -0.275120 0.000000
vt 0.022496 -0.242553 0.000000
vt 0.026127 -0.209491 0.000000
vt 0.039787 -0.179165 0.000000
vt 0.062144 -0.154538 0.000000
vt 0.091012 -0.138018 0.000000
vt 0.123570 -0.131217 0.000000
vt 0.156637 -0.134802 0.000000
vt 0.158647 -0.177014 0.000000
vt 0.131699 -0.170103 0.000000
vt 0.104254 -0.174656 0.000000
vt 0.080981 -0.189898 0.000000
vt 0.065838 -0.213236 0.000000
vt 0.061403 -0.240700 0.000000
vt 0.068428 -0.267618 0.000000
vt 0.085720 -0.289412 0.000000
vt 0.110336 -0.302373 0.000000
vt 0.138089 -0.304297 0.000000
vt 0.164258 -0.294857 0.000000
vt -0.038466 -0.316426 0.000000
vt -0.076230 -0.316426 0.000000
vt -0.076230 -0.136513 0.000000
vt -0.038466 -0.136513 0.000000
vt -0.057348 -0.059761 0.000000
vt -0.041913 -0.064776 0.000000
vt -0.032374 -0.077906 0.000000
vt -0.032374 -0.094135 0.000000
vt -0.041913 -0.107265 0.000000
vt -0.057348 -0.112280 0.000000
vt -0.072783 -0.107265 0.000000
vt -0.082322 -0.094135 0.000000
vt -0.082322 -0.077906 0.000000
vt -0.072783 -0.064776 0.000000
vt 0.318027 0.053125 0.000000
vt 0.290273 0.053125 0.000000
vt 0.290273 0.181235 0.000000
vt 0.411240 0.181235 0.000000
vt 0.411240 0.040728 0.000000
vt 0.379765 0.040728 0.000000
vt 0.379765 0.140740 0.000000
vt 0.318027 0.140740 0.000000
vt 0.284989 -0.356289 0.000000
vt 0.255741 -0.356289 0.000000
vt 0.255741 -0.074515 0.000000
vt 0.291707 -0.074515 0.000000
vt 0.284989 -0.170190 0.000000
vt 0.334808 -0.095610 0.000000
vt 0.359763 -0.112280 0.000000
vt 0.296519 -0.206956 0.000000
vt 0.384750 -0.334048 0.000000
vt 0.359763 -0.356289 0.000000
vt 0.284989 -0.237492 0.000000
vt -0.303942 -0.237492 0.000000
vt -0.356915 -0.310656 0.000000
vt -0.411129 -0.066071 0.000000
vt -0.384022 -0.066071 0.000000
vt -0.330428 -0.206956 0.000000
vt -0.291567 -0.137691 0.000000
vt -0.252149 -0.220378 0.000000
vt -0.211400 -0.093373 0.000000
vt -0.156220 -0.093373 0.000000
vt -0.255455 -0.316426 0.000000
vt -0.360249 0.241860 0.000000
vt -0.448800 0.241860 0.000000
vt -0.448800 0.302074 0.000000
vt -0.229553 0.302074 0.000000
vt -0.229553 0.241860 0.000000
vt -0.299758 0.241860 0.000000
vt -0.299758 0.081475 0.000000
vt -0.429778 0.043312 0.000000
vt -0.444261 0.092656 0.000000
vt -0.369104 0.114716 0.000000
vn -0.707107 0.000000 0.707107
vn -0.707107 0.000000 0.707107
vn -0.707107 0.000000 0.707107
vn -0.707107 0.000000 0.707107
vn -1.000000 0.000000 0.000000
vn -1.000000 0.000000 0.000000
vn -1.000000 0.000000 0.000000
vn -1.000000 0.000000 0.000000
vn -1.000000 0.000000 0.000000
vn -1.000000 0.000000 0.000000
vn -1.000000 0.000000 0.000000
vn -1.000000 0.000000 0.000000
vn -1.000000 0.000000 0.000000
vn -1.000000 0.000000 0.000000
vn -1.000000 0.000000 0.000000
vn -1.000000 0.000000 0.000000
vn 0.000000 1.000000 0.000000
vn 0.000000 1.000000 0.000000
vn 0.000000 1.000000 0.000000
vn 0.000000 1.000000 0.000000
vn 0.000000 1.000000 0.000000
vn 0.000000 1.000000 0.000000
vn 0.000000 1.000000 0.000000
vn 0.000000 1.000000 0.000000
vn 0.000000 1.000000 0.000000
vn 0.000000 1.000000 0.000000
vn 0.000000 1.000000 0.000000
vn 0.000000 1.000000 0.000000
vn 0.000000 1.000000 0.000000
vn 0.000000 1.000000 0.000000
vn 0.000000 1.000000 0.000000
vn 0.000000 1.000000 0.000000
vn 0.000000 1.000000 0.000000
vn 0.000000 1.000000 0.000000
vn 0.000000 1.000000 0.000000
vn 0.000000 1.000000 0.000000
vn 0.000000 1.000000 0.000000
vn 0.000000 1.000000 0.000000
vn 0.000000 1.000000 0.000000
vn 0.000000 1.000000 0.000000
vn 0.000000 1.000000 0.000000
vn 0.000000 1.000000 0.000000
vn 0.000000 1.000000 0.000000
vn 0.000000 1.000000 0.000000
vn 0.707107 0.000000 0.707107
vn 0.707107 0.000000 0.707107
vn 0.707107 0.000000 0.707107
vn 0.707107 0.000000 0.707107
vn 1.000000 0.000000 0.000000
vn 1.000000 0.000000 0.000000
vn 1.000000 0.000000 0.000000
vn 1.000000 0.000000 0.000000
vn 1.000000 0.000000 0.000000
vn 1.000000 0.000000 0.000000
vn 1.000000 0.000000 0.000000
vn 1.000000 0.000000 0.000000
vn 1.000000 0.000000 0.000000
vn 1.000000 0.000000 0.000000
vn 1.000000 0.000000 0.000000
vn 1.000000 0.000000 0.000000
vn -0.707107 0.000000 -0.707107
vn -0.707107 0.000000 -0.707107
vn -0.707107 0.000000 -0.707107
vn -0.707107 0.000000 -0.707107
vn 0.000000 0.000000 -1.000000
vn 0.000000 0.000000 -1.000000
vn 0.000000 0.000000 -1.000000
vn 0.000000 0.000000 -1.000000
vn 0.000000 1.000000 0.000000
vn 0.000000 1.000000 0.000000
vn 0.000000 1.000000 0.000000
vn 0.000000 1.000000 0.000000
vn 0.000000 1.000000 0.000000
vn 0.000000 1.000000 0.000000
vn 0.000000 1.000000 0.000000
vn 0.000000 1.000000 0.000000
vn 0.000000 1.000000 0.000000
vn 0.000000 1.000000 0.000000
vn 0.000000 1.000000 0.000000
vn 0.000000 1.000000 0.000000
vn 0.000000 1.000000 0.000000
vn 0.000000 1.000000 0.000000
vn 0.000000 1.000000 0.000000
vn 0.000000 1.000000 0.000000
vn 0.000000 1.000000 0.000000
vn 0.000000 1.000000 0.000000
vn 0.000000 1.000000 0.000000
vn 0.000000 1.000000 0.000000
vn 0.000000 1.000000 0.000000
vn 0.000000 1.000000 0.000000
vn 0.000000 1.000000 0.000000
vn 0.000000 1.000000 0.000000
vn 0.000000 1.000000 0.000000
vn 0.000000 1.000000 0.000000
vn 0.000000 1.000000 0.000000
vn 0.000000 1.000000 0.000000
vn 0.707107 0.000000 -0.707107
vn 0.707107 0.000000 -0.707107
vn 0.707107 0.000000 -0.707107
vn 0.707107 0.000000 -0.707107
vn -1.000000 0.000000 0.000000
vn -1.000000 0.000000 0.000000
vn -1.000000 0.000000 0.000000
vn -1.000000 0.000000 0.000000
vn 0.000000 0.000000 -1.000000
vn 0.000000 0.000000 -1.000000
vn 0.000000 0.000000 -1.000000
vn 0.000000 0.000000 -1.000000
vn 1.000000 0.000000 0.000000
vn 1.000000 0.000000 0.000000
vn 1.000000 0.000000 0.000000
vn 1.000000 0.000000 0.000000
vn 0.000000 0.000000 1.000000
vn 0.000000 0.000000 1.000000
vn 0.000000 0.000000 1.000000
vn 0.000000 0.000000 1.000000
vn 0.000000 1.000000 0.000000
vn 0.000000 1.000000 0.000000
vn 0.000000 1.000000 0.000000
vn 0.000000 1.000000 0.000000
vn -1.000000 0.000000 0.000000
vn -1.000000 0.000000 0.000000
vn -1.000000 0.000000 0.000000
vn -1.000000 0.000000 0.000000
vn 0.000000 0.000000 -1.000000
vn 0.000000 0.000000 -1.000000
vn 0.000000 0.000000 -1.000000
vn 0.000000 0.000000 -1.000000
vn 1.000000 0.000000 0.000000
vn 1.000000 0.000000 0.000000
vn 1.000000 0.000000 0.000000
vn 1.000000 0.000000 0.000000
vn 0.000000 0.000000 1.000000
vn 0.000000 0.000000 1.000000
vn 0.000000 0.000000 1.000000
vn 0.000000 0.000000 1.000000
vn 0.000000 1.000000 0.000000
vn 0.000000 1.000000 0.000000
vn 0.000000 1.000000 0.000000
vn 0.000000 1.000000 0.000000
vn 1.000000 0.000000 0.000000
vn 1.000000 0.000000 0.000000
vn 1.000000 0.000000 0.000000
vn 1.000000 0.000000 0.000000
vn 0.000000 0.000000 -1.000000
vn 0.000000 0.000000 -1.000000
vn 0.000000 0.000000 -1.000000
vn 0.000000 0.000000 -1.000000
vn -1.000000 0.000000 0.000000
vn -1.000000 0.000000 0.000000
vn -1.000000 0.000000 0.000000
vn -1.000000 0.000000 0.000000
vn 0.000000 0.000000 1.000000
vn 0.000000 0.000000 1.000000
vn 0.000000 0.000000 1.000000
vn 0.000000 0.000000 1.000000
vn 0.000000 1.000000 0.000000
vn 0.000000 1.000000 0.000000
vn 0.000000 1.000000 0.000000
vn 0.000000 1.000000 0.000000
vn 1.000000 0.000000 0.000000
vn 1.000000 0.000000 0.000000
vn 1.000000 0.000000 0.000000
vn 1.000000 0.000000 0.000000
vn 0.000000 0.000000 -1.000000
vn 0.000000 0.000000 -1.000000
vn 0.000000 0.000000 -1.000000
vn 0.000000 0.000000 -1.000000
vn -1.000000 0.000000 0.000000
vn -1.000000 0.000000 0.000000
vn -1.000000 0.000000 0.000000
vn -1.000000 0.000000 0.000000
vn 0.000000 0.000000 1.000000
vn 0.000000 0.000000 1.000000
vn 0.000000 0.000000 1.000000
vn 0.000000 0.000000 1.000000
vn 0.000000 1.000000 0.000000
vn 0.000000 1.000000 0.000000
vn 0.000000 1.000000 0.000000
vn 0.000000 1.000000 0.000000
vn -1.000000 0.000000 0.000000
vn -1.000000 0.000000 0.000000
vn -1.000000 0.000000 0.000000
vn -1.000000 0.000000 0.000000
vn 0.000000 0.000000 1.000000
vn 0.000000 0.000000 1.000000
vn 0.000000 0.000000 1.000000
vn 0.000000 0.000000 1.000000
vn 1.000000 0.000000 0.000000
vn 1.000000 0.000000 0.000000
vn 1.000000 0.000000 0.000000
vn 1.000000 0.000000 0.000000
vn 0.000000 0.000000 -1.000000
vn 0.000000 0.000000 -1.000000
vn 0.000000 0.000000 -1.000000
vn 0.000000 0.000000 -1.000000
vn 0.000000 1.000000 0.000000
vn 0.000000 1.000000 0.000000
vn 0.000000 1.000000 0.000000
vn 0.000000 1.000000 0.000000
vn -1.000000 0.000000 0.000000
vn -1.000000 0.000000 0.000000
vn -1.000000 0.000000 0.000000
vn -1.000000 0.000000 0.000000
vn 0.000000 0.000000 1.000000
vn 0.000000 0.000000 1.000000
vn 0.000000 0.000000 1.000000
vn 0.000000 0.000000 1.000000
vn 1.000000 0.000000 0.000000
vn 1.000000 0.000000 0.000000
vn 1.000000 0.000000 0.000000
vn 1.000000 0.000000 0.000000
vn 0.000000 0.000000 -1.000000
vn 0.000000 0.000000 -1.000000
vn 0.000000 0.000000 -1.000000
vn 0.000000 0.000000 -1.000000
vn 0.000000 1.000000 0.000000
vn 0.000000 1.000000 0.000000
vn 0.000000 1.000000 0.000000
vn 0.000000 1.000000 0.000000
vn 1.000000 0.000000 0.000000
vn 1.000000 0.000000 0.000000
vn 1.000000 0.000000 0.000000
vn 1.000000 0.000000 0.000000
vn 0.000000 0.000000 1.000000
vn 0.000000 0.000000 1.000000
vn 0.000000 0.000000 1.000000
vn 0.000000 0.000000 1.000000
vn -1.000000 0.000000 0.000000
vn -1.000000 0.000000 0.000000
vn -1.000000 0.000000 0.000000
vn -1.000000 0.000000 0.000000
vn 0.000000 0.000000 -1.000000
vn 0.000000 0.000000 -1.000000
vn 0.000000 0.000000 -1.000000
vn 0.000000 0.000000 -1.000000
vn 0.000000 1.000000 0.000000
vn 0.000000 1.000000 0.000000
vn 0.000000 1.000000 0.000000
vn 0.000000 1.000000 0.000000
vn 1.000000 0.000000 0.000000
vn 1.000000 0.000000 0.000000
vn 1.000000 0.000000 0.000000
vn 1.000000 0.000000 0.000000
vn 0.000000 0.000000 1.000000
vn 0.000000 0.000000 1.000000
vn 0.000000 0.000000 1.000000
vn 0.000000 0.000000 1.000000
vn -1.000000 0.000000 0.000000
vn -1.000000 0.000000 0.000000
vn -1.000000 0.000000 0.000000
vn -1.000000 0.000000 0.000000
vn 0.000000 0.000000 -1.000000
vn 0.000000 0.000000 -1.000000
vn 0.000000 0.000000 -1.000000
vn 0.000000 0.000000 -1.000000
vn 0.000000 1.000000 0.000000
vn 0.000000 1.000000 0.000000
vn 0.000000 1.000000 0.000000
vn 0.000000 1.000000 0.000000
vn 0.000000 0.000000 -1.000000
vn -0.382683 0.000000 -0.923880
vn -0.707107 0.000000 -0.707107
vn -0.923880 0.000000 -0.382683
vn -1.000000 0.000000 0.000000
vn -0.923880 0.000000 0.382683
vn -0.707107 0.000000 0.707107
vn -0.382683 0.000000 0.923880
vn 0.000000 0.000000 1.000000
vn 0.382683 0.000000 0.923880
vn 0.707107 0.000000 0.707107
vn 0.923880 0.000000 0.382683
vn 1.000000 0.000000 0.000000
vn 0.923880 0.000000 -0.382683
vn 0.707107 0.000000 -0.707107
vn 0.382683 0.000000 -0.923880
vn 0.000000 1.000000 0.000000
vn 0.000000 0.382683 0.923880
vn 0.000000 0.707107 0.707107
vn 0.000000 0.923880 0.382683
vn -0.353553 0.382683 -0.853553
vn -0.270598 0.707107 -0.653282
vn -0.146447 0.923880 -0.353553
vn 0.000000 0.923880 -0.382683
vn 0.000000 0.707107 -0.707107
vn 0.000000 0.382683 -0.923880
vn -0.653282 0.382683 -0.653282
vn -0.500000 0.707107 -0.500000
vn -0.270598 0.923880 -0.270598
vn -0.853553 0.382683 -0.353553
vn -0.653282 0.707107 -0.270598
vn -0.353553 0.923880 -0.146447
vn -0.923880 0.382683 0.000000
vn -0.707107 0.707107 0.000000
vn -0.382683 0.923880 0.000000
vn -0.853553 0.382683 0.353553
vn -0.653282 0.707107 0.270598
vn -0.353553 0.923880 0.146447
vn -0.653282 0.382683 0.653282
vn -0.500000 0.707107 0.500000
vn -0.270598 0.923880 0.270598
vn -0.353553 0.382683 0.853553
vn -0.270598 0.707107 0.653282
vn -0.146447 0.923880 0.353553
vn 0.353553 0.382683 0.853553
vn 0.270598 0.707107 0.653282
vn 0.146447 0.923880 0.353553
vn 0.653282 0.382683 0.653282
vn 0.500000 0.707107 0.500000
vn 0.270598 0.923880 0.270598
vn 0.853553 0.382683 0.353553
vn 0.653282 0.707107 0.270598
vn 0.353553 0.923880 0.146447
vn 0.923880 0.382683 0.000000
vn 0.707107 0.707107 0.000000
vn 0.382683 0.923880 0.000000
vn 0.853553 0.382683 -0.353553
vn 0.653282 0.707107 -0.270598
vn 0.353553 0.923880 -0.146447
vn 0.653282 0.382683 -0.653282
vn 0.500000 0.707107 -0.500000
vn 0.270598 0.923880 -0.270598
vn 0.353553 0.382683 -0.853553
vn 0.270598 0.707107 -0.653282
vn 0.146447 0.923880 -0.353553
vn 0.000000 0.382683 0.923880
vn 0.000000 0.000000 1.000000
vn 0.000000 1.000000 0.000000
vn 0.000000 1.000000 0.000000
vn 0.000000 1.000000 0.000000
vn 0.000000 1.000000 0.000000
vn 0.000000 1.000000 0.000000
vn 0.000000 1.000000 0.000000
vn 0.146447 0.923880 0.353553
vn 0.000000 0.382683 0.923880
vn 0.270598 0.707107 0.653282
vn 0.000000 0.707107 0.707107
vn 0.146447 0.923880 0.353553
vn 0.000000 1.000000 0.000000
vn 0.000000 0.000000 -1.000000
vn 0.382683 0.000000 -0.923880
vn 0.707107 0.000000 -0.707107
vn 0.923880 0.000000 -0.382683
vn 1.000000 0.000000 0.000000
vn 0.923880 0.000000 0.382683
vn 0.707107 0.000000 0.707107
vn 0.382683 0.000000 0.923880
vn 0.000000 0.000000 1.000000
vn -0.382683 0.000000 0.923880
vn -0.707107 0.000000 0.707107
vn -0.923880 0.000000 0.382683
vn -1.000000 0.000000 0.000000
vn -0.923880 0.000000 -0.382683
vn -0.707107 0.000000 -0.707107
vn -0.382683 0.000000 -0.923880
vn 1.000000 0.000000 0.000000
vn 0.923880 0.000000 -0.382683
vn 0.707107 0.000000 -0.707107
vn 0.382683 0.000000 -0.923880
vn 0.000000 0.000000 -1.000000
vn -0.382683 0.000000 -0.923880
vn -0.707107 0.000000 -0.707107
vn -0.923880 0.000000 -0.382683
vn -1.000000 0.000000 0.000000
vn -0.923880 0.000000 0.382683
vn -0.707107 0.000000 0.707107
vn -0.382683 0.000000 0.923880
vn 0.000000 0.000000 1.000000
vn 0.382683 0.000000 0.923880
vn 0.707107 0.000000 0.707107
vn 0.923880 0.000000 0.382683
vn 1.000000 0.000000 0.000000
vn 1.000000 0.000000 0.000000
vn -0.540988 0.000000 0.841030
vn -0.540988 0.000000 0.841030
vn -0.032003 0.000000 0.999488
vn 0.486077 0.000000 0.873916
vn 0.866025 0.000000 0.500000
vn 0.999872 0.000000 -0.016003
vn 0.849580 0.000000 -0.527459
vn 0.457860 0.000000 -0.889024
vn 0.457860 0.000000 -0.889024
vn 0.851287 0.000000 -0.524700
vn 0.999955 0.000000 -0.009515
vn 0.861118 0.000000 0.508406
vn 0.480395 0.000000 0.877052
vn -0.035246 0.000000 0.999379
vn 0.866025 0.000000 0.500000
vn 0.866025 0.000000 0.500000
vn 0.999955 0.000000 -0.009515
vn 0.999955 0.000000 -0.009515
vn 0.459504 0.000000 -0.888176
vn 0.427338 0.383416 -0.818764
vn 0.333345 0.707573 -0.623074
vn 0.185424 0.924077 -0.334216
vn -0.000220 1.000000 0.000370
vn -0.197752 0.923751 0.327992
vn -0.374368 0.706979 0.600025
vn -0.497029 0.382637 0.778814
vn -0.540988 0.000000 0.841030
vn -0.035246 0.000000 0.999379
vn 0.480395 0.000000 0.877052
vn 0.870859 0.000000 0.491534
vn 0.999761 0.000000 -0.021875
vn 0.848518 0.000000 -0.529167
vn 0.861110 0.000000 0.508419
vn 0.861307 0.002747 0.508077
vn 0.862792 0.007368 0.505505
vn 0.865291 0.009649 0.501178
vn 0.868009 0.008868 0.496469
vn 0.870085 0.005271 0.492874
vn 0.420627 0.540641 -0.728547
vn 0.795531 0.469083 -0.383525
vn 0.959847 0.273353 0.063021
vn 0.207708 0.909632 -0.359760
vn 0.610793 0.789236 -0.063549
vn 0.852193 0.459918 0.249483
vn 0.368838 0.858812 0.355529
vn 0.711197 0.500463 0.493697
vn -0.327430 0.755750 0.567126
vn 0.146484 0.655721 0.740657
vn 0.581623 0.382114 0.718125
vn -0.479746 0.281733 0.830945
vn 0.014328 0.244443 0.969558
vn 0.504610 0.142447 0.851515
vn 0.000000 1.000000 0.000000
vn 0.000000 1.000000 0.000000
vn 0.000000 1.000000 0.000000
vn 0.000000 1.000000 0.000000
vn 0.000000 1.000000 0.000000
vn 0.000000 1.000000 0.000000
vn 0.000000 1.000000 0.000000
vn 0.000000 1.000000 0.000000
vn 0.000000 1.000000 0.000000
vn -0.889024 0.000000 0.457860
vn -0.889024 0.000000 0.457860
vn -0.527459 0.000000 0.849580
vn -0.016003 0.000000 0.999872
vn 0.500000 0.000000 0.866025
vn 0.873916 0.000000 0.486077
vn 0.999488 0.000000 -0.032003
vn 0.841030 0.000000 -0.540988
vn 0.841030 0.000000 -0.540988
vn 0.999586 0.000000 -0.028760
vn 0.870744 0.000000 0.491737
vn 0.491547 0.000000 0.870851
vn -0.022491 0.000000 0.999747
vn -0.530213 0.000000 0.847865
vn 0.500000 0.000000 0.866025
vn 0.500000 0.000000 0.866025
vn 0.870744 0.000000 0.491737
vn 0.870744 0.000000 0.491737
vn 0.842030 0.000000 -0.539431
vn 0.779467 0.383416 -0.495402
vn 0.600222 0.707573 -0.372926
vn 0.327690 0.924077 -0.196728
vn -0.000375 1.000000 0.000211
vn -0.335255 0.923751 0.185173
vn -0.624224 0.706979 0.332453
vn -0.819847 0.382637 0.425958
vn -0.889024 0.000000 0.457860
vn -0.530213 0.000000 0.847865
vn -0.022491 0.000000 0.999747
vn 0.508419 0.000000 0.861110
vn 0.876756 0.000000 0.480936
vn 0.999421 0.000000 -0.034013
vn 0.491534 0.000000 0.870859
vn 0.491876 0.002747 0.870661
vn 0.494447 0.007368 0.869176
vn 0.498775 0.009649 0.866678
vn 0.503483 0.008868 0.863959
vn 0.507079 0.005271 0.861884
vn 0.728547 0.540641 -0.420627
vn 0.880713 0.469083 0.065623
vn 0.799741 0.273353 0.534502
vn 0.359760 0.909632 -0.207708
vn 0.560737 0.789236 0.250361
vn 0.613279 0.459918 0.642156
vn 0.141658 0.858812 0.492316
vn 0.369066 0.500463 0.783152
vn -0.567126 0.755750 0.327430
vn -0.243469 0.655721 0.714670
vn 0.144637 0.382114 0.912726
vn -0.830945 0.281733 0.479746
vn -0.472370 0.244443 0.846826
vn 0.011248 0.142447 0.989739
vn 0.000000 1.000000 0.000000
vn 0.000000 1.000000 0.000000
vn 0.000000 1.000000 0.000000
vn 0.000000 1.000000 0.000000
vn 0.000000 1.000000 0.000000
vn 0.000000 1.000000 0.000000
vn 0.000000 1.000000 0.000000
vn 0.000000 1.000000 0.000000
vn 0.000000 1.000000 0.000000
vn 0.998935 0.000000 -0.046146
vn 0.922741 0.383413 -0.039297
vn 0.706276 0.707567 -0.022853
vn 0.382149 0.924078 -0.006526
vn -0.000437 1.000000 -0.000005
vn -0.382916 0.923755 -0.007262
vn -0.706808 0.706991 -0.024199
vn -0.922985 0.382642 -0.041033
vn -0.998848 0.000000 -0.047994
vn -0.883110 0.000000 0.469166
vn -0.519352 0.000000 0.854561
vn 0.009749 0.000000 0.999952
vn 0.518824 0.000000 0.854881
vn 0.882531 0.000000 0.470255
vn -0.009749 0.000000 0.999952
vn -0.009354 0.002747 0.999952
vn -0.006384 0.007368 0.999952
vn -0.001387 0.009649 0.999952
vn 0.004050 0.008868 0.999952
vn 0.008201 0.005271 0.999952
vn 0.841254 0.540641 0.000000
vn 0.729908 0.469083 0.497188
vn 0.425345 0.273353 0.862763
vn 0.415415 0.909632 0.000000
vn 0.360432 0.789236 0.497188
vn 0.210038 0.459918 0.862763
vn -0.123478 0.858812 0.497188
vn -0.071956 0.500463 0.862763
vn -0.654861 0.755750 0.000000
vn -0.568185 0.655721 0.497188
vn -0.331104 0.382114 0.862763
vn -0.959493 0.281733 0.000000
vn -0.832497 0.244443 0.497188
vn -0.485128 0.142447 0.862763
vn -0.998848 0.000000 -0.047994
vn -0.998848 0.000000 -0.047994
vn -0.997424 0.000000 0.071737
vn -0.981699 0.000000 0.190439
vn -0.951899 0.000000 0.306411
vn -0.951899 0.000000 0.306411
vn -0.685744 0.000000 0.727843
vn -0.249220 0.000000 0.968447
vn 0.249220 0.000000 0.968447
vn 0.685744 0.000000 0.727843
vn 0.951899 0.000000 0.306411
vn 0.951899 0.000000 0.306411
vn 0.981699 0.000000 0.190439
vn 0.997424 0.000000 0.071737
vn 0.998848 0.000000 -0.047994
vn 0.998848 0.000000 -0.047994
vn 0.880047 0.000000 0.474886
vn 0.508218 0.000000 0.861229
vn -0.009733 0.000000 0.999953
vn -0.519352 0.000000 0.854561
vn -0.883110 0.000000 0.469166
vn 0.249220 0.000000 0.968447
vn 0.249220 0.000000 0.968447
vn 0.508218 0.000000 0.861229
vn 0.508218 0.000000 0.861229
vn 0.000000 1.000000 0.000000
vn 0.000000 1.000000 0.000000
vn 0.000000 1.000000 0.000000
vn 0.000000 1.000000 0.000000
vn 0.000000 1.000000 0.000000
vn 0.000000 1.000000 0.000000
vn 0.000000 1.000000 0.000000
vn 0.000000 1.000000 0.000000
vn 0.000000 1.000000 0.000000
vn -0.841030 0.000000 -0.540988
vn -0.841030 0.000000 -0.540988
vn -0.999488 0.000000 -0.032003
vn -0.873916 0.000000 0.486077
vn -0.500000 0.000000 0.866025
vn 0.016003 0.000000 0.999872
vn 0.527459 0.000000 0.849580
vn 0.889024 0.000000 0.457860
vn 0.889024 0.000000 0.457860
vn 0.524700 0.000000 0.851287
vn 0.009515 0.000000 0.999955
vn -0.508406 0.000000 0.861118
vn -0.877052 0.000000 0.480395
vn -0.999379 0.000000 -0.035246
vn -0.500000 0.000000 0.866025
vn -0.500000 0.000000 0.866025
vn 0.009515 0.000000 0.999955
vn 0.009515 0.000000 0.999955
vn 0.888176 0.000000 0.459504
vn 0.818764 0.383416 0.427338
vn 0.623074 0.707573 0.333345
vn 0.334216 0.924077 0.185424
vn -0.000370 1.000000 -0.000220
vn -0.327992 0.923751 -0.197752
vn -0.600025 0.706979 -0.374368
vn -0.778814 0.382637 -0.497029
vn -0.841030 0.000000 -0.540988
vn -0.999379 0.000000 -0.035246
vn -0.877052 0.000000 0.480395
vn -0.491534 0.000000 0.870859
vn 0.021875 0.000000 0.999761
vn 0.529167 0.000000 0.848518
vn -0.508419 0.000000 0.861110
vn -0.508077 0.002747 0.861307
vn -0.505505 0.007368 0.862792
vn -0.501178 0.009649 0.865291
vn -0.496469 0.008868 0.868009
vn -0.492874 0.005271 0.870085
vn 0.728547 0.540641 0.420627
vn 0.383525 0.469083 0.795531
vn -0.063021 0.273353 0.959847
vn 0.359760 0.909632 0.207708
vn 0.063549 0.789236 0.610793
vn -0.249483 0.459918 0.852193
vn -0.355529 0.858812 0.368838
vn -0.493697 0.500463 0.711197
vn -0.567126 0.755750 -0.327430
vn -0.740657 0.655721 0.146484
vn -0.718125 0.382114 0.581623
vn -0.830945 0.281733 -0.479746
vn -0.969558 0.244443 0.014328
vn -0.851515 0.142447 0.504610
vn 0.000000 1.000000 0.000000
vn 0.000000 1.000000 0.000000
vn 0.000000 1.000000 0.000000
vn 0.000000 1.000000 0.000000
vn 0.000000 1.000000 0.000000
vn 0.000000 1.000000 0.000000
vn 0.000000 1.000000 0.000000
vn 0.000000 1.000000 0.000000
vn 0.000000 1.000000 0.000000
vn -0.457860 0.000000 -0.889024
vn -0.457860 0.000000 -0.889024
vn -0.849580 0.000000 -0.527459
vn -0.999872 0.000000 -0.016003
vn -0.866025 0.000000 0.500000
vn -0.486077 0.000000 0.873916
vn 0.032003 0.000000 0.999488
vn 0.540988 0.000000 0.841030
vn 0.540988 0.000000 0.841030
vn 0.028760 0.000000 0.999586
vn -0.491737 0.000000 0.870744
vn -0.870851 0.000000 0.491547
vn -0.999747 0.000000 -0.022491
vn -0.847865 0.000000 -0.530213
vn -0.866025 0.000000 0.500000
vn -0.866025 0.000000 0.500000
vn -0.491737 0.000000 0.870744
vn -0.491737 0.000000 0.870744
vn 0.539431 0.000000 0.842030
vn 0.495402 0.383416 0.779467
vn 0.372926 0.707573 0.600222
vn 0.196728 0.924077 0.327690
vn -0.000211 1.000000 -0.000375
vn -0.185173 0.923751 -0.335255
vn -0.332453 0.706979 -0.624224
vn -0.425958 0.382637 -0.819847
vn -0.457860 0.000000 -0.889024
vn -0.847865 0.000000 -0.530213
vn -0.999747 0.000000 -0.022491
vn -0.861110 0.000000 0.508419
vn -0.480936 0.000000 0.876756
vn 0.034013 0.000000 0.999421
vn -0.870859 0.000000 0.491534
vn -0.870661 0.002747 0.491876
vn -0.869176 0.007368 0.494447
vn -0.866678 0.009649 0.498775
vn -0.863959 0.008868 0.503483
vn -0.861884 0.005271 0.507079
vn 0.420627 0.540641 0.728547
vn -0.065623 0.469083 0.880713
vn -0.534502 0.273353 0.799741
vn 0.207708 0.909632 0.359760
vn -0.250361 0.789236 0.560737
vn -0.642156 0.459918 0.613279
vn -0.492316 0.858812 0.141658
vn -0.783152 0.500463 0.369066
vn -0.327430 0.755750 -0.567126
vn -0.714670 0.655721 -0.243469
vn -0.912726 0.382114 0.144637
vn -0.479746 0.281733 -0.830945
vn -0.846826 0.244443 -0.472370
vn -0.989739 0.142447 0.011248
vn 0.000000 1.000000 0.000000
vn 0.000000 1.000000 0.000000
vn 0.000000 1.000000 0.000000
vn 0.000000 1.000000 0.000000
vn 0.000000 1.000000 0.000000
vn 0.000000 1.000000 0.000000
vn 0.000000 1.000000 0.000000
vn 0.000000 1.000000 0.000000
vn 0.000000 1.000000 0.000000
vn 0.047994 0.000000 -0.998848
vn 0.047994 0.000000 -0.998848
vn -0.472029 0.000000 -0.881583
vn -0.857913 0.000000 -0.513795
vn -1.000000 0.000000 0.000000
vn -0.857913 0.000000 0.513795
vn -0.472029 0.000000 0.881583
vn 0.047994 0.000000 0.998848
vn 0.047994 0.000000 0.998848
vn -0.474886 0.000000 0.880047
vn -0.861229 0.000000 0.508218
vn -0.999953 0.000000 -0.009733
vn -0.854561 0.000000 -0.519352
vn -0.469166 0.000000 -0.883110
vn -1.000000 0.000000 0.000000
vn -1.000000 0.000000 0.000000
vn -0.861229 0.000000 0.508218
vn -0.861229 0.000000 0.508218
vn 0.046146 0.000000 0.998935
vn 0.039297 0.383413 0.922741
vn 0.022853 0.707567 0.706276
vn 0.006526 0.924078 0.382149
vn 0.000005 1.000000 -0.000437
vn 0.007262 0.923755 -0.382916
vn 0.024199 0.706991 -0.706808
vn 0.041033 0.382642 -0.922985
vn 0.047994 0.000000 -0.998848
vn -0.469166 0.000000 -0.883110
vn -0.854561 0.000000 -0.519352
vn -0.999952 0.000000 0.009749
vn -0.854881 0.000000 0.518824
vn -0.470255 0.000000 0.882531
vn -0.999952 0.000000 -0.009749
vn -0.999952 0.002747 -0.009354
vn -0.999952 0.007368 -0.006384
vn -0.999952 0.009649 -0.001387
vn -0.999952 0.008868 0.004050
vn -0.999952 0.005271 0.008201
vn 0.000000 0.540641 0.841254
vn -0.497188 0.469083 0.729908
vn -0.862763 0.273353 0.425345
vn 0.000000 0.909632 0.415415
vn -0.497188 0.789236 0.360432
vn -0.862763 0.459918 0.210038
vn -0.497188 0.858812 -0.123478
vn -0.862763 0.500463 -0.071956
vn 0.000000 0.755750 -0.654861
vn -0.497188 0.655721 -0.568185
vn -0.862763 0.382114 -0.331104
vn 0.000000 0.281733 -0.959493
vn -0.497188 0.244443 -0.832497
vn -0.862763 0.142447 -0.485128
vn 0.000000 1.000000 0.000000
vn 0.000000 1.000000 0.000000
vn 0.000000 1.000000 0.000000
vn 0.000000 1.000000 0.000000
vn 0.000000 1.000000 0.000000
vn 0.000000 1.000000 0.000000
vn 0.000000 1.000000 0.000000
vn 0.000000 1.000000 0.000000
vn 0.000000 1.000000 0.000000
vn 0.540988 0.000000 -0.841030
vn 0.540988 0.000000 -0.841030
vn 0.032003 0.000000 -0.999488
vn -0.486077 0.000000 -0.873916
vn -0.866025 0.000000 -0.500000
vn -0.999872 0.000000 0.016003
vn -0.849580 0.000000 0.527459
vn -0.457860 0.000000 0.889024
vn -0.457860 0.000000 0.889024
vn -0.851287 0.000000 0.524700
vn -0.999955 0.000000 0.009515
vn -0.861118 0.000000 -0.508406
vn -0.480395 0.000000 -0.877052
vn 0.035246 0.000000 -0.999379
vn -0.866025 0.000000 -0.500000
vn -0.866025 0.000000 -0.500000
vn -0.999955 0.000000 0.009515
vn -0.999955 0.000000 0.009515
vn -0.459504 0.000000 0.888176
vn -0.427338 0.383416 0.818764
vn -0.333345 0.707573 0.623074
vn -0.185424 0.924077 0.334216
vn 0.000220 1.000000 -0.000370
vn 0.197752 0.923751 -0.327992
vn 0.374368 0.706979 -0.600025
vn 0.497029 0.382637 -0.778814
vn 0.540988 0.000000 -0.841030
vn 0.035246 0.000000 -0.999379
vn -0.480395 0.000000 -0.877052
vn -0.870859 0.000000 -0.491534
vn -0.999761 0.000000 0.021875
vn -0.848518 0.000000 0.529167
vn -0.861110 0.000000 -0.508419
vn -0.861307 0.002747 -0.508077
vn -0.862792 0.007368 -0.505505
vn -0.865291 0.009649 -0.501178
vn -0.868009 0.008868 -0.496469
vn -0.870085 0.005271 -0.492874
vn -0.420627 0.540641 0.728547
vn -0.795531 0.469083 0.383525
vn -0.959847 0.273353 -0.063021
vn -0.207708 0.909632 0.359760
vn -0.610793 0.789236 0.063549
vn -0.852193 0.459918 -0.249483
vn -0.368838 0.858812 -0.355529
vn -0.711197 0.500463 -0.493697
vn 0.327430 0.755750 -0.567126
vn -0.146484 0.655721 -0.740657
vn -0.581623 0.382114 -0.718125
vn 0.479746 0.281733 -0.830945
vn -0.014328 0.244443 -0.969558
vn -0.504610 0.142447 -0.851515
vn 0.000000 1.000000 0.000000
vn 0.000000 1.000000 0.000000
vn 0.000000 1.000000 0.000000
vn 0.000000 1.000000 0.000000
vn 0.000000 1.000000 0.000000
vn 0.000000 1.000000 0.000000
vn 0.000000 1.000000 0.000000
vn 0.000000 1.000000 0.000000
vn 0.000000 1.000000 0.000000
vn 0.889024 0.000000 -0.457860
vn 0.889024 0.000000 -0.457860
vn 0.527459 0.000000 -0.849580
vn 0.016003 0.000000 -0.999872
vn -0.500000 0.000000 -0.866025
vn -0.873916 0.000000 -0.486077
vn -0.999488 0.000000 0.032003
vn -0.841030 0.000000 0.540988
vn -0.841030 0.000000 0.540988
vn -0.999586 0.000000 0.028760
vn -0.870744 0.000000 -0.491737
vn -0.491547 0.000000 -0.870851
vn 0.022491 0.000000 -0.999747
vn 0.530213 0.000000 -0.847865
vn -0.500000 0.000000 -0.866025
vn -0.500000 0.000000 -0.866025
vn -0.870744 0.000000 -0.491737
vn -0.870744 0.000000 -0.491737
vn -0.842030 0.000000 0.539431
vn -0.779467 0.383416 0.495402
vn -0.600222 0.707573 0.372926
vn -0.327690 0.924077 0.196728
vn 0.000375 1.000000 -0.000211
vn 0.335255 0.923751 -0.185173
vn 0.624224 0.706979 -0.332453
vn 0.819847 0.382637 -0.425958
vn 0.889024 0.000000 -0.457860
vn 0.530213 0.000000 -0.847865
vn 0.022491 0.000000 -0.999747
vn -0.508419 0.000000 -0.861110
vn -0.876756 0.000000 -0.480936
vn -0.999421 0.000000 0.034013
vn -0.491534 0.000000 -0.870859
vn -0.491876 0.002747 -0.870661
vn -0.494447 0.007368 -0.869176
vn -0.498775 0.009649 -0.866678
vn -0.503483 0.008868 -0.863959
vn -0.507079 0.005271 -0.861884
vn -0.728547 0.540641 0.420627
vn -0.880713 0.469083 -0.065623
vn -0.799741 0.273353 -0.534502
vn -0.359760 0.909632 0.207708
vn -0.560737 0.789236 -0.250361
vn -0.613279 0.459918 -0.642156
vn -0.141658 0.858812 -0.492316
vn -0.369066 0.500463 -0.783152
vn 0.567126 0.755750 -0.327430
vn 0.243469 0.655721 -0.714670
vn -0.144637 0.382114 -0.912726
vn 0.830945 0.281733 -0.479746
vn 0.472370 0.244443 -0.846826
vn -0.011248 0.142447 -0.989739
vn 0.000000 1.000000 0.000000
vn 0.000000 1.000000 0.000000
vn 0.000000 1.000000 0.000000
vn 0.000000 1.000000 0.000000
vn 0.000000 1.000000 0.000000
vn 0.000000 1.000000 0.000000
vn 0.000000 1.000000 0.000000
vn 0.000000 1.000000 0.000000
vn 0.000000 1.000000 0.000000
vn -0.998935 0.000000 0.046146
vn -0.922741 0.383413 0.039297
vn -0.706276 0.707567 0.022853
vn -0.382149 0.924078 0.006526
vn 0.000437 1.000000 0.000005
vn 0.382916 0.923755 0.007262
vn 0.706808 0.706991 0.024199
vn 0.922985 0.382642 0.041033
vn 0.998848 0.000000 0.047994
vn 0.883110 0.000000 -0.469166
vn 0.519352 0.000000 -0.854561
vn -0.009749 0.000000 -0.999952
vn -0.518824 0.000000 -0.854881
vn -0.882531 0.000000 -0.470255
vn 0.009749 0.000000 -0.999952
vn 0.009354 0.002747 -0.999952
vn 0.006384 0.007368 -0.999952
vn 0.001387 0.009649 -0.999952
vn -0.004050 0.008868 -0.999952
vn -0.008201 0.005271 -0.999952
vn -0.841254 0.540641 0.000000
vn -0.729908 0.469083 -0.497188
vn -0.425345 0.273353 -0.862763
vn -0.415415 0.909632 0.000000
vn -0.360432 0.789236 -0.497188
vn -0.210038 0.459918 -0.862763
vn 0.123478 0.858812 -0.497188
vn 0.071956 0.500463 -0.862763
vn 0.654861 0.755750 0.000000
vn 0.568185 0.655721 -0.497188
vn 0.331104 0.382114 -0.862763
vn 0.959493 0.281733 0.000000
vn 0.832497 0.244443 -0.497188
vn 0.485128 0.142447 -0.862763
vn 0.998848 0.000000 0.047994
vn 0.998848 0.000000 0.047994
vn 0.997424 0.000000 -0.071737
vn 0.981699 0.000000 -0.190439
vn 0.951899 0.000000 -0.306411
vn 0.951899 0.000000 -0.306411
vn 0.685744 0.000000 -0.727843
vn 0.249220 0.000000 -0.968447
vn -0.249220 0.000000 -0.968447
vn -0.685744 0.000000 -0.727843
vn -0.951899 0.000000 -0.306411
vn -0.951899 0.000000 -0.306411
vn -0.981699 0.000000 -0.190439
vn -0.997424 0.000000 -0.071737
vn -0.998848 0.000000 0.047994
vn -0.998848 0.000000 0.047994
vn -0.880047 0.000000 -0.474886
vn -0.508218 0.000000 -0.861229
vn 0.009733 0.000000 -0.999953
vn 0.519352 0.000000 -0.854561
vn 0.883110 0.000000 -0.469166
vn -0.249220 0.000000 -0.968447
vn -0.249220 0.000000 -0.968447
vn -0.508218 0.000000 -0.861229
vn -0.508218 0.000000 -0.861229
vn 0.000000 1.000000 0.000000
vn 0.000000 1.000000 0.000000
vn 0.000000 1.000000 0.000000
vn 0.000000 1.000000 0.000000
vn 0.000000 1.000000 0.000000
vn 0.000000 1.000000 0.000000
vn 0.000000 1.000000 0.000000
vn 0.000000 1.000000 0.000000
vn 0.000000 1.000000 0.000000
vn 0.841030 0.000000 0.540988
vn 0.841030 0.000000 0.540988
vn 0.999488 0.000000 0.032003
vn 0.873916 0.000000 -0.486077
vn 0.500000 0.000000 -0.866025
vn -0.016003 0.000000 -0.999872
vn -0.527459 0.000000 -0.849580
vn -0.889024 0.000000 -0.457860
vn -0.889024 0.000000 -0.457860
vn -0.524700 0.000000 -0.851287
vn -0.009515 0.000000 -0.999955
vn 0.508406 0.000000 -0.861118
vn 0.877052 0.000000 -0.480395
vn 0.999379 0.000000 0.035246
vn 0.500000 0.000000 -0.866025
vn 0.500000 0.000000 -0.866025
vn -0.009515 0.000000 -0.999955
vn -0.009515 0.000000 -0.999955
vn -0.888176 0.000000 -0.459504
vn -0.818764 0.383416 -0.427338
vn -0.623074 0.707573 -0.333345
vn -0.334216 0.924077 -0.185424
vn 0.000370 1.000000 0.000220
vn 0.327992 0.923751 0.197752
vn 0.600025 0.706979 0.374368
vn 0.778814 0.382637 0.497029
vn 0.841030 0.000000 0.540988
vn 0.999379 0.000000 0.035246
vn 0.877052 0.000000 -0.480395
vn 0.491534 0.000000 -0.870859
vn -0.021875 0.000000 -0.999761
vn -0.529167 0.000000 -0.848518
vn 0.508419 0.000000 -0.861110
vn 0.508077 0.002747 -0.861307
vn 0.505505 0.007368 -0.862792
vn 0.501178 0.009649 -0.865291
vn 0.496469 0.008868 -0.868009
vn 0.492874 0.005271 -0.870085
vn -0.728547 0.540641 -0.420627
vn -0.383525 0.469083 -0.795531
vn 0.063021 0.273353 -0.959847
vn -0.359760 0.909632 -0.207708
vn -0.063549 0.789236 -0.610793
vn 0.249483 0.459918 -0.852193
vn 0.355529 0.858812 -0.368838
vn 0.493697 0.500463 -0.711197
vn 0.567126 0.755750 0.327430
vn 0.740657 0.655721 -0.146484
vn 0.718125 0.382114 -0.581623
vn 0.830945 0.281733 0.479746
vn 0.969558 0.244443 -0.014328
vn 0.851515 0.142447 -0.504610
vn 0.000000 1.000000 0.000000
vn 0.000000 1.000000 0.000000
vn 0.000000 1.000000 0.000000
vn 0.000000 1.000000 0.000000
vn 0.000000 1.000000 0.000000
vn 0.000000 1.000000 0.000000
vn 0.000000 1.000000 0.000000
vn 0.000000 1.000000 0.000000
vn 0.000000 1.000000 0.000000
vn 0.457860 0.000000 0.889024
vn 0.457860 0.000000 0.889024
vn 0.849580 0.000000 0.527459
vn 0.999872 0.000000 0.016003
vn 0.866025 0.000000 -0.500000
vn 0.486077 0.000000 -0.873916
vn -0.032003 0.000000 -0.999488
vn -0.540988 0.000000 -0.841030
vn -0.540988 0.000000 -0.841030
vn -0.028760 0.000000 -0.999586
vn 0.491737 0.000000 -0.870744
vn 0.870851 0.000000 -0.491547
vn 0.999747 0.000000 0.022491
vn 0.847865 0.000000 0.530213
vn 0.866025 0.000000 -0.500000
vn 0.866025 0.000000 -0.500000
vn 0.491737 0.000000 -0.870744
vn 0.491737 0.000000 -0.870744
vn -0.539431 0.000000 -0.842030
vn -0.495402 0.383416 -0.779467
vn -0.372926 0.707573 -0.600222
vn -0.196728 0.924077 -0.327690
vn 0.000211 1.000000 0.000375
vn 0.185173 0.923751 0.335255
vn 0.332453 0.706979 0.624224
vn 0.425958 0.382637 0.819847
vn 0.457860 0.000000 0.889024
vn 0.847865 0.000000 0.530213
vn 0.999747 0.000000 0.022491
vn 0.861110 0.000000 -0.508419
vn 0.480936 0.000000 -0.876756
vn -0.034013 0.000000 -0.999421
vn 0.870859 0.000000 -0.491534
vn 0.870661 0.002747 -0.491876
vn 0.869176 0.007368 -0.494447
vn 0.866678 0.009649 -0.498775
vn 0.863959 0.008868 -0.503483
vn 0.861884 0.005271 -0.507079
vn -0.420627 0.540641 -0.728547
vn 0.065623 0.469083 -0.880713
vn 0.534502 0.273353 -0.799741
vn -0.207708 0.909632 -0.359760
vn 0.250361 0.789236 -0.560737
vn 0.642156 0.459918 -0.613279
vn 0.492316 0.858812 -0.141658
vn 0.783152 0.500463 -0.369066
vn 0.327430 0.755750 0.567126
vn 0.714670 0.655721 0.243469
vn 0.912726 0.382114 -0.144637
vn 0.479746 0.281733 0.830945
vn 0.846826 0.244443 0.472370
vn 0.989739 0.142447 -0.011248
vn 0.000000 1.000000 0.000000
vn 0.000000 1.000000 0.000000
vn 0.000000 1.000000 0.000000
vn 0.000000 1.000000 0.000000
vn 0.000000 1.000000 0.000000
vn 0.000000 1.000000 0.000000
vn 0.000000 1.000000 0.000000
vn 0.000000 1.000000 0.000000
vn 0.000000 1.000000 0.000000
vn 0.000000 0.000000 -1.000000
vn 0.000000 0.000000 -1.000000
vn 0.000000 0.000000 -1.000000
vn 0.000000 0.000000 -1.000000
vn 0.000000 0.000000 1.000000
vn 0.000000 0.000000 1.000000
vn 0.000000 0.000000 1.000000
vn 0.000000 0.000000 1.000000
vn 0.000000 1.000000 0.000000
vn 0.000000 1.000000 0.000000
vn 0.000000 1.000000 0.000000
vn 0.000000 1.000000 0.000000
vn 0.000000 1.000000 0.000000
vn 0.000000 1.000000 0.000000
vn 0.000000 1.000000 0.000000
vn 0.000000 1.000000 0.000000
vn 0.000000 1.000000 0.000000
vn 0.000000 1.000000 0.000000
vn 0.000000 1.000000 0.000000
vn 0.000000 1.000000 0.000000
vn 0.000000 1.000000 0.000000
vn 0.000000 1.000000 0.000000
vn 0.000000 1.000000 0.000000
vn 0.000000 1.000000 0.000000
vn 0.000000 1.000000 0.000000
vn 0.000000 1.000000 0.000000
vn 0.000000 1.000000 0.000000
vn 0.000000 1.000000 0.000000
vn 0.000000 1.000000 0.000000
vn 0.000000 1.000000 0.000000
vn 0.000000 1.000000 0.000000
vn 0.000000 1.000000 0.000000
vn 0.000000 1.000000 0.000000
vn 0.000000 1.000000 0.000000
vn 0.000000 1.000000 0.000000
vn 0.000000 1.000000 0.000000
vn 0.000000 1.000000 0.000000
vn 0.000000 1.000000 0.000000
vn 0.000000 1.000000 0.000000
vn 0.000000 1.000000 0.000000
vn 0.000000 1.000000 0.000000
vn 0.000000 1.000000 0.000000
vn 0.000000 1.000000 0.000000
vn 0.000000 1.000000 0.000000
vn 0.000000 1.000000 0.000000
vn 0.000000 1.000000 0.000000
vn 0.000000 1.000000 0.000000
vn 0.000000 1.000000 0.000000
vn 0.000000 1.000000 0.000000
vn 0.000000 1.000000 0.000000
vn 0.000000 1.000000 0.000000
vn 0.000000 1.000000 0.000000
vn 0.000000 1.000000 0.000000
vn 0.000000 1.000000 0.000000
vn 0.000000 1.000000 0.000000
vn 0.000000 1.000000 0.000000
vn 0.000000 1.000000 0.000000
vn 0.000000 1.000000 0.000000
vn 0.000000 1.000000 0.000000
vn 0.000000 1.000000 0.000000
vn 0.000000 1.000000 0.000000
vn 0.000000 1.000000 0.000000
vn 0.000000 1.000000 0.000000
vn 0.000000 1.000000 0.000000
vn 0.000000 1.000000 0.000000
vn 1.000000 0.000000 0.000000
vn 0.982973 0.000000 0.183750
vn 0.932472 0.000000 0.361242
vn 0.850217 0.000000 0.526432
vn 0.739009 0.000000 0.673696
vn 0.602635 0.000000 0.798017
vn 0.445738 0.000000 0.895163
vn 0.273663 0.000000 0.961826
vn 0.092268 0.000000 0.995734
vn -0.092268 0.000000 0.995734
vn -0.273663 0.000000 0.961826
vn -0.445738 0.000000 0.895163
vn -0.602635 0.000000 0.798017
vn -0.739009 0.000000 0.673696
vn -0.850217 0.000000 0.526432
vn -0.932472 0.000000 0.361242
vn -0.982973 0.000000 0.183750
vn -1.000000 0.000000 0.000000
vn -0.982973 0.000000 -0.183750
vn -0.932472 0.000000 -0.361242
vn -0.850217 0.000000 -0.526432
vn -0.739009 0.000000 -0.673696
vn -0.602635 0.000000 -0.798017
vn -0.445738 0.000000 -0.895163
vn -0.273663 0.000000 -0.961826
vn -0.092268 0.000000 -0.995734
vn 0.092268 0.000000 -0.995734
vn 0.273663 0.000000 -0.961826
vn 0.445738 0.000000 -0.895163
vn 0.602635 0.000000 -0.798017
vn 0.739009 0.000000 -0.673696
vn 0.850217 0.000000 -0.526432
vn 0.932472 0.000000 -0.361242
vn 0.982973 0.000000 -0.183750
vn 0.814097 0.000000 0.580729
vn 0.814097 0.000000 0.580729
vn 0.818281 0.000000 0.574818
vn 0.829954 0.000000 0.557832
vn 0.846755 0.000000 0.531983
vn 0.865537 0.000000 0.500844
vn 0.883178 0.000000 0.469038
vn 0.897225 0.000000 0.441573
vn 0.906146 0.000000 0.422965
vn 0.909198 0.000000 0.416364
vn 0.909457 0.000000 0.415798
vn 0.909716 0.000000 0.415231
vn 0.909974 0.000000 0.414664
vn 0.909974 0.000000 0.414664
vn 0.950157 0.000000 0.311772
vn 0.978746 0.000000 0.205076
vn 0.995393 0.000000 0.095877
vn 0.995393 0.000000 0.095877
vn 0.996061 0.000000 0.088667
vn 0.997677 0.000000 0.068119
vn 0.999303 0.000000 0.037329
vn 1.000000 0.000000 0.000896
vn 0.999371 0.000000 -0.035465
vn 0.997803 0.000000 -0.066257
vn 0.996225 0.000000 -0.086806
vn 0.995571 0.000000 -0.094017
vn 0.995512 0.000000 -0.094637
vn 0.995453 0.000000 -0.095257
vn 0.995393 0.000000 -0.095877
vn 0.995393 0.000000 -0.095877
vn 0.978746 0.000000 -0.205076
vn 0.950157 0.000000 -0.311772
vn 0.909974 0.000000 -0.414664
vn 0.909974 0.000000 -0.414664
vn 0.906948 0.000000 -0.421243
vn 0.898074 0.000000 -0.439845
vn 0.884088 0.000000 -0.467320
vn 0.866513 0.000000 -0.499155
vn 0.847788 0.000000 -0.530336
vn 0.831026 0.000000 -0.556233
vn 0.819371 0.000000 -0.573263
vn 0.815181 0.000000 -0.579207
vn 0.814820 0.000000 -0.579714
vn 0.814459 0.000000 -0.580222
vn 0.814097 0.000000 -0.580729
vn 0.814097 0.000000 -0.580729
vn 0.745081 0.000000 -0.666974
vn 0.666974 0.000000 -0.745081
vn 0.580729 0.000000 -0.814097
vn 0.580729 0.000000 -0.814097
vn 0.574818 0.000000 -0.818281
vn 0.557832 0.000000 -0.829954
vn 0.531983 0.000000 -0.846755
vn 0.500844 0.000000 -0.865537
vn 0.469038 0.000000 -0.883178
vn 0.441573 0.000000 -0.897225
vn 0.422965 0.000000 -0.906146
vn 0.416364 0.000000 -0.909198
vn 0.415798 0.000000 -0.909457
vn 0.415231 0.000000 -0.909716
vn 0.414664 0.000000 -0.909974
vn 0.414664 0.000000 -0.909974
vn 0.311772 0.000000 -0.950157
vn 0.205076 0.000000 -0.978746
vn 0.095877 0.000000 -0.995393
vn 0.095877 0.000000 -0.995393
vn 0.088667 0.000000 -0.996061
vn 0.068119 0.000000 -0.997677
vn 0.037332 0.000000 -0.999303
vn 0.000976 0.000000 -1.000000
vn -0.035390 0.000000 -0.999374
vn -0.066200 0.000000 -0.997806
vn -0.086775 0.000000 -0.996228
vn -0.094017 0.000000 -0.995571
vn -0.094637 0.000000 -0.995512
vn -0.095257 0.000000 -0.995453
vn -0.095877 0.000000 -0.995393
vn -0.095877 0.000000 -0.995393
vn -0.205076 0.000000 -0.978746
vn -0.311772 0.000000 -0.950157
vn -0.414664 0.000000 -0.909974
vn -0.414664 0.000000 -0.909974
vn -0.421243 0.000000 -0.906948
vn -0.439845 0.000000 -0.898074
vn -0.467320 0.000000 -0.884088
vn -0.499155 0.000000 -0.866513
vn -0.530336 0.000000 -0.847788
vn -0.556233 0.000000 -0.831026
vn -0.573263 0.000000 -0.819371
vn -0.579207 0.000000 -0.815181
vn -0.579714 0.000000 -0.814820
vn -0.580222 0.000000 -0.814459
vn -0.580729 0.000000 -0.814097
vn -0.580729 0.000000 -0.814097
vn -0.666974 0.000000 -0.745081
vn -0.745081 0.000000 -0.666974
vn -0.814097 0.000000 -0.580729
vn -0.814097 0.000000 -0.580729
vn -0.818281 0.000000 -0.574818
vn -0.829954 0.000000 -0.557832
vn -0.846755 0.000000 -0.531983
vn -0.865537 0.000000 -0.500844
vn -0.883178 0.000000 -0.469038
vn -0.897225 0.000000 -0.441573
vn -0.906146 0.000000 -0.422965
vn -0.909198 0.000000 -0.416364
vn -0.909457 0.000000 -0.415798
vn -0.909716 0.000000 -0.415231
vn -0.909974 0.000000 -0.414664
vn -0.909974 0.000000 -0.414664
vn -0.950157 0.000000 -0.311772
vn -0.978746 0.000000 -0.205076
vn -0.995393 0.000000 -0.095877
vn -0.995393 0.000000 -0.095877
vn -0.996061 0.000000 -0.088667
vn -0.997677 0.000000 -0.068119
vn -0.999303 0.000000 -0.037332
vn -1.000000 0.000000 -0.000976
vn -0.999374 0.000000 0.035390
vn -0.997806 0.000000 0.066200
vn -0.996228 0.000000 0.086775
vn -0.995571 0.000000 0.094017
vn -0.995512 0.000000 0.094637
vn -0.995453 0.000000 0.095257
vn -0.995393 0.000000 0.095877
vn -0.995393 0.000000 0.095877
vn -0.978746 0.000000 0.205076
vn -0.950157 0.000000 0.311772
vn -0.909974 0.000000 0.414664
vn -0.909974 0.000000 0.414664
vn -0.906948 0.000000 0.421243
vn -0.898074 0.000000 0.439845
vn -0.884088 0.000000 0.467320
vn -0.866513 0.000000 0.499155
vn -0.847788 0.000000 0.530336
vn -0.831026 0.000000 0.556233
vn -0.819371 0.000000 0.573263
vn -0.815181 0.000000 0.579207
vn -0.814820 0.000000 0.579714
vn -0.814459 0.000000 0.580222
vn -0.814097 0.000000 0.580729
vn -0.814097 0.000000 0.580729
vn -0.745081 0.000000 0.666974
vn -0.666974 0.000000 0.745081
vn -0.580729 0.000000 0.814097
vn -0.580729 0.000000 0.814097
vn -0.574818 0.000000 0.818281
vn -0.557832 0.000000 0.829954
vn -0.531983 0.000000 0.846755
vn -0.500844 0.000000 0.865537
vn -0.469038 0.000000 0.883178
vn -0.441573 0.000000 0.897225
vn -0.422965 0.000000 0.906146
vn -0.416364 0.000000 0.909198
vn -0.415798 0.000000 0.909457
vn -0.415231 0.000000 0.909716
vn -0.414664 0.000000 0.909974
vn -0.414664 0.000000 0.909974
vn -0.311772 0.000000 0.950157
vn -0.205076 0.000000 0.978746
vn -0.095877 0.000000 0.995393
vn -0.095877 0.000000 0.995393
vn -0.088667 0.000000 0.996061
vn -0.068119 0.000000 0.997677
vn -0.037332 0.000000 0.999303
vn -0.000976 0.000000 1.000000
vn 0.035390 0.000000 0.999374
vn 0.066200 0.000000 0.997806
vn 0.086775 0.000000 0.996228
vn 0.094017 0.000000 0.995571
vn 0.094637 0.000000 0.995512
vn 0.095257 0.000000 0.995453
vn 0.095877 0.000000 0.995393
vn 0.095877 0.000000 0.995393
vn 0.205076 0.000000 0.978746
vn 0.311772 0.000000 0.950157
vn 0.414664 0.000000 0.909974
vn 0.414664 0.000000 0.909974
vn 0.421243 0.000000 0.906948
vn 0.439845 0.000000 0.898074
vn 0.467320 0.000000 0.884088
vn 0.499155 0.000000 0.866513
vn 0.530336 0.000000 0.847788
vn 0.556233 0.000000 0.831026
vn 0.573263 0.000000 0.819371
vn 0.579207 0.000000 0.815181
vn 0.579714 0.000000 0.814820
vn 0.580222 0.000000 0.814459
vn 0.580729 0.000000 0.814097
vn 0.580729 0.000000 0.814097
vn 0.666974 0.000000 0.745081
vn 0.745081 0.000000 0.666974
vn 1.000000 0.000000 0.000896
vn 1.000000 0.000000 0.000000
vn 1.000000 0.000000 0.000000
vn 1.000000 0.000000 0.000000
vn 1.000000 0.000000 0.000000
vn 0.999952 0.000000 -0.009749
vn 0.854881 0.000000 -0.518824
vn 0.470255 0.000000 -0.882531
vn -0.046146 0.000000 -0.998935
vn -0.039325 0.382619 -0.923069
vn -0.022893 0.706959 -0.706883
vn -0.006554 0.923752 -0.382935
vn -0.000004 1.000000 -0.000407
vn -0.007262 0.923766 0.382887
vn -0.024200 0.706989 0.706810
vn -0.041032 0.382639 0.922986
vn -0.047994 0.000000 0.998848
vn 0.469166 0.000000 0.883110
vn 0.854561 0.000000 0.519352
vn 0.999952 0.000000 0.009749
vn 0.999952 0.002747 0.009354
vn 0.999952 0.007368 0.006384
vn 0.999952 0.009649 0.001387
vn 0.999952 0.008868 -0.004050
vn 0.999952 0.005271 -0.008201
vn 0.000000 0.540641 -0.841254
vn 0.497188 0.469083 -0.729908
vn 0.862763 0.273353 -0.425345
vn 0.000000 0.909632 -0.415415
vn 0.497188 0.789236 -0.360432
vn 0.862763 0.459918 -0.210038
vn 0.497188 0.858812 0.123478
vn 0.862763 0.500463 0.071956
vn 0.000000 0.755750 0.654861
vn 0.497188 0.655721 0.568185
vn 0.862763 0.382114 0.331104
vn 0.000000 0.281733 0.959493
vn 0.497188 0.244443 0.832497
vn 0.862763 0.142447 0.485128
vn 0.000000 1.000000 0.000000
vn 0.000000 1.000000 0.000000
vn 0.000000 1.000000 0.000000
vn 0.000000 1.000000 0.000000
vn 0.000000 1.000000 0.000000
vn 0.000000 1.000000 0.000000
vn 0.000000 1.000000 0.000000
vn 0.000000 1.000000 0.000000
vn 0.000000 1.000000 0.000000
vn -0.047994 0.000000 0.998848
vn -0.047994 0.000000 0.998848
vn 0.472029 0.000000 0.881583
vn 0.857913 0.000000 0.513795
vn 1.000000 0.000000 0.000000
vn 0.857913 0.000000 -0.513795
vn 0.472029 0.000000 -0.881583
vn -0.047994 0.000000 -0.998848
vn -0.047994 0.000000 -0.998848
vn 0.474886 0.000000 -0.880047
vn 0.861229 0.000000 -0.508218
vn 0.999953 0.000000 0.009733
vn 0.854561 0.000000 0.519352
vn 0.469166 0.000000 0.883110
vn 1.000000 0.000000 0.000000
vn 1.000000 0.000000 0.000000
vn 0.861229 0.000000 -0.508218
vn 0.861229 0.000000 -0.508218
vn 0.220588 0.975367 0.000000
vn 0.203797 0.975367 0.084415
vn 0.155979 0.975367 0.155979
vn 0.084415 0.975367 0.203797
vn 0.000000 0.975367 0.220588
vn -0.084415 0.975367 0.203797
vn -0.155979 0.975367 0.155979
vn -0.203797 0.975367 0.084415
vn -0.220588 0.975367 0.000000
vn -0.203797 0.975367 -0.084415
vn -0.155979 0.975367 -0.155979
vn -0.084415 0.975367 -0.203797
vn 0.000000 0.975367 -0.220588
vn 0.084415 0.975367 -0.203797
vn 0.155979 0.975367 -0.155979
vn 0.203797 0.975367 -0.084415
vn 1.000000 0.000000 0.000000
vn 0.982973 0.000000 -0.183750
vn 0.932472 0.000000 -0.361242
vn 0.850217 0.000000 -0.526432
vn 0.739009 0.000000 -0.673696
vn 0.602635 0.000000 -0.798017
vn 0.445738 0.000000 -0.895163
vn 0.273663 0.000000 -0.961826
vn 0.092268 0.000000 -0.995734
vn -0.092268 0.000000 -0.995734
vn -0.273663 0.000000 -0.961826
vn -0.445738 0.000000 -0.895163
vn -0.602635 0.000000 -0.798017
vn -0.739009 0.000000 -0.673696
vn -0.850217 0.000000 -0.526432
vn -0.932472 0.000000 -0.361242
vn -0.982973 0.000000 -0.183750
vn -1.000000 0.000000 0.000000
vn -0.982973 0.000000 0.183750
vn -0.932472 0.000000 0.361242
vn -0.850217 0.000000 0.526432
vn -0.739009 0.000000 0.673696
vn -0.602635 0.000000 0.798017
vn -0.445738 0.000000 0.895163
vn -0.273663 0.000000 0.961826
vn -0.092268 0.000000 0.995734
vn 0.092268 0.000000 0.995734
vn 0.273663 0.000000 0.961826
vn 0.445738 0.000000 0.895163
vn 0.602635 0.000000 0.798017
vn 0.739009 0.000000 0.673696
vn 0.850217 0.000000 0.526432
vn 0.932472 0.000000 0.361242
vn 0.982973 0.000000 0.183750
vn 0.982973 0.183750 0.000000
vn 0.932472 0.361242 0.000000
vn 0.850217 0.526432 0.000000
vn 0.739009 0.673696 0.000000
vn 0.602635 0.798017 0.000000
vn 0.445738 0.895163 0.000000
vn 0.273663 0.961826 0.000000
vn -0.273663 0.961826 0.000000
vn -0.445738 0.895163 0.000000
vn -0.602635 0.798017 0.000000
vn -0.739009 0.673696 0.000000
vn -0.850217 0.526432 0.000000
vn -0.932472 0.361242 0.000000
vn -0.982973 0.183750 0.000000
vn 0.273663 0.945449 0.176735
vn 0.445738 0.879921 0.164486
vn 0.602635 0.784429 0.146635
vn 0.739009 0.662225 0.123791
vn 0.850217 0.517469 0.096732
vn 0.932472 0.355091 0.066378
vn 0.982973 0.180621 0.033764
vn -0.982973 0.171341 0.066378
vn -0.932472 0.336848 0.130496
vn -0.850217 0.490883 0.190169
vn -0.739009 0.628202 0.243367
vn -0.602635 0.744129 0.288277
vn -0.445738 0.834715 0.323370
vn -0.273663 0.896876 0.347452
vn -0.092268 0.928494 0.359701
vn 0.092268 0.928494 0.359701
vn 0.273663 0.896876 0.347452
vn 0.445738 0.834715 0.323370
vn 0.602635 0.744129 0.288277
vn 0.739009 0.628202 0.243367
vn 0.850217 0.490883 0.190169
vn 0.932472 0.336848 0.130496
vn 0.982973 0.171341 0.066378
vn -0.273663 0.945449 0.176735
vn -0.445738 0.879921 0.164486
vn -0.602635 0.784429 0.146635
vn -0.739009 0.662225 0.123791
vn -0.850217 0.517469 0.096732
vn -0.932472 0.355091 0.066378
vn -0.982973 0.180621 0.033764
vn -0.273663 0.945449 -0.176735
vn -0.445738 0.879921 -0.164486
vn -0.602635 0.784429 -0.146635
vn -0.739009 0.662225 -0.123791
vn -0.850217 0.517469 -0.096732
vn -0.932472 0.355091 -0.066378
vn -0.982973 0.180621 -0.033764
vn 0.982973 0.171341 -0.066378
vn 0.932472 0.336848 -0.130496
vn 0.850217 0.490883 -0.190169
vn 0.739009 0.628202 -0.243367
vn 0.602635 0.744129 -0.288277
vn 0.445738 0.834715 -0.323370
vn 0.273663 0.896876 -0.347452
vn 0.092268 0.928494 -0.359701
vn -0.092268 0.928494 -0.359701
vn -0.273663 0.896876 -0.347452
vn -0.445738 0.834715 -0.323370
vn -0.602635 0.744129 -0.288277
vn -0.739009 0.628202 -0.243367
vn -0.850217 0.490883 -0.190169
vn -0.932472 0.336848 -0.130496
vn -0.982973 0.171341 -0.066378
vn 0.273663 0.945449 -0.176735
vn 0.445738 0.879921 -0.164486
vn 0.602635 0.784429 -0.146635
vn 0.739009 0.662225 -0.123791
vn 0.850217 0.517469 -0.096732
vn 0.932472 0.355091 -0.066378
vn 0.982973 0.180621 -0.033764
vn -0.982973 0.016954 -0.182966
vn -0.932472 0.033331 -0.359701
vn -0.850217 0.048573 -0.524186
vn -0.739009 0.062161 -0.670822
vn -0.602635 0.073632 -0.794613
vn -0.445738 0.082595 -0.891345
vn -0.273663 0.088746 -0.957723
vn -0.092268 0.091875 -0.991487
vn 0.092268 0.091875 -0.991487
vn 0.273663 0.088746 -0.957723
vn 0.445738 0.082595 -0.891345
vn 0.602635 0.073632 -0.794613
vn 0.739009 0.062161 -0.670822
vn 0.850217 0.048573 -0.524186
vn 0.932472 0.033331 -0.359701
vn 0.982973 0.016954 -0.182966
vn 0.982973 0.016954 0.182966
vn 0.932472 0.033331 0.359701
vn 0.850217 0.048573 0.524186
vn 0.739009 0.062161 0.670822
vn 0.602635 0.073632 0.794613
vn 0.445738 0.082595 0.891345
vn 0.273663 0.088746 0.957723
vn 0.092268 0.091875 0.991487
vn -0.092268 0.091875 0.991487
vn -0.273663 0.088746 0.957723
vn -0.445738 0.082595 0.891345
vn -0.602635 0.073632 0.794613
vn -0.739009 0.062161 0.670822
vn -0.850217 0.048573 0.524186
vn -0.932472 0.033331 0.359701
vn -0.982973 0.016954 0.182966
vn -0.982973 0.156227 0.096732
vn -0.932472 0.307134 0.190169
vn -0.850217 0.447582 0.277131
vn -0.739009 0.572788 0.354655
vn -0.602635 0.678488 0.420102
vn -0.445738 0.761083 0.471243
vn -0.273663 0.817761 0.506336
vn -0.092268 0.846590 0.524186
vn 0.092268 0.846590 0.524186
vn 0.273663 0.817761 0.506336
vn 0.445738 0.761083 0.471243
vn 0.602635 0.678488 0.420102
vn 0.739009 0.572788 0.354655
vn 0.850217 0.447582 0.277131
vn 0.932472 0.307134 0.190169
vn 0.982973 0.156227 0.096732
vn -0.982973 0.135793 0.123791
vn -0.932472 0.266961 0.243367
vn -0.850217 0.389038 0.354655
vn -0.739009 0.497867 0.453866
vn -0.602635 0.589742 0.537621
vn -0.445738 0.661534 0.603068
vn -0.273663 0.710798 0.647978
vn -0.092268 0.735856 0.670822
vn 0.092268 0.735856 0.670822
vn 0.273663 0.710798 0.647978
vn 0.445738 0.661534 0.603068
vn 0.602635 0.589742 0.537621
vn 0.739009 0.497867 0.453866
vn 0.850217 0.389038 0.354655
vn 0.932472 0.266961 0.243367
vn 0.982973 0.135793 0.123791
vn -0.982973 0.110734 0.146635
vn -0.932472 0.217697 0.288277
vn -0.850217 0.317246 0.420102
vn -0.739009 0.405992 0.537621
vn -0.602635 0.480913 0.636832
vn -0.445738 0.539456 0.714356
vn -0.273663 0.579629 0.767553
vn -0.092268 0.600064 0.794613
vn 0.092268 0.600064 0.794613
vn 0.273663 0.579629 0.767553
vn 0.445738 0.539456 0.714356
vn 0.602635 0.480913 0.636832
vn 0.739009 0.405992 0.537621
vn 0.850217 0.317246 0.420102
vn 0.932472 0.217697 0.288277
vn 0.982973 0.110734 0.146635
vn -0.982973 0.081904 0.164486
vn -0.932472 0.161019 0.323370
vn -0.850217 0.234651 0.471243
vn -0.739009 0.300292 0.603068
vn -0.602635 0.355707 0.714356
vn -0.445738 0.399009 0.801317
vn -0.273663 0.428723 0.860991
vn -0.092268 0.443837 0.891345
vn 0.092268 0.443837 0.891345
vn 0.273663 0.428723 0.860991
vn 0.445738 0.399009 0.801317
vn 0.602635 0.355707 0.714356
vn 0.739009 0.300292 0.603068
vn 0.850217 0.234651 0.471243
vn 0.932472 0.161019 0.323370
vn 0.982973 0.081904 0.164486
vn -0.982973 0.050285 0.176735
vn -0.932472 0.098858 0.347452
vn -0.850217 0.144065 0.506336
vn -0.739009 0.184366 0.647978
vn -0.602635 0.218388 0.767553
vn -0.445738 0.244973 0.860991
vn -0.273663 0.263216 0.925109
vn -0.092268 0.272496 0.957723
vn 0.092268 0.272496 0.957723
vn 0.273663 0.263216 0.925109
vn 0.445738 0.244973 0.860991
vn 0.602635 0.218388 0.767553
vn 0.739009 0.184366 0.647978
vn 0.850217 0.144065 0.506336
vn 0.932472 0.098858 0.347452
vn 0.982973 0.050285 0.176735
vn 0.982973 0.156227 -0.096732
vn 0.932472 0.307134 -0.190169
vn 0.850217 0.447582 -0.277131
vn 0.739009 0.572788 -0.354655
vn 0.602635 0.678488 -0.420102
vn 0.445738 0.761083 -0.471243
vn 0.273663 0.817761 -0.506336
vn 0.092268 0.846590 -0.524186
vn -0.092268 0.846590 -0.524186
vn -0.273663 0.817761 -0.506336
vn -0.445738 0.761083 -0.471243
vn -0.602635 0.678488 -0.420102
vn -0.739009 0.572788 -0.354655
vn -0.850217 0.447582 -0.277131
vn -0.932472 0.307134 -0.190169
vn -0.982973 0.156227 -0.096732
vn 0.982973 0.135793 -0.123791
vn 0.932472 0.266961 -0.243367
vn 0.850217 0.389038 -0.354655
vn 0.739009 0.497867 -0.453866
vn 0.602635 0.589742 -0.537621
vn 0.445738 0.661534 -0.603068
vn 0.273663 0.710798 -0.647978
vn 0.092268 0.735856 -0.670822
vn -0.092268 0.735856 -0.670822
vn -0.273663 0.710798 -0.647978
vn -0.445738 0.661534 -0.603068
vn -0.602635 0.589742 -0.537621
vn -0.739009 0.497867 -0.453866
vn -0.850217 0.389038 -0.354655
vn -0.932472 0.266961 -0.243367
vn -0.982973 0.135793 -0.123791
vn 0.982973 0.110734 -0.146635
vn 0.932472 0.217697 -0.288277
vn 0.850217 0.317246 -0.420102
vn 0.739009 0.405992 -0.537621
vn 0.602635 0.480913 -0.636832
vn 0.445738 0.539456 -0.714356
vn 0.273663 0.579629 -0.767553
vn 0.092268 0.600064 -0.794613
vn -0.092268 0.600064 -0.794613
vn -0.273663 0.579629 -0.767553
vn -0.445738 0.539456 -0.714356
vn -0.602635 0.480913 -0.636832
vn -0.739009 0.405992 -0.537621
vn -0.850217 0.317246 -0.420102
vn -0.932472 0.217697 -0.288277
vn -0.982973 0.110734 -0.146635
vn 0.982973 0.081904 -0.164486
vn 0.932472 0.161019 -0.323370
vn 0.850217 0.234651 -0.471243
vn 0.739009 0.300292 -0.603068
vn 0.602635 0.355707 -0.714356
vn 0.445738 0.399009 -0.801317
vn 0.273663 0.428723 -0.860991
vn 0.092268 0.443837 -0.891345
vn -0.092268 0.443837 -0.891345
vn -0.273663 0.428723 -0.860991
vn -0.445738 0.399009 -0.801317
vn -0.602635 0.355707 -0.714356
vn -0.739009 0.300292 -0.603068
vn -0.850217 0.234651 -0.471243
vn -0.932472 0.161019 -0.323370
vn -0.982973 0.081904 -0.164486
vn 0.982973 0.050285 -0.176735
vn 0.932472 0.098858 -0.347452
vn 0.850217 0.144065 -0.506336
vn 0.739009 0.184366 -0.647978
vn 0.602635 0.218388 -0.767553
vn 0.445738 0.244973 -0.860991
vn 0.273663 0.263216 -0.925109
vn 0.092268 0.272496 -0.957723
vn -0.092268 0.272496 -0.957723
vn -0.273663 0.263216 -0.925109
vn -0.445738 0.244973 -0.860991
vn -0.602635 0.218388 -0.767553
vn -0.739009 0.184366 -0.647978
vn -0.850217 0.144065 -0.506336
vn -0.932472 0.098858 -0.347452
vn -0.982973 0.050285 -0.176735
vn 0.203797 0.975367 -0.084415
vn -0.602635 0.784429 -0.146635
vn -0.602635 0.798017 0.000000
vn -1.000000 0.000000 0.000000
vn -0.220588 0.975367 0.000000
vn -0.273663 0.961826 0.000000
vn -0.273663 0.961826 0.000000
vn -0.273663 0.961826 0.000000
vn -1.000000 0.000000 0.000000
vn 0.445738 0.895163 0.000000
vn 0.445738 0.879921 -0.164486
vn 1.000000 0.000000 0.000000
vn 0.273663 0.961826 0.000000
vn 0.273663 0.945449 -0.176735
vn 1.000000 0.000000 0.000000
vn -1.000000 0.000000 0.000000
vn 1.000000 0.000000 0.000000
vn 1.000000 0.000000 0.000000
vn 1.000000 0.000000 0.000000
vn 1.000000 0.000000 0.000000
vn 1.000000 0.000000 0.000000
vn 1.000000 0.000000 0.000000
vn 1.000000 0.000000 0.000000
vn -1.000000 0.000000 0.000000
vn -1.000000 0.000000 0.000000
vn -1.000000 0.000000 0.000000
vn -1.000000 0.000000 0.000000
vn -1.000000 0.000000 0.000000
vn -0.982973 0.180621 -0.033764
vn 0.982973 0.183750 0.000000
vn 0.982973 0.183750 0.000000
vn 0.932472 0.355091 -0.066378
vn 0.932472 0.361242 0.000000
vn 0.850217 0.517469 -0.096732
vn 0.850217 0.526432 0.000000
vn 0.739009 0.662225 -0.123791
vn 0.739009 0.673696 0.000000
vn 0.602635 0.784429 -0.146635
vn 0.602635 0.798017 0.000000
vn -0.445738 0.879921 -0.164486
vn -0.445738 0.895163 0.000000
vn -0.739009 0.662225 -0.123791
vn -0.739009 0.673696 0.000000
vn -0.850217 0.517469 -0.096732
vn -0.850217 0.526432 0.000000
vn -0.932472 0.355091 -0.066378
vn -0.932472 0.361242 0.000000
vn -0.982973 0.180621 -0.033764
vn 0.000000 0.000000 -1.000000
vn 0.000000 0.000000 -1.000000
vn 0.000000 0.000000 -1.000000
vn 0.000000 0.000000 -1.000000
vn 0.000000 0.000000 1.000000
vn 0.000000 0.000000 1.000000
vn 0.000000 0.000000 1.000000
vn 0.000000 0.000000 1.000000
vn 0.000000 1.000000 0.000000
vn 0.000000 1.000000 0.000000
vn 0.000000 1.000000 0.000000
vn 0.000000 1.000000 0.000000
vn 0.000000 1.000000 0.000000
vn 0.000000 1.000000 0.000000
vn 0.000000 1.000000 0.000000
vn 0.000000 1.000000 0.000000
vn 0.000000 1.000000 0.000000
vn 0.000000 1.000000 0.000000
vn 0.000000 1.000000 0.000000
vn 0.000000 1.000000 0.000000
vn 0.000000 1.000000 0.000000
vn 0.000000 1.000000 0.000000
vn 0.000000 1.000000 0.000000
vn 0.000000 1.000000 0.000000
vn 0.000000 1.000000 0.000000
vn 0.000000 1.000000 0.000000
vn 0.000000 1.000000 0.000000
vn 0.000000 1.000000 0.000000
vn 0.000000 1.000000 0.000000
vn 0.000000 1.000000 0.000000
vn 0.000000 1.000000 0.000000
vn 0.000000 1.000000 0.000000
vn 0.000000 1.000000 0.000000
vn 0.000000 1.000000 0.000000
vn 0.000000 1.000000 0.000000
vn 0.000000 1.000000 0.000000
vn 0.000000 1.000000 0.000000
vn 0.000000 1.000000 0.000000
vn 0.000000 1.000000 0.000000
vn 0.000000 1.000000 0.000000
vn 0.000000 1.000000 0.000000
vn 0.000000 1.000000 0.000000
vn 0.000000 1.000000 0.000000
vn 0.000000 1.000000 0.000000
vn 0.000000 1.000000 0.000000
vn 0.000000 1.000000 0.000000
vn 0.000000 1.000000 0.000000
vn 0.000000 1.000000 0.000000
vn 0.000000 1.000000 0.000000
vn 0.000000 1.000000 0.000000
vn 0.000000 1.000000 0.000000
vn 0.000000 1.000000 0.000000
vn 0.000000 1.000000 0.000000
vn 0.000000 1.000000 0.000000
vn 0.000000 1.000000 0.000000
vn 0.000000 1.000000 0.000000
vn 0.000000 1.000000 0.000000
vn 0.000000 1.000000 0.000000
vn 0.000000 1.000000 0.000000
vn 0.000000 1.000000 0.000000
vn 0.000000 1.000000 0.000000
vn 0.000000 1.000000 0.000000
vn 0.000000 1.000000 0.000000
vn 0.000000 1.000000 0.000000
vn 0.000000 1.000000 0.000000
vn 0.000000 0.000000 -1.000000
vn 0.000000 0.000000 -1.000000
vn 0.000000 0.000000 -1.000000
vn 0.000000 0.000000 -1.000000
vn 0.000000 1.000000 0.000000
vn 0.000000 1.000000 0.000000
vn 0.000000 1.000000 0.000000
vn 0.000000 1.000000 0.000000
vn 0.000000 0.000000 1.000000
vn 0.000000 0.000000 1.000000
vn 0.000000 0.000000 1.000000
vn 0.000000 0.000000 1.000000
vn 0.000000 0.000000 1.000000
vn 0.000000 0.000000 1.000000
vn 0.000000 0.000000 1.000000
vn 0.000000 0.000000 1.000000
vn -1.000000 0.000000 0.000000
vn -1.000000 0.000000 0.000000
vn -1.000000 0.000000 0.000000
vn -1.000000 0.000000 0.000000
vn 0.000000 0.000000 -1.000000
vn 0.000000 0.000000 -1.000000
vn 0.000000 0.000000 -1.000000
vn 0.000000 0.000000 -1.000000
vn 1.000000 0.000000 0.000000
vn 1.000000 0.000000 0.000000
vn 1.000000 0.000000 0.000000
vn 1.000000 0.000000 0.000000
vn 0.000000 1.000000 0.000000
vn 0.000000 1.000000 0.000000
vn 0.000000 1.000000 0.000000
vn 0.000000 1.000000 0.000000
vn 0.000000 0.000000 1.000000
vn 0.000000 0.000000 1.000000
vn 0.000000 0.000000 1.000000
vn 0.000000 0.000000 1.000000
vn -1.000000 0.000000 0.000000
vn -0.993482 0.000000 -0.113991
vn -0.974012 0.000000 -0.226497
vn -0.941844 0.000000 -0.336049
vn -0.897398 0.000000 -0.441221
vn -0.841254 0.000000 -0.540641
vn -0.774142 0.000000 -0.633012
vn -0.696938 0.000000 -0.717132
vn -0.610648 0.000000 -0.791902
vn -0.516397 0.000000 -0.856349
vn -0.415415 0.000000 -0.909632
vn -0.309017 0.000000 -0.951057
vn -0.198590 0.000000 -0.980083
vn -0.085575 0.000000 -0.996332
vn 0.028556 0.000000 -0.999592
vn 0.142315 0.000000 -0.989821
vn 0.254218 0.000000 -0.967147
vn 0.362808 0.000000 -0.931864
vn 0.466667 0.000000 -0.884433
vn 0.564443 0.000000 -0.825472
vn 0.654861 0.000000 -0.755750
vn 0.736741 0.000000 -0.676175
vn 0.809017 0.000000 -0.587785
vn 0.870746 0.000000 -0.491733
vn 0.921124 0.000000 -0.389270
vn 0.959493 0.000000 -0.281733
vn 0.985354 0.000000 -0.170522
vn 0.998369 0.000000 -0.057089
vn 0.998369 0.000000 0.057089
vn 0.985354 0.000000 0.170522
vn 0.959493 0.000000 0.281733
vn 0.921124 0.000000 0.389270
vn 0.870746 0.000000 0.491733
vn 0.809017 0.000000 0.587785
vn 0.736741 0.000000 0.676175
vn 0.654861 0.000000 0.755750
vn 0.564443 0.000000 0.825472
vn 0.466667 0.000000 0.884433
vn 0.362808 0.000000 0.931864
vn 0.254218 0.000000 0.967147
vn 0.142315 0.000000 0.989821
vn 0.028556 0.000000 0.999592
vn -0.085575 0.000000 0.996332
vn -0.198590 0.000000 0.980083
vn -0.309017 0.000000 0.951057
vn -0.415415 0.000000 0.909632
vn -0.516397 0.000000 0.856349
vn -0.610648 0.000000 0.791902
vn -0.696938 0.000000 0.717132
vn -0.774142 0.000000 0.633012
vn -0.841254 0.000000 0.540641
vn -0.897398 0.000000 0.441221
vn -0.941844 0.000000 0.336049
vn -0.974012 0.000000 0.226497
vn -0.993482 0.000000 0.113991
vn -1.000000 0.000000 0.000000
vn -0.993482 0.000000 0.113991
vn -0.974012 0.000000 0.226497
vn -0.941844 0.000000 0.336049
vn -0.897398 0.000000 0.441221
vn -0.841254 0.000000 0.540641
vn -0.774142 0.000000 0.633012
vn -0.696938 0.000000 0.717132
vn -0.610648 0.000000 0.791902
vn -0.516397 0.000000 0.856349
vn -0.415415 0.000000 0.909632
vn -0.309017 0.000000 0.951057
vn -0.198590 0.000000 0.980083
vn -0.085575 0.000000 0.996332
vn 0.028556 0.000000 0.999592
vn 0.142315 0.000000 0.989821
vn 0.254218 0.000000 0.967147
vn 0.362808 0.000000 0.931864
vn 0.466667 0.000000 0.884433
vn 0.564443 0.000000 0.825472
vn 0.654861 0.000000 0.755750
vn 0.736741 0.000000 0.676175
vn 0.809017 0.000000 0.587785
vn 0.870746 0.000000 0.491733
vn 0.921124 0.000000 0.389270
vn 0.959493 0.000000 0.281733
vn 0.985354 0.000000 0.170522
vn 0.998369 0.000000 0.057089
vn 0.998369 0.000000 -0.057089
vn 0.985354 0.000000 -0.170522
vn 0.959493 0.000000 -0.281733
vn 0.921124 0.000000 -0.389270
vn 0.870746 0.000000 -0.491733
vn 0.809017 0.000000 -0.587785
vn 0.736741 0.000000 -0.676175
vn 0.654861 0.000000 -0.755750
vn 0.564443 0.000000 -0.825472
vn 0.466667 0.000000 -0.884433
vn 0.362808 0.000000 -0.931864
vn 0.254218 0.000000 -0.967147
vn 0.142315 0.000000 -0.989821
vn 0.028556 0.000000 -0.999592
vn -0.085575 0.000000 -0.996332
vn -0.198590 0.000000 -0.980083
vn -0.309017 0.000000 -0.951057
vn -0.415415 0.000000 -0.909632
vn -0.516397 0.000000 -0.856349
vn -0.610648 0.000000 -0.791902
vn -0.696938 0.000000 -0.717132
vn -0.774142 0.000000 -0.633012
vn -0.841254 0.000000 -0.540641
vn -0.897398 0.000000 -0.441221
vn -0.941844 0.000000 -0.336049
vn -0.974012 0.000000 -0.226497
vn -0.993482 0.000000 -0.113991
vn -1.000000 0.000000 0.000000
vn -1.000000 0.000000 0.000000
vn 0.000000 -1.000000 0.000000
vn 0.000000 -1.000000 0.000000
vn 0.000000 -1.000000 0.000000
vn 0.000000 -1.000000 0.000000
vn 0.000000 -1.000000 0.000000
vn 0.000000 -1.000000 0.000000
vn 0.000000 -1.000000 0.000000
vn 0.000000 -1.000000 0.000000
vn 0.000000 -1.000000 0.000000
vn 0.000000 -1.000000 0.000000
vn 0.000000 -1.000000 0.000000
vn 0.000000 -1.000000 0.000000
vn 0.000000 1.000000 0.000000
vn 0.000000 1.000000 0.000000
vn 0.000000 1.000000 0.000000
vn 0.000000 1.000000 0.000000
vn 0.000000 1.000000 0.000000
vn 0.000000 1.000000 0.000000
vn 0.000000 1.000000 0.000000
vn 0.000000 1.000000 0.000000
vn 0.000000 1.000000 0.000000
vn 0.000000 1.000000 0.000000
vn 0.000000 1.000000 0.000000
vn 0.000000 1.000000 0.000000
vn 0.000000 1.000000 0.000000
vn 0.000000 1.000000 0.000000
vn 0.000000 1.000000 0.000000
vn 0.000000 1.000000 0.000000
vn 0.000000 1.000000 0.000000
vn 0.000000 1.000000 0.000000
vn 0.000000 1.000000 0.000000
vn 0.000000 1.000000 0.000000
vn 0.000000 1.000000 0.000000
vn 0.000000 1.000000 0.000000
vn 0.000000 1.000000 0.000000
vn 0.000000 1.000000 0.000000
vn 0.000000 1.000000 0.000000
vn 0.000000 1.000000 0.000000
vn 0.000000 1.000000 0.000000
vn 0.000000 1.000000 0.000000
vn 0.000000 1.000000 0.000000
vn 0.000000 1.000000 0.000000
vn 0.000000 1.000000 0.000000
vn 0.000000 1.000000 0.000000
vn 0.000000 1.000000 0.000000
vn 0.000000 1.000000 0.000000
vn 0.000000 1.000000 0.000000
vn 0.000000 1.000000 0.000000
vn 0.000000 1.000000 0.000000
vn 0.000000 1.000000 0.000000
vn 0.000000 1.000000 0.000000
vn 0.000000 1.000000 0.000000
vn 0.000000 1.000000 0.000000
vn 0.000000 1.000000 0.000000
vn 0.000000 1.000000 0.000000
vn 0.000000 1.000000 0.000000
vn 0.000000 1.000000 0.000000
vn 0.000000 1.000000 0.000000
vn 0.000000 1.000000 0.000000
vn 0.000000 1.000000 0.000000
vn 0.000000 1.000000 0.000000
vn 0.000000 1.000000 0.000000
vn 0.000000 1.000000 0.000000
vn 0.000000 1.000000 0.000000
vn 0.000000 1.000000 0.000000
vn 0.000000 1.000000 0.000000
vn 0.000000 1.000000 0.000000
vn 0.000000 1.000000 0.000000
vn 0.000000 1.000000 0.000000
vn 0.000000 1.000000 0.000000
vn 0.000000 1.000000 0.000000
vn 0.000000 1.000000 0.000000
vn 0.000000 1.000000 0.000000
vn 0.000000 1.000000 0.000000
vn 0.000000 1.000000 0.000000
vn 0.000000 1.000000 0.000000
vn 0.000000 1.000000 0.000000
vn 0.000000 1.000000 0.000000
vn 0.000000 1.000000 0.000000
vn 0.000000 1.000000 0.000000
vn 0.000000 1.000000 0.000000
vn 0.000000 1.000000 0.000000
vn 0.000000 1.000000 0.000000
vn 0.000000 1.000000 0.000000
vn 0.000000 1.000000 0.000000
vn 0.000000 1.000000 0.000000
vn 0.000000 1.000000 0.000000
vn 0.000000 1.000000 0.000000
vn 0.000000 1.000000 0.000000
vn 0.000000 1.000000 0.000000
vn 0.000000 1.000000 0.000000
vn 0.000000 1.000000 0.000000
vn 0.000000 1.000000 0.000000
vn 0.000000 1.000000 0.000000
vn 0.000000 1.000000 0.000000
vn 0.000000 1.000000 0.000000
vn 0.000000 1.000000 0.000000
vn 0.000000 1.000000 0.000000
vn 0.000000 1.000000 0.000000
vn 0.000000 1.000000 0.000000
vn 0.000000 1.000000 0.000000
vn 0.000000 1.000000 0.000000
vn 0.000000 1.000000 0.000000
vn 0.000000 1.000000 0.000000
vn 0.000000 1.000000 0.000000
vn 0.000000 1.000000 0.000000
vn 0.000000 1.000000 0.000000
vn 0.000000 1.000000 0.000000
vn 0.000000 1.000000 0.000000
vn 0.000000 1.000000 0.000000
vn 0.000000 1.000000 0.000000
vn 0.000000 1.000000 0.000000
vn 0.000000 1.000000 0.000000
vn 0.000000 1.000000 0.000000
vn 0.000000 1.000000 0.000000
vn 0.000000 1.000000 0.000000
vn 0.000000 1.000000 0.000000
vn 0.000000 1.000000 0.000000
vn 0.000000 1.000000 0.000000
vn 0.000000 1.000000 0.000000
vn 0.000000 1.000000 0.000000
vn 0.000000 1.000000 0.000000
vn 0.000000 1.000000 0.000000
vn 0.000000 1.000000 0.000000
vn 0.000000 1.000000 0.000000
vn 0.000000 1.000000 0.000000
vn 0.000000 1.000000 0.000000
vn 0.000000 1.000000 0.000000
vn 0.000000 1.000000 0.000000
vn 0.000000 1.000000 0.000000
vn 0.000000 1.000000 0.000000
vn 0.000000 1.000000 0.000000
vn 0.000000 1.000000 0.000000
vn 0.000000 1.000000 0.000000
vn 0.000000 1.000000 0.000000
vn 0.000000 1.000000 0.000000
vn 0.000000 1.000000 0.000000
vn 0.000000 1.000000 0.000000
vn 0.000000 1.000000 0.000000
vn 0.000000 1.000000 0.000000
vn 0.000000 1.000000 0.000000
vn 0.000000 1.000000 0.000000
vn 0.000000 1.000000 0.000000
vn 0.000000 1.000000 0.000000
vn 0.000000 1.000000 0.000000
vn 0.000000 1.000000 0.000000
vn 0.000000 1.000000 0.000000
vn 0.000000 1.000000 0.000000
vn 0.000000 1.000000 0.000000
vn 0.000000 1.000000 0.000000
vn 0.000000 1.000000 0.000000
vn -1.000000 0.000000 0.000000
vn -1.000000 0.000000 0.000000
vn -1.000000 0.000000 0.000000
vn -1.000000 0.000000 0.000000
vn 0.000000 0.000000 1.000000
vn 0.000000 0.000000 1.000000
vn 0.000000 0.000000 1.000000
vn 0.000000 0.000000 1.000000
vn 1.000000 0.000000 0.000000
vn 1.000000 0.000000 0.000000
vn 1.000000 0.000000 0.000000
vn 1.000000 0.000000 0.000000
vn 0.000000 0.000000 -1.000000
vn 0.000000 0.000000 -1.000000
vn 0.000000 0.000000 -1.000000
vn 0.000000 0.000000 -1.000000
vn 0.000000 0.000000 -1.000000
vn 0.000000 1.000000 0.000000
vn 0.000000 1.000000 0.000000
vn 0.000000 1.000000 0.000000
vn 0.000000 1.000000 0.000000
vn 1.000000 0.000000 0.000000
vn 1.000000 0.000000 0.000000
vn 1.000000 0.000000 0.000000
vn 1.000000 0.000000 0.000000
vn 1.000000 0.000000 0.000000
vn 0.000000 0.000000 -1.000000
vn 0.000000 0.000000 -1.000000
vn 0.000000 0.000000 -1.000000
vn 0.000000 0.000000 -1.000000
vn 1.000000 0.000000 0.000000
vn 1.000000 0.000000 0.000000
vn 1.000000 0.000000 0.000000
vn 1.000000 0.000000 0.000000
vn 1.000000 0.000000 0.000000
vn 0.000000 0.000000 -1.000000
vn 0.000000 0.000000 -1.000000
vn 0.000000 0.000000 -1.000000
vn 0.000000 0.000000 -1.000000
vn 0.000000 0.000000 -1.000000
vn 0.000000 0.000000 -1.000000
vn 0.000000 0.000000 -1.000000
vn 0.000000 0.000000 -1.000000
vn 0.000000 0.000000 -1.000000
vn 0.000000 0.000000 -1.000000
vn 0.000000 0.000000 -1.000000
vn 0.000000 0.000000 -1.000000
vn 0.000000 0.000000 -1.000000
vn 0.000000 1.000000 0.000000
vn 0.000000 1.000000 0.000000
vn 0.000000 1.000000 0.000000
vn 0.000000 1.000000 0.000000
vn 0.000000 0.000000 1.000000
vn 0.000000 0.000000 1.000000
vn 0.000000 0.000000 1.000000
vn 0.000000 0.000000 1.000000
vn 1.000000 0.000000 0.000000
vn 1.000000 0.000000 0.000000
vn 1.000000 0.000000 0.000000
vn 1.000000 0.000000 0.000000
vn 1.000000 0.000000 0.000000
vn 1.000000 0.000000 0.000000
vn 0.000000 0.000000 -1.000000
vn 0.000000 0.000000 -1.000000
vn 0.000000 0.000000 -1.000000
vn 0.000000 0.000000 -1.000000
vn 0.000000 0.000000 1.000000
vn 0.000000 0.000000 1.000000
vn 0.000000 0.000000 1.000000
vn 0.000000 0.000000 1.000000
vn 0.000000 0.000000 1.000000
vn 0.000000 0.000000 1.000000
vn 1.000000 0.000000 0.000000
vn 1.000000 0.000000 0.000000
vn 1.000000 0.000000 0.000000
vn 1.000000 0.000000 0.000000
vn 1.000000 0.000000 0.000000
vn 1.000000 0.000000 0.000000
vn 1.000000 0.000000 0.000000
vn 1.000000 0.000000 0.000000
vn 1.000000 0.000000 0.000000
vn 0.000000 0.000000 -1.000000
vn 0.000000 0.000000 -1.000000
vn 0.000000 0.000000 -1.000000
vn 0.000000 0.000000 -1.000000
vn 1.000000 0.000000 0.000000
vn 1.000000 0.000000 0.000000
vn 1.000000 0.000000 0.000000
vn 1.000000 0.000000 0.000000
vn 0.000000 1.000000 0.000000
vn 0.000000 1.000000 0.000000
vn 0.000000 1.000000 0.000000
vn 0.000000 1.000000 0.000000
vn 1.000000 0.000000 0.000000
vn 1.000000 0.000000 0.000000
vn 1.000000 0.000000 0.000000
vn 1.000000 0.000000 0.000000
vn 1.000000 0.000000 0.000000
vn 0.000000 0.707107 0.707107
vn 0.000000 0.707107 0.707107
vn 0.000000 0.707107 0.707107
vn 0.000000 0.707107 0.707107
vn 0.000000 0.707107 0.707107
vn 0.000000 0.707107 0.707107
vn 0.000000 1.000000 0.000000
vn 0.000000 1.000000 0.000000
vn 0.000000 1.000000 0.000000
vn 0.000000 1.000000 0.000000
vn 0.000000 0.000000 -1.000000
vn 0.000000 0.000000 -1.000000
vn 0.000000 0.000000 -1.000000
vn 0.000000 0.000000 -1.000000
vn 0.000000 0.000000 -1.000000
vn 0.000000 0.000000 -1.000000
vn 0.707107 0.707107 0.000000
vn 0.707107 0.707107 0.000000
vn 0.707107 0.707107 0.000000
vn 0.707107 0.707107 0.000000
vn 0.000000 0.000000 1.000000
vn 0.000000 0.000000 1.000000
vn 0.000000 0.000000 1.000000
vn 0.000000 0.000000 1.000000
vn 0.000000 0.000000 1.000000
vn 0.000000 0.000000 1.000000
vn -1.000000 0.000000 0.000000
vn -1.000000 0.000000 0.000000
vn -1.000000 0.000000 0.000000
vn -1.000000 0.000000 0.000000
vn 1.000000 0.000000 0.000000
vn 1.000000 0.000000 0.000000
vn 1.000000 0.000000 0.000000
vn 1.000000 0.000000 0.000000
vn 0.000000 0.000000 1.000000
vn 0.000000 0.000000 1.000000
vn 0.000000 0.000000 1.000000
vn 0.000000 0.000000 1.000000
vn -0.707107 0.707107 0.000000
vn -0.707107 0.707107 0.000000
vn -0.707107 0.707107 0.000000
vn -0.707107 0.707107 0.000000
vn 0.000000 0.000000 1.000000
vn 0.000000 0.000000 1.000000
vn 0.000000 0.000000 1.000000
vn 0.000000 0.000000 1.000000
vn 0.000000 0.000000 1.000000
vn -1.000000 0.000000 0.000000
vn -1.000000 0.000000 0.000000
vn -1.000000 0.000000 0.000000
vn -1.000000 0.000000 0.000000
vn -0.707107 0.707107 0.000000
vn -0.707107 0.707107 0.000000
vn -0.707107 0.707107 0.000000
vn -0.707107 0.707107 0.000000
vn 0.000000 1.000000 0.000000
vn 0.000000 1.000000 0.000000
vn 0.000000 1.000000 0.000000
vn 0.000000 1.000000 0.000000
vn -1.000000 0.000000 0.000000
vn -1.000000 0.000000 0.000000
vn -1.000000 0.000000 0.000000
vn -1.000000 0.000000 0.000000
vn -1.000000 0.000000 0.000000
vn 0.000000 0.000000 1.000000
vn 0.000000 0.000000 1.000000
vn 0.000000 0.000000 1.000000
vn 0.000000 0.000000 1.000000
vn 0.000000 0.707107 -0.707107
vn 0.000000 0.707107 -0.707107
vn 0.000000 0.707107 -0.707107
vn 0.000000 0.707107 -0.707107
vn 0.000000 1.000000 0.000000
vn 0.000000 1.000000 0.000000
vn 0.000000 1.000000 0.000000
vn 0.000000 1.000000 0.000000
vn -1.000000 0.000000 0.000000
vn -1.000000 0.000000 0.000000
vn -1.000000 0.000000 0.000000
vn -1.000000 0.000000 0.000000
vn -1.000000 0.000000 0.000000
vn 0.000000 0.707107 -0.707107
vn 0.000000 0.707107 -0.707107
vn 0.000000 0.707107 -0.707107
vn 0.000000 0.707107 -0.707107
vn -1.000000 0.000000 0.000000
vn -1.000000 0.000000 0.000000
vn -1.000000 0.000000 0.000000
vn -1.000000 0.000000 0.000000
vn -1.000000 0.000000 0.000000
vn -1.000000 0.000000 0.000000
vn -1.000000 0.000000 0.000000
vn -1.000000 0.000000 0.000000
vn 0.000000 0.000000 -1.000000
vn 0.000000 0.000000 -1.000000
vn 0.000000 0.000000 -1.000000
vn 0.000000 0.000000 -1.000000
vn -1.000000 0.000000 0.000000
vn -1.000000 0.000000 0.000000
vn -1.000000 0.000000 0.000000
vn -1.000000 0.000000 0.000000
vn 0.000000 0.000000 -1.000000
vn 0.000000 0.000000 -1.000000
vn 0.000000 0.000000 -1.000000
vn 0.000000 0.000000 -1.000000
vn 1.000000 0.000000 0.000000
vn 1.000000 0.000000 0.000000
vn 1.000000 0.000000 0.000000
vn 1.000000 0.000000 0.000000
vn -1.000000 0.000000 0.000000
vn -1.000000 0.000000 0.000000
vn -1.000000 0.000000 0.000000
vn -1.000000 0.000000 0.000000
vn 0.000000 0.000000 -1.000000
vn 0.000000 0.000000 -1.000000
vn 0.000000 0.000000 -1.000000
vn 0.000000 0.000000 -1.000000
vn 1.000000 0.000000 0.000000
vn 1.000000 0.000000 0.000000
vn 1.000000 0.000000 0.000000
vn 1.000000 0.000000 0.000000
vn 0.000000 0.000000 1.000000
vn 0.000000 0.000000 1.000000
vn 0.000000 0.000000 1.000000
vn 0.000000 0.000000 1.000000
vn -1.000000 0.000000 0.000000
vn -1.000000 0.000000 0.000000
vn -1.000000 0.000000 0.000000
vn -1.000000 0.000000 0.000000
vn 0.000000 0.000000 -1.000000
vn 0.000000 0.000000 -1.000000
vn 0.000000 0.000000 -1.000000
vn 0.000000 0.000000 -1.000000
vn 1.000000 0.000000 0.000000
vn 1.000000 0.000000 0.000000
vn 1.000000 0.000000 0.000000
vn 1.000000 0.000000 0.000000
vn 0.000000 0.000000 1.000000
vn 0.000000 0.000000 1.000000
vn 0.000000 0.000000 1.000000
vn 0.000000 0.000000 1.000000
vn 0.000000 1.000000 0.000000
vn 0.000000 1.000000 0.000000
vn 0.000000 1.000000 0.000000
vn 0.000000 1.000000 0.000000
vn -1.000000 0.000000 0.000000
vn -1.000000 0.000000 0.000000
vn -1.000000 0.000000 0.000000
vn -1.000000 0.000000 0.000000
vn 0.000000 0.000000 -1.000000
vn 0.000000 0.000000 -1.000000
vn 0.000000 0.000000 -1.000000
vn 0.000000 0.000000 -1.000000
vn 1.000000 0.000000 0.000000
vn 1.000000 0.000000 0.000000
vn 1.000000 0.000000 0.000000
vn 1.000000 0.000000 0.000000
vn 0.000000 0.000000 1.000000
vn 0.000000 0.000000 1.000000
vn 0.000000 0.000000 1.000000
vn 0.000000 0.000000 1.000000
vn 0.000000 1.000000 0.000000
vn 0.000000 1.000000 0.000000
vn 0.000000 1.000000 0.000000
vn 0.000000 1.000000 0.000000
vn -1.000000 0.000000 0.000000
vn -1.000000 0.000000 0.000000
vn -1.000000 0.000000 0.000000
vn -1.000000 0.000000 0.000000
vn 0.000000 0.000000 -1.000000
vn 0.000000 0.000000 -1.000000
vn 0.000000 0.000000 -1.000000
vn 0.000000 0.000000 -1.000000
vn 1.000000 0.000000 0.000000
vn 1.000000 0.000000 0.000000
vn 1.000000 0.000000 0.000000
vn 1.000000 0.000000 0.000000
vn 0.000000 0.000000 1.000000
vn 0.000000 0.000000 1.000000
vn 0.000000 0.000000 1.000000
vn 0.000000 0.000000 1.000000
vn 0.000000 1.000000 0.000000
vn 0.000000 1.000000 0.000000
vn 0.000000 1.000000 0.000000
vn 0.000000 1.000000 0.000000
vn -1.000000 0.000000 0.000000
vn -1.000000 0.000000 0.000000
vn -1.000000 0.000000 0.000000
vn -1.000000 0.000000 0.000000
vn 0.000000 0.000000 -1.000000
vn 0.000000 0.000000 -1.000000
vn 0.000000 0.000000 -1.000000
vn 0.000000 0.000000 -1.000000
vn 1.000000 0.000000 0.000000
vn 1.000000 0.000000 0.000000
vn 1.000000 0.000000 0.000000
vn 1.000000 0.000000 0.000000
vn 0.000000 0.000000 1.000000
vn 0.000000 0.000000 1.000000
vn 0.000000 0.000000 1.000000
vn 0.000000 0.000000 1.000000
vn 0.000000 1.000000 0.000000
vn 0.000000 1.000000 0.000000
vn 0.000000 1.000000 0.000000
vn 0.000000 1.000000 0.000000
vn -1.000000 0.000000 0.000000
vn -1.000000 0.000000 0.000000
vn -1.000000 0.000000 0.000000
vn -1.000000 0.000000 0.000000
vn 0.000000 0.000000 -1.000000
vn 0.000000 0.000000 -1.000000
vn 0.000000 0.000000 -1.000000
vn 0.000000 0.000000 -1.000000
vn 1.000000 0.000000 0.000000
vn 1.000000 0.000000 0.000000
vn 1.000000 0.000000 0.000000
vn 1.000000 0.000000 0.000000
vn 0.000000 0.000000 1.000000
vn 0.000000 0.000000 1.000000
vn 0.000000 0.000000 1.000000
vn 0.000000 0.000000 1.000000
vn 0.000000 1.000000 0.000000
vn 0.000000 1.000000 0.000000
vn 0.000000 1.000000 0.000000
vn 0.000000 1.000000 0.000000
vn 0.000000 0.000000 -1.000000
vn 0.000000 0.000000 -1.000000
vn 0.000000 0.000000 -1.000000
vn 0.000000 0.000000 -1.000000
vn 1.000000 0.000000 0.000000
vn 1.000000 0.000000 0.000000
vn 1.000000 0.000000 0.000000
vn 1.000000 0.000000 0.000000
vn 0.000000 0.000000 1.000000
vn 0.000000 0.000000 1.000000
vn 0.000000 0.000000 1.000000
vn 0.000000 0.000000 1.000000
vn 0.000000 1.000000 0.000000
vn 0.000000 1.000000 0.000000
vn 0.000000 1.000000 0.000000
vn 0.000000 1.000000 0.000000
vn 1.000000 0.000000 0.000000
vn 1.000000 0.000000 0.000000
vn 1.000000 0.000000 0.000000
vn 1.000000 0.000000 0.000000
vn 0.000000 0.000000 1.000000
vn 0.000000 0.000000 1.000000
vn 0.000000 0.000000 1.000000
vn 0.000000 0.000000 1.000000
vn 0.000000 1.000000 0.000000
vn 0.000000 1.000000 0.000000
vn 0.000000 1.000000 0.000000
vn 0.000000 1.000000 0.000000
vn 0.000000 0.000000 1.000000
vn 0.000000 0.000000 1.000000
vn 0.000000 0.000000 1.000000
vn 0.000000 0.000000 1.000000
vn 0.000000 1.000000 0.000000
vn 0.000000 1.000000 0.000000
vn 0.000000 1.000000 0.000000
vn 0.000000 1.000000 0.000000
vn 0.000000 1.000000 0.000000
vn 0.000000 1.000000 0.000000
vn 0.000000 1.000000 0.000000
vn 0.000000 1.000000 0.000000
vn 0.000000 0.707107 -0.707107
vn 0.000000 0.707107 -0.707107
vn 0.000000 0.707107 -0.707107
vn 0.000000 0.707107 -0.707107
vn 0.000000 0.707107 0.707107
vn 0.000000 0.707107 0.707107
vn 0.000000 0.707107 0.707107
vn 0.000000 0.707107 0.707107
vn 0.000000 1.000000 0.000000
vn 0.000000 1.000000 0.000000
vn 0.000000 1.000000 0.000000
vn 0.000000 1.000000 0.000000
vn -1.000000 0.000000 0.000000
vn -1.000000 0.000000 0.000000
vn -1.000000 0.000000 0.000000
vn -1.000000 0.000000 0.000000
vn -1.000000 0.000000 0.000000
vn -1.000000 0.000000 0.000000
vn 0.000000 0.707107 -0.707107
vn 0.000000 0.707107 -0.707107
vn 0.000000 0.707107 -0.707107
vn 0.000000 0.707107 -0.707107
vn 0.000000 0.707107 0.707107
vn 0.000000 0.707107 0.707107
vn 0.000000 0.707107 0.707107
vn 0.000000 0.707107 0.707107
vn 0.000000 1.000000 0.000000
vn 0.000000 1.000000 0.000000
vn 0.000000 1.000000 0.000000
vn 0.000000 1.000000 0.000000
vn -1.000000 0.000000 0.000000
vn -1.000000 0.000000 0.000000
vn -1.000000 0.000000 0.000000
vn -1.000000 0.000000 0.000000
vn -1.000000 0.000000 0.000000
vn -1.000000 0.000000 0.000000
vn -0.707107 0.707107 0.000000
vn -0.707107 0.707107 0.000000
vn -0.707107 0.707107 0.000000
vn -0.707107 0.707107 0.000000
vn -1.000000 0.000000 0.000000
vn -1.000000 0.000000 0.000000
vn -1.000000 0.000000 0.000000
vn -1.000000 0.000000 0.000000
vn 0.000000 0.000000 1.000000
vn 0.000000 0.000000 1.000000
vn 0.000000 0.000000 1.000000
vn 0.000000 0.000000 1.000000
vn 0.000000 0.000000 1.000000
vn 1.000000 0.000000 0.000000
vn 1.000000 0.000000 0.000000
vn 1.000000 0.000000 0.000000
vn 1.000000 0.000000 0.000000
vn 0.586454 0.000000 0.809982
vn 0.586454 0.000000 0.809982
vn 0.586454 0.000000 0.809982
vn 0.586454 0.000000 0.809982
vn -0.069478 0.000000 -0.997584
vn -0.069478 0.000000 -0.997584
vn -0.069478 0.000000 -0.997584
vn -0.069478 0.000000 -0.997584
vn 1.000000 0.000000 0.000000
vn 1.000000 0.000000 0.000000
vn 1.000000 0.000000 0.000000
vn 1.000000 0.000000 0.000000
vn 0.523399 0.000000 -0.852088
vn 0.523399 0.000000 -0.852088
vn 0.523399 0.000000 -0.852088
vn 0.523399 0.000000 -0.852088
vn -0.959522 0.000000 -0.281635
vn -0.959522 0.000000 -0.281635
vn -0.959522 0.000000 -0.281635
vn -0.959522 0.000000 -0.281635
vn 1.000000 0.000000 0.000000
vn 1.000000 0.000000 0.000000
vn 1.000000 0.000000 0.000000
vn 1.000000 0.000000 0.000000
vn 0.000000 0.000000 1.000000
vn 0.000000 0.000000 1.000000
vn 0.000000 0.000000 1.000000
vn 0.000000 0.000000 1.000000
vn 0.406482 0.000000 0.913659
vn 0.406482 0.000000 0.913659
vn 0.406482 0.000000 0.913659
vn 0.406482 0.000000 0.913659
vn 0.281635 0.000000 -0.959522
vn 0.281635 0.000000 -0.959522
vn 0.281635 0.000000 -0.959522
vn 0.281635 0.000000 -0.959522
vn -1.000000 0.000000 0.000000
vn -0.809017 0.000000 0.587785
vn -0.309017 0.000000 0.951057
vn 0.309017 0.000000 0.951057
vn 0.809017 0.000000 0.587785
vn 1.000000 0.000000 0.000000
vn 0.809017 0.000000 -0.587785
vn 0.309017 0.000000 -0.951057
vn -0.309017 0.000000 -0.951057
vn -0.809017 0.000000 -0.587785
vn -1.000000 0.000000 0.000000
vn -0.809017 0.000000 -0.587785
vn -0.309017 0.000000 -0.951057
vn 0.309017 0.000000 -0.951057
vn 0.809017 0.000000 -0.587785
vn 1.000000 0.000000 0.000000
vn 0.809017 0.000000 0.587785
vn 0.309017 0.000000 0.951057
vn -0.309017 0.000000 0.951057
vn -0.809017 0.000000 0.587785
vn -1.000000 0.000000 0.000000
vn -1.000000 0.000000 0.000000
vn 0.000000 0.000000 1.000000
vn 0.000000 0.000000 1.000000
vn 0.000000 0.000000 1.000000
vn 0.000000 0.000000 1.000000
vn 0.532684 0.000000 -0.846314
vn 0.532684 0.000000 -0.846314
vn 0.532684 0.000000 -0.846314
vn 0.532684 0.000000 -0.846314
vn -1.000000 0.000000 0.000000
vn -1.000000 0.000000 0.000000
vn -1.000000 0.000000 0.000000
vn -1.000000 0.000000 0.000000
vn 0.959522 0.000000 0.281635
vn 0.959522 0.000000 0.281635
vn 0.959522 0.000000 0.281635
vn 0.959522 0.000000 0.281635
vn 1.000000 0.000000 0.000000
vn 1.000000 0.000000 0.000000
vn 1.000000 0.000000 0.000000
vn 1.000000 0.000000 0.000000
vn 0.000000 -1.000000 0.000000
vn 0.000000 -1.000000 0.000000
vn 0.000000 -1.000000 0.000000
vn 0.000000 -1.000000 0.000000
vn 0.000000 -1.000000 0.000000
vn 0.000000 -1.000000 0.000000
vn 0.000000 -1.000000 0.000000
vn 0.000000 -1.000000 0.000000
vn 0.000000 -1.000000 0.000000
vn 0.000000 -1.000000 0.000000
vn 1.000000 0.000000 0.000000
vn 1.000000 0.000000 0.000000
vn 1.000000 0.000000 0.000000
vn 1.000000 0.000000 0.000000
vn 0.746967 0.000000 0.664861
vn 0.746967 0.000000 0.664861
vn 0.746967 0.000000 0.664861
vn 0.746967 0.000000 0.664861
vn -0.305508 0.000000 -0.952189
vn -0.305508 0.000000 -0.952189
vn -0.305508 0.000000 -0.952189
vn -0.305508 0.000000 -0.952189
vn 0.000000 0.000000 1.000000
vn 0.000000 0.000000 1.000000
vn 0.000000 0.000000 1.000000
vn 0.000000 0.000000 1.000000
vn -0.965115 0.000000 0.261827
vn -0.998801 0.000000 -0.048948
vn -0.934889 0.000000 -0.354940
vn -0.779623 0.000000 -0.626249
vn -0.548176 0.000000 -0.836363
vn -0.263163 0.000000 -0.964751
vn 0.047565 0.000000 -0.998868
vn 0.353645 0.000000 -0.935380
vn 0.625169 0.000000 -0.780490
vn 0.835603 0.000000 -0.549333
vn 0.964386 0.000000 -0.264498
vn 0.998933 0.000000 0.046182
vn 0.935868 0.000000 0.352350
vn 0.935868 0.000000 0.352350
vn 0.998933 0.000000 0.046182
vn 0.964386 0.000000 -0.264498
vn 0.835603 0.000000 -0.549333
vn 0.625169 0.000000 -0.780490
vn 0.353645 0.000000 -0.935380
vn 0.047565 0.000000 -0.998868
vn -0.263163 0.000000 -0.964751
vn -0.548176 0.000000 -0.836363
vn -0.779623 0.000000 -0.626249
vn -0.934889 0.000000 -0.354940
vn -0.998801 0.000000 -0.048948
vn -0.965115 0.000000 0.261827
vn 0.000000 0.000000 1.000000
vn 0.000000 0.000000 1.000000
vn 0.000000 0.000000 1.000000
vn 0.000000 0.000000 1.000000
vn 0.000000 0.000000 -1.000000
vn 0.000000 0.000000 -1.000000
vn 0.000000 0.000000 -1.000000
vn 0.000000 0.000000 -1.000000
vn -0.570276 0.000000 0.821453
vn -0.570276 0.000000 0.821453
vn -0.570276 0.000000 0.821453
vn -0.570276 0.000000 0.821453
vn -0.430324 0.000000 0.902674
vn -0.430324 0.000000 0.902674
vn -0.430324 0.000000 0.902674
vn -0.430324 0.000000 0.902674
vn 1.000000 0.000000 0.000000
vn 1.000000 0.000000 0.000000
vn 1.000000 0.000000 0.000000
vn 1.000000 0.000000 0.000000
vn 0.000000 0.000000 -1.000000
vn 0.000000 0.000000 -1.000000
vn 0.000000 0.000000 -1.000000
vn 0.000000 0.000000 -1.000000
vn 0.000000 -1.000000 0.000000
vn 0.000000 -1.000000 0.000000
vn 0.000000 -1.000000 0.000000
vn 0.000000 -1.000000 0.000000
vn 0.000000 -1.000000 0.000000
vn 0.000000 -1.000000 0.000000
vn 0.000000 -1.000000 0.000000
vn 0.000000 -1.000000 0.000000
vn 0.000000 -1.000000 0.000000
vn 0.000000 -1.000000 0.000000
vn 1.000000 0.000000 0.000000
vn 0.866025 0.000000 0.500000
vn 0.500000 0.000000 0.866025
vn 0.000000 0.000000 1.000000
vn -0.500000 0.000000 0.866025
vn -0.866025 0.000000 0.500000
vn -1.000000 0.000000 0.000000
vn -0.866025 0.000000 -0.500000
vn -0.500000 0.000000 -0.866025
vn 0.000000 0.000000 -1.000000
vn 0.500000 0.000000 -0.866025
vn 0.866025 0.000000 -0.500000
vn 1.000000 0.000000 0.000000
vn 0.866025 0.000000 -0.500000
vn 0.500000 0.000000 -0.866025
vn 0.000000 0.000000 -1.000000
vn -0.500000 0.000000 -0.866025
vn -0.866025 0.000000 -0.500000
vn -1.000000 0.000000 0.000000
vn -0.866025 0.000000 0.500000
vn -0.500000 0.000000 0.866025
vn 0.000000 0.000000 1.000000
vn 0.500000 0.000000 0.866025
vn 0.866025 0.000000 0.500000
vn 1.000000 0.000000 0.000000
vn 1.000000 0.000000 0.000000
vn -0.047565 0.000000 0.998868
vn -0.047565 0.000000 0.998868
vn -0.047565 0.000000 0.998868
vn -0.047565 0.000000 0.998868
vn -1.000000 0.000000 0.000000
vn -1.000000 0.000000 0.000000
vn -1.000000 0.000000 0.000000
vn -1.000000 0.000000 0.000000
vn 1.000000 0.000000 0.000000
vn 1.000000 0.000000 0.000000
vn 1.000000 0.000000 0.000000
vn 1.000000 0.000000 0.000000
vn 0.555466 0.000000 0.831539
vn 0.555466 0.000000 0.831539
vn 0.555466 0.000000 0.831539
vn 0.555466 0.000000 0.831539
vn -0.489300 0.000000 -0.872116
vn -0.489300 0.000000 -0.872116
vn -0.489300 0.000000 -0.872116
vn -0.489300 0.000000 -0.872116
vn 0.216405 0.000000 -0.976304
vn 0.216405 0.000000 -0.976304
vn 0.216405 0.000000 -0.976304
vn 0.216405 0.000000 -0.976304
vn 0.000000 -1.000000 0.000000
vn 0.000000 -1.000000 0.000000
vn 0.000000 -1.000000 0.000000
vn 0.000000 -1.000000 0.000000
vn 0.000000 -1.000000 0.000000
vn 0.000000 -1.000000 0.000000
vn 0.000000 -1.000000 0.000000
vn 0.000000 -1.000000 0.000000
vn 0.000000 -1.000000 0.000000
vn 0.000000 -1.000000 0.000000
vn 0.000000 0.000000 1.000000
vn 0.000000 0.000000 1.000000
vn 0.000000 0.000000 1.000000
vn 0.000000 0.000000 1.000000
vn 1.000000 0.000000 0.000000
vn 1.000000 0.000000 0.000000
vn 1.000000 0.000000 0.000000
vn 1.000000 0.000000 0.000000
vn -1.000000 0.000000 0.000000
vn -0.932472 0.000000 0.361242
vn -0.739009 0.000000 0.673696
vn -0.445738 0.000000 0.895163
vn -0.092268 0.000000 0.995734
vn 0.273663 0.000000 0.961826
vn 0.602635 0.000000 0.798017
vn 0.850217 0.000000 0.526432
vn 0.982973 0.000000 0.183750
vn 0.982973 0.000000 -0.183750
vn 0.850217 0.000000 -0.526432
vn 0.602635 0.000000 -0.798017
vn 0.273663 0.000000 -0.961826
vn -0.092268 0.000000 -0.995734
vn -0.445738 0.000000 -0.895163
vn -0.739009 0.000000 -0.673696
vn -0.932472 0.000000 -0.361242
vn -1.000000 0.000000 0.000000
vn -0.932472 0.000000 -0.361242
vn -0.739009 0.000000 -0.673696
vn -0.445738 0.000000 -0.895163
vn -0.092268 0.000000 -0.995734
vn 0.273663 0.000000 -0.961826
vn 0.602635 0.000000 -0.798017
vn 0.850217 0.000000 -0.526432
vn 0.982973 0.000000 -0.183750
vn 0.982973 0.000000 0.183750
vn 0.850217 0.000000 0.526432
vn 0.602635 0.000000 0.798017
vn 0.273663 0.000000 0.961826
vn -0.092268 0.000000 0.995734
vn -0.445738 0.000000 0.895163
vn -0.739009 0.000000 0.673696
vn -0.932472 0.000000 0.361242
vn -1.000000 0.000000 0.000000
vn -1.000000 0.000000 0.000000
vn -0.850475 0.000000 -0.526016
vn -0.990426 0.000000 -0.138042
vn -0.961897 0.000000 0.273413
vn -0.769739 0.000000 0.638359
vn -0.446641 0.000000 0.894713
vn -0.047565 0.000000 0.998868
vn 0.359602 0.000000 0.933106
vn 0.705597 0.000000 0.708613
vn 0.931564 0.000000 0.363578
vn 0.999062 0.000000 -0.043305
vn 0.896610 0.000000 -0.442821
vn 0.896610 0.000000 -0.442821
vn 0.999062 0.000000 -0.043305
vn 0.931564 0.000000 0.363578
vn 0.705597 0.000000 0.708613
vn 0.359602 0.000000 0.933106
vn -0.047565 0.000000 0.998868
vn -0.446641 0.000000 0.894713
vn -0.769739 0.000000 0.638359
vn -0.961897 0.000000 0.273413
vn -0.990426 0.000000 -0.138042
vn -0.850475 0.000000 -0.526016
vn -0.769739 0.000000 0.638359
vn -0.769739 0.000000 0.638359
vn -0.769739 0.000000 0.638359
vn -0.769739 0.000000 0.638359
vn 0.000000 0.000000 -1.000000
vn 0.000000 0.000000 -1.000000
vn 0.000000 0.000000 -1.000000
vn 0.000000 0.000000 -1.000000
vn 0.000000 0.000000 1.000000
vn 0.000000 0.000000 1.000000
vn 0.000000 0.000000 1.000000
vn 0.000000 0.000000 1.000000
vn -0.831539 0.000000 0.555466
vn -0.831539 0.000000 0.555466
vn -0.831539 0.000000 0.555466
vn -0.831539 0.000000 0.555466
vn 0.000000 0.000000 -1.000000
vn 0.000000 0.000000 -1.000000
vn 0.000000 0.000000 -1.000000
vn 0.000000 0.000000 -1.000000
vn -0.355551 0.000000 0.934657
vn -0.355551 0.000000 0.934657
vn -0.355551 0.000000 0.934657
vn -0.355551 0.000000 0.934657
vn -1.000000 0.000000 0.000000
vn -1.000000 0.000000 0.000000
vn -1.000000 0.000000 0.000000
vn -1.000000 0.000000 0.000000
vn 0.000000 0.000000 1.000000
vn 0.000000 0.000000 1.000000
vn 0.000000 0.000000 1.000000
vn 0.000000 0.000000 1.000000
vn 0.000000 -1.000000 0.000000
vn 0.000000 -1.000000 0.000000
vn 0.000000 -1.000000 0.000000
vn 0.000000 -1.000000 0.000000
vn 0.000000 -1.000000 0.000000
vn 0.000000 -1.000000 0.000000
vn 0.000000 -1.000000 0.000000
vn 0.000000 -1.000000 0.000000
vn 0.000000 -1.000000 0.000000
vn 0.000000 -1.000000 0.000000
vn 0.000000 -1.000000 0.000000
vn 0.000000 -1.000000 0.000000
vn 0.000000 -1.000000 0.000000
vn 0.000000 -1.000000 0.000000
vn 0.000000 -1.000000 0.000000
vn 0.000000 -1.000000 0.000000
vn 0.000000 -1.000000 0.000000
vn 0.000000 -1.000000 0.000000
vn 0.000000 -1.000000 0.000000
vn 0.000000 -1.000000 0.000000
vn 0.000000 -1.000000 0.000000
vn 0.000000 -1.000000 0.000000
vn 0.000000 -1.000000 0.000000
vn 0.000000 -1.000000 0.000000
vn 0.000000 -1.000000 0.000000
vn 0.000000 -1.000000 0.000000
vn 0.000000 -1.000000 0.000000
vn 0.000000 -1.000000 0.000000
vn 0.000000 -1.000000 0.000000
vn -0.047565 0.000000 0.998868
vn -0.047565 0.000000 0.998868
vn -0.047565 0.000000 0.998868
vn -0.047565 0.000000 0.998868
vn -1.000000 0.000000 0.000000
vn -1.000000 0.000000 0.000000
vn -1.000000 0.000000 0.000000
vn -1.000000 0.000000 0.000000
vn 0.000000 0.000000 -1.000000
vn 0.000000 0.000000 -1.000000
vn 0.000000 0.000000 -1.000000
vn 0.000000 0.000000 -1.000000
vn -0.555466 0.000000 -0.831539
vn -0.555466 0.000000 -0.831539
vn -0.555466 0.000000 -0.831539
vn -0.555466 0.000000 -0.831539
vn 0.000000 -1.000000 0.000000
vn 0.000000 -1.000000 0.000000
vn 0.000000 -1.000000 0.000000
vn 0.000000 -1.000000 0.000000
vn 0.000000 -1.000000 0.000000
vn 0.000000 -1.000000 0.000000
vn 0.000000 -1.000000 0.000000
vn 0.000000 -1.000000 0.000000
vn 0.000000 -1.000000 0.000000
vn 0.000000 -1.000000 0.000000
vn 0.000000 -1.000000 0.000000
vn -1.000000 0.000000 0.000000
vn -1.000000 0.000000 0.000000
vn -1.000000 0.000000 0.000000
vn -1.000000 0.000000 0.000000
vn 1.000000 0.000000 0.000000
vn 1.000000 0.000000 0.000000
vn 1.000000 0.000000 0.000000
vn 1.000000 0.000000 0.000000
vn 0.000000 -1.000000 0.000000
vn 0.000000 -1.000000 0.000000
vn 0.000000 -1.000000 0.000000
vn 0.000000 -1.000000 0.000000
vn 0.000000 -1.000000 0.000000
vn 0.000000 -1.000000 0.000000
vn 0.000000 -1.000000 0.000000
vn 0.000000 -1.000000 0.000000
vn 0.000000 -1.000000 0.000000
vn 0.000000 -1.000000 0.000000
vn 0.000000 -1.000000 0.000000
vn 0.000000 -1.000000 0.000000
vn 0.000000 -1.000000 0.000000
vn 0.000000 -1.000000 0.000000
vn 0.000000 -1.000000 0.000000
vn 0.000000 -1.000000 0.000000
vn 0.000000 -1.000000 0.000000
vn 0.000000 -1.000000 0.000000
vn 0.000000 -1.000000 0.000000
vn 0.000000 -1.000000 0.000000
vn 0.000000 -1.000000 0.000000
vn 0.000000 -1.000000 0.000000
vn 0.000000 -1.000000 0.000000
vn 0.000000 -1.000000 0.000000
vn 0.000000 -1.000000 0.000000
vn 0.000000 -1.000000 0.000000
vn 0.000000 -1.000000 0.000000
vn 0.000000 -1.000000 0.000000
vn 0.000000 -1.000000 0.000000
vn 0.000000 -1.000000 0.000000
vn 0.000000 -1.000000 0.000000
vn 0.000000 -1.000000 0.000000
vn 0.000000 -1.000000 0.000000
vn 0.000000 -1.000000 0.000000
vn 0.000000 -1.000000 0.000000
vn 0.000000 -1.000000 0.000000
vn 0.070040 0.000000 0.997544
vn 0.070040 0.000000 0.997544
vn 0.070040 0.000000 0.997544
vn 0.070040 0.000000 0.997544
vn -1.000000 0.000000 0.000000
vn -1.000000 0.000000 0.000000
vn -1.000000 0.000000 0.000000
vn -1.000000 0.000000 0.000000
vn 0.000000 0.000000 -1.000000
vn 0.000000 0.000000 -1.000000
vn 0.000000 0.000000 -1.000000
vn 0.000000 0.000000 -1.000000
vn 1.000000 0.000000 0.000000
vn 1.000000 0.000000 0.000000
vn 1.000000 0.000000 0.000000
vn 1.000000 0.000000 0.000000
vn 0.000000 0.000000 1.000000
vn 0.000000 0.000000 1.000000
vn 0.000000 0.000000 1.000000
vn 0.000000 0.000000 1.000000
vn -1.000000 0.000000 0.000000
vn -1.000000 0.000000 0.000000
vn -1.000000 0.000000 0.000000
vn -1.000000 0.000000 0.000000
vn 0.000000 0.000000 -1.000000
vn 0.000000 0.000000 -1.000000
vn 0.000000 0.000000 -1.000000
vn 0.000000 0.000000 -1.000000
vn 0.000000 -1.000000 0.000000
vn 0.000000 -1.000000 0.000000
vn 0.000000 -1.000000 0.000000
vn 0.000000 -1.000000 0.000000
vn 0.000000 -1.000000 0.000000
vn 0.000000 -1.000000 0.000000
vn 0.000000 -1.000000 0.000000
vn 0.000000 -1.000000 0.000000
vn 0.000000 -1.000000 0.000000
vn 0.000000 -1.000000 0.000000
vn 0.000000 0.000000 1.000000
vn 0.000000 0.000000 1.000000
vn 0.000000 0.000000 1.000000
vn 0.000000 0.000000 1.000000
vn -1.000000 0.000000 0.000000
vn -1.000000 0.000000 0.000000
vn -1.000000 0.000000 0.000000
vn -1.000000 0.000000 0.000000
vn 0.000000 -1.000000 0.000000
vn 0.000000 -1.000000 0.000000
vn 0.000000 -1.000000 0.000000
vn 0.000000 -1.000000 0.000000
vn 0.000000 -1.000000 0.000000
vn 0.000000 -1.000000 0.000000
vn 0.000000 -1.000000 0.000000
vn 0.000000 -1.000000 0.000000
vn 0.000000 -1.000000 0.000000
vn 0.000000 -1.000000 0.000000
vn 0.000000 -1.000000 0.000000
vn 0.000000 -1.000000 0.000000
vn 0.000000 -1.000000 0.000000
vn 0.000000 -1.000000 0.000000
vn 0.000000 -1.000000 0.000000
vn 0.000000 -1.000000 0.000000
vn 0.000000 -1.000000 0.000000
vn 0.000000 -1.000000 0.000000
vn 0.000000 -1.000000 0.000000
vn 0.000000 -1.000000 0.000000
vn 0.000000 -1.000000 0.000000
vn 0.000000 -1.000000 0.000000
vn 0.000000 -1.000000 0.000000
vn 0.000000 -1.000000 0.000000
vn 0.000000 -1.000000 0.000000
vn 0.000000 -1.000000 0.000000
vn 0.000000 -1.000000 0.000000
vn 0.000000 -1.000000 0.000000
vn 0.000000 -1.000000 0.000000
vn 0.000000 -1.000000 0.000000
vn 0.000000 -1.000000 0.000000
vn 0.000000 -1.000000 0.000000
vn 0.000000 -1.000000 0.000000
vn 0.000000 -1.000000 0.000000
vn 0.000000 -1.000000 0.000000
vn 0.000000 -1.000000 0.000000
vn 0.000000 -1.000000 0.000000
vn 0.000000 -1.000000 0.000000
vn 0.000000 -1.000000 0.000000
vn 0.000000 -1.000000 0.000000
vn 0.000000 -1.000000 0.000000
vn 0.000000 -1.000000 0.000000
vn 0.000000 -1.000000 0.000000
vn 0.000000 -1.000000 0.000000
vn 0.000000 -1.000000 0.000000
vn 0.000000 -1.000000 0.000000
vn 0.000000 -1.000000 0.000000
vn 0.000000 -1.000000 0.000000
vn 0.000000 -1.000000 0.000000
vn 0.000000 -1.000000 0.000000
vn 0.000000 -1.000000 0.000000
vn 0.000000 -1.000000 0.000000
vn 0.000000 -1.000000 0.000000
vn 0.000000 -1.000000 0.000000
vn 0.000000 -1.000000 0.000000
vn 0.000000 -1.000000 0.000000
vn 0.000000 -1.000000 0.000000
vn 0.000000 -1.000000 0.000000
vn 0.000000 -1.000000 0.000000
vn 0.000000 -1.000000 0.000000
vn 0.000000 -1.000000 0.000000
vn 0.000000 -1.000000 0.000000
vn 0.000000 -1.000000 0.000000
vn 0.000000 -1.000000 0.000000
vn 0.000000 -1.000000 0.000000
vn 0.000000 -1.000000 0.000000
vn 0.000000 -1.000000 0.000000
vn 0.000000 -1.000000 0.000000
vn 0.000000 -1.000000 0.000000
vn 0.000000 -1.000000 0.000000
vn 0.000000 -1.000000 0.000000
vn 0.000000 -1.000000 0.000000
vn 0.000000 -1.000000 0.000000
vn 0.000000 -1.000000 0.000000
vn 0.000000 -1.000000 0.000000
vn 0.000000 -1.000000 0.000000
vn 0.000000 -1.000000 0.000000
vn 0.000000 -1.000000 0.000000
vn 0.000000 -1.000000 0.000000
vn 0.000000 -1.000000 0.000000
vn 0.000000 -1.000000 0.000000
vn 0.000000 -1.000000 0.000000
vn 0.000000 -1.000000 0.000000
vn 0.000000 -1.000000 0.000000
vn 0.000000 -1.000000 0.000000
vn 0.000000 -1.000000 0.000000
vn 0.000000 -1.000000 0.000000
vn 0.000000 -1.000000 0.000000
vn 0.000000 -1.000000 0.000000
vn 0.000000 -1.000000 0.000000
vn 0.000000 -1.000000 0.000000
vn 0.000000 -1.000000 0.000000
vn 0.000000 -1.000000 0.000000
vn 0.000000 -1.000000 0.000000
vn 0.000000 -1.000000 0.000000
vn 0.000000 -1.000000 0.000000
vn 0.000000 -1.000000 0.000000
vn 0.000000 -1.000000 0.000000
vn 0.000000 -1.000000 0.000000
vn 0.000000 -1.000000 0.000000
vn 0.000000 -1.000000 0.000000
vn 0.000000 -1.000000 0.000000
vn 0.000000 -1.000000 0.000000
vn 0.000000 -1.000000 0.000000
vn 0.000000 -1.000000 0.000000
vn 0.000000 -1.000000 0.000000
vn 0.000000 -1.000000 0.000000
vn 0.000000 -1.000000 0.000000
vn 0.000000 -1.000000 0.000000
vn 0.000000 -1.000000 0.000000
vn 0.000000 -1.000000 0.000000
vn 0.000000 -1.000000 0.000000
vn 0.000000 -1.000000 0.000000
vn 0.000000 -1.000000 0.000000
vn 0.000000 -1.000000 0.000000
vn 0.000000 -1.000000 0.000000
vn 0.000000 -1.000000 0.000000
vn 0.000000 -1.000000 0.000000
vn 0.000000 -1.000000 0.000000
vn 0.000000 -1.000000 0.000000
vn 0.000000 -1.000000 0.000000
vn 0.000000 -1.000000 0.000000
vn 0.000000 -1.000000 0.000000
vn 0.000000 -1.000000 0.000000
vn 0.000000 -1.000000 0.000000
vn 0.000000 -1.000000 0.000000
vn 0.000000 -1.000000 0.000000
vn 0.000000 -1.000000 0.000000
vn 0.000000 -1.000000 0.000000
vn 0.000000 -1.000000 0.000000
vn 0.000000 -1.000000 0.000000
vn 0.000000 -1.000000 0.000000
vn 0.000000 -1.000000 0.000000
vn 0.000000 -1.000000 0.000000
vn 0.000000 -1.000000 0.000000
vn 0.000000 -1.000000 0.000000
vn 0.000000 -1.000000 0.000000
vn 0.000000 -1.000000 0.000000
vn 0.000000 -1.000000 0.000000
vn 0.000000 -1.000000 0.000000
vn 0.000000 -1.000000 0.000000
vn 0.000000 -1.000000 0.000000
vn 0.000000 -1.000000 0.000000
vn 0.000000 -1.000000 0.000000
vn 0.000000 -1.000000 0.000000
vn 0.000000 -1.000000 0.000000
vn 0.000000 -1.000000 0.000000
vn 0.000000 -1.000000 0.000000
vn 0.000000 -1.000000 0.000000
vn 0.000000 -1.000000 0.000000
vn 0.000000 -1.000000 0.000000
vn 0.000000 -1.000000 0.000000
vn 0.000000 -1.000000 0.000000
vn 0.000000 -1.000000 0.000000
vn 0.000000 -1.000000 0.000000
vn 0.000000 -1.000000 0.000000
vn 0.000000 -1.000000 0.000000
vn 0.000000 -1.000000 0.000000
vn 0.000000 -1.000000 0.000000
usemtl 96,96,96
f 194/1/1 110/2/2 192/4/4
f 192/4/4 110/2/2 102/3/3
f 101/16/16 102/5/5 104/15/15
f 104/15/15 102/5/5 110/6/6
f 104/15/15 110/6/6 106/8/8
f 106/8/8 110/6/6 109/7/7
f 106/8/8 105/9/9 104/15/15
f 104/15/15 105/9/9 103/14/14
f 103/14/14 105/9/9 107/11/11
f 103/14/14 107/11/11 99/12/12
f 105/9/9 108/10/10 107/11/11
f 99/12/12 100/13/13 103/14/14
f 1146/18/18 976/23/23 1147/17/17
f 1147/17/17 976/23/23 977/24/24
f 1147/17/17 977/24/24 1332/35/35
f 1332/35/35 977/24/24 852/21/21
f 1332/35/35 852/21/21 194/34/34
f 194/34/34 852/21/21 659/26/26
f 194/34/34 659/26/26 547/27/27
f 1237/19/19 1413/37/37 1146/18/18
f 1146/18/18 1413/37/37 812/38/38
f 1146/18/18 812/38/38 976/23/23
f 976/23/23 812/38/38 785/39/39
f 976/23/23 785/39/39 851/22/22
f 851/22/22 785/39/39 765/40/40
f 851/22/22 765/40/40 738/41/41
f 1413/37/37 1237/19/19 1414/36/36
f 1414/36/36 1237/19/19 1238/20/20
f 1414/36/36 1238/20/20 1332/35/35
f 1332/35/35 1238/20/20 1147/17/17
f 852/21/21 851/22/22 659/26/26
f 659/26/26 851/22/22 658/25/25
f 658/25/25 851/22/22 738/41/41
f 658/25/25 738/41/41 718/42/42
f 194/34/34 547/27/27 390/30/30
f 390/30/30 547/27/27 546/28/28
f 390/30/30 546/28/28 389/29/29
f 389/29/29 546/28/28 697/43/43
f 389/29/29 697/43/43 109/44/44
f 697/43/43 546/28/28 718/42/42
f 718/42/42 546/28/28 658/25/25
f 390/30/30 291/31/31 194/34/34
f 194/34/34 291/31/31 110/33/33
f 110/33/33 291/31/31 290/32/32
f 110/33/33 290/32/32 109/44/44
f 109/44/44 290/32/32 389/29/29
f 1414/45/45 1332/46/46 1406/48/48
f 1406/48/48 1332/46/46 1330/47/47
f 1406/50/50 1408/52/52 1414/49/49
f 1414/49/49 1408/52/52 1410/59/59
f 1414/49/49 1410/59/59 1413/60/60
f 1406/50/50 1405/51/51 1408/52/52
f 1408/52/52 1407/53/53 1410/59/59
f 1410/59/59 1407/53/53 1409/58/58
f 1409/58/58 1407/53/53 1411/56/56
f 1409/58/58 1411/56/56 1412/57/57
f 1404/54/54 1403/55/55 1407/53/53
f 1407/53/53 1403/55/55 1411/56/56
f 107/61/61 193/62/62 99/64/64
f 99/64/64 193/62/62 191/63/63
f 193/66/66 1331/67/67 191/65/65
f 191/65/65 1331/67/67 1329/68/68
f 1144/70/70 975/76/76 1145/69/69
f 1145/69/69 975/76/76 811/93/93
f 1145/69/69 811/93/93 1412/94/94
f 1235/71/71 1331/96/96 1144/70/70
f 1144/70/70 1331/96/96 974/75/75
f 1144/70/70 974/75/75 975/76/76
f 1331/96/96 1235/71/71 1411/95/95
f 1411/95/95 1235/71/71 1236/72/72
f 1411/95/95 1236/72/72 1412/94/94
f 1412/94/94 1236/72/72 1145/69/69
f 849/74/74 657/82/82 850/73/73
f 850/73/73 657/82/82 764/91/91
f 850/73/73 764/91/91 784/92/92
f 974/75/75 1331/96/96 849/74/74
f 849/74/74 1331/96/96 193/85/85
f 849/74/74 193/85/85 656/81/81
f 656/81/81 193/85/85 544/84/84
f 544/84/84 193/85/85 387/77/77
f 544/84/84 387/77/77 545/83/83
f 545/83/83 387/77/77 388/78/78
f 545/83/83 388/78/78 696/88/88
f 696/88/88 388/78/78 108/87/87
f 108/87/87 388/78/78 289/79/79
f 108/87/87 289/79/79 107/86/86
f 107/86/86 289/79/79 288/80/80
f 107/86/86 288/80/80 193/85/85
f 193/85/85 288/80/80 387/77/77
f 975/76/76 850/73/73 811/93/93
f 811/93/93 850/73/73 784/92/92
f 656/81/81 657/82/82 849/74/74
f 545/83/83 696/88/88 657/82/82
f 657/82/82 696/88/88 717/89/89
f 657/82/82 717/89/89 737/90/90
f 737/90/90 764/91/91 657/82/82
f 1331/97/97 1411/98/98 1329/100/100
f 1329/100/100 1411/98/98 1403/99/99
f 1144/101/101 1145/102/102 1148/104/104
f 1148/104/104 1145/102/102 1149/103/103
f 1235/105/105 1144/106/106 1239/108/108
f 1239/108/108 1144/106/106 1148/107/107
f 1236/109/109 1235/110/110 1240/112/112
f 1240/112/112 1235/110/110 1239/111/111
f 1145/113/113 1236/114/114 1149/116/116
f 1149/116/116 1236/114/114 1240/115/115
f 1240/118/118 1239/119/119 1149/117/117
f 1149/117/117 1239/119/119 1148/120/120
f 849/121/121 850/122/122 853/124/124
f 853/124/124 850/122/122 854/123/123
f 974/125/125 849/126/126 978/128/128
f 978/128/128 849/126/126 853/127/127
f 975/129/129 974/130/130 979/132/132
f 979/132/132 974/130/130 978/131/131
f 850/133/133 975/134/134 854/136/136
f 854/136/136 975/134/134 979/135/135
f 979/138/138 978/139/139 854/137/137
f 854/137/137 978/139/139 853/140/140
f 388/141/141 387/142/142 392/144/144
f 392/144/144 387/142/142 391/143/143
f 387/145/145 288/146/146 391/148/148
f 391/148/148 288/146/146 292/147/147
f 288/149/149 289/150/150 292/152/152
f 292/152/152 289/150/150 293/151/151
f 289/153/153 388/154/154 293/156/156
f 293/156/156 388/154/154 392/155/155
f 392/158/158 391/159/159 293/157/157
f 293/157/157 391/159/159 292/160/160
f 657/161/161 656/162/162 661/164/164
f 661/164/164 656/162/162 660/163/163
f 656/165/165 544/166/166 660/168/168
f 660/168/168 544/166/166 548/167/167
f 544/169/169 545/170/170 548/172/172
f 548/172/172 545/170/170 549/171/171
f 545/173/173 657/174/174 549/176/176
f 549/176/176 657/174/174 661/175/175
f 661/178/178 660/179/179 549/177/177
f 549/177/177 660/179/179 548/180/180
f 1146/181/181 1147/182/182 1150/184/184
f 1150/184/184 1147/182/182 1151/183/183
f 1147/185/185 1238/186/186 1151/188/188
f 1151/188/188 1238/186/186 1242/187/187
f 1238/189/189 1237/190/190 1242/192/192
f 1242/192/192 1237/190/190 1241/191/191
f 1237/193/193 1146/194/194 1241/196/196
f 1241/196/196 1146/194/194 1150/195/195
f 1150/198/198 1151/199/199 1241/197/197
f 1241/197/197 1151/199/199 1242/200/200
f 851/201/201 852/202/202 855/204/204
f 855/204/204 852/202/202 856/203/203
f 852/205/205 977/206/206 856/208/208
f 856/208/208 977/206/206 981/207/207
f 977/209/209 976/210/210 981/212/212
f 981/212/212 976/210/210 980/211/211
f 976/213/213 851/214/214 980/216/216
f 980/216/216 851/214/214 855/215/215
f 855/218/218 856/219/219 980/217/217
f 980/217/217 856/219/219 981/220/220
f 659/221/221 658/222/222 663/224/224
f 663/224/224 658/222/222 662/223/223
f 547/225/225 659/226/226 551/228/228
f 551/228/228 659/226/226 663/227/227
f 546/229/229 547/230/230 550/232/232
f 550/232/232 547/230/230 551/231/231
f 658/233/233 546/234/234 662/236/236
f 662/236/236 546/234/234 550/235/235
f 550/238/238 551/239/239 662/237/237
f 662/237/237 551/239/239 663/240/240
f 390/241/241 389/242/242 394/244/244
f 394/244/244 389/242/242 393/243/243
f 291/245/245 390/246/246 295/248/248
f 295/248/248 390/246/246 394/247/247
f 290/249/249 291/250/250 294/252/252
f 294/252/252 291/250/250 295/251/251
f 389/253/253 290/254/254 393/256/256
f 393/256/256 290/254/254 294/255/255
f 294/258/258 295/259/259 393/257/257
f 393/257/257 295/259/259 394/260/260
f 704/262/262 710/281/281 750/261/261
f 750/261/261 710/281/281 752/286/286
f 750/261/261 752/286/286 803/276/276
f 803/276/276 752/286/286 793/323/323
f 803/276/276 793/323/323 875/275/275
f 875/275/275 793/323/323 857/320/320
f 875/275/275 857/320/320 886/274/274
f 886/274/274 857/320/320 882/317/317
f 886/274/274 882/317/317 896/273/273
f 896/273/273 882/317/317 888/314/314
f 896/273/273 888/314/314 887/272/272
f 887/272/272 888/314/314 883/311/311
f 887/272/272 883/311/311 876/271/271
f 876/271/271 883/311/311 858/308/308
f 876/271/271 858/308/308 804/270/270
f 804/270/270 858/308/308 794/305/305
f 804/270/270 794/305/305 751/269/269
f 751/269/269 794/305/305 753/326/326
f 751/327/327 753/278/278 705/268/268
f 705/268/268 753/278/278 711/302/302
f 705/268/268 711/302/302 650/267/267
f 650/267/267 711/302/302 653/299/299
f 650/267/267 653/299/299 629/266/266
f 629/266/266 653/299/299 640/296/296
f 629/266/266 640/296/296 619/265/265
f 619/265/265 640/296/296 630/293/293
f 619/265/265 630/293/293 628/264/264
f 628/264/264 630/293/293 639/290/290
f 628/264/264 639/290/290 649/263/263
f 649/263/263 639/290/290 652/287/287
f 649/263/263 652/287/287 704/262/262
f 704/262/262 652/287/287 710/281/281
f 757/280/280 758/277/277 736/304/304
f 736/304/304 758/277/277 723/301/301
f 723/301/301 758/277/277 713/298/298
f 713/298/298 758/277/277 706/295/295
f 706/295/295 758/277/277 712/292/292
f 712/292/292 758/277/277 722/289/289
f 735/283/283 758/277/277 756/284/284
f 756/284/284 758/328/328 767/325/325
f 767/325/325 758/329/329 781/322/322
f 781/322/322 758/330/330 795/319/319
f 805/316/316 758/331/331 796/313/313
f 796/313/313 758/332/332 782/310/310
f 782/310/310 758/333/333 768/307/307
f 768/334/334 758/277/277 757/280/280
f 753/278/278 755/279/279 711/302/302
f 711/302/302 755/279/279 721/303/303
f 711/302/302 721/303/303 653/299/299
f 653/299/299 721/303/303 665/300/300
f 653/299/299 665/300/300 640/296/296
f 640/296/296 665/300/300 655/297/297
f 640/296/296 655/297/297 630/293/293
f 630/293/293 655/297/297 651/294/294
f 630/293/293 651/294/294 639/290/290
f 639/290/290 651/294/294 654/291/291
f 639/290/290 654/291/291 652/287/287
f 652/287/287 654/291/291 664/288/288
f 652/287/287 664/288/288 710/281/281
f 710/281/281 664/288/288 720/282/282
f 710/281/281 720/282/282 752/286/286
f 752/286/286 720/282/282 754/285/285
f 752/286/286 754/285/285 793/323/323
f 793/323/323 754/285/285 779/324/324
f 793/323/323 779/324/324 857/320/320
f 857/320/320 779/324/324 841/321/321
f 857/320/320 841/321/321 882/317/317
f 882/317/317 841/321/321 859/318/318
f 882/317/317 859/318/318 888/314/314
f 888/314/314 859/318/318 877/315/315
f 888/314/314 877/315/315 883/311/311
f 883/311/311 877/315/315 860/312/312
f 883/311/311 860/312/312 858/308/308
f 858/308/308 860/312/312 842/309/309
f 858/308/308 842/309/309 794/305/305
f 794/305/305 842/309/309 780/306/306
f 794/305/305 780/306/306 753/335/335
f 753/278/278 780/336/336 755/279/279
f 755/279/279 757/280/280 721/303/303
f 721/303/303 757/280/280 736/304/304
f 721/303/303 736/304/304 665/300/300
f 665/300/300 736/304/304 723/301/301
f 665/300/300 723/301/301 655/297/297
f 655/297/297 723/301/301 713/298/298
f 655/297/297 713/298/298 651/294/294
f 651/294/294 713/298/298 706/295/295
f 651/294/294 706/295/295 654/291/291
f 654/291/291 706/295/295 712/292/292
f 654/291/291 712/292/292 664/288/288
f 664/288/288 712/292/292 722/289/289
f 664/288/288 722/289/289 720/282/282
f 720/282/282 722/289/289 735/283/283
f 720/282/282 735/283/283 754/285/285
f 754/285/285 735/283/283 756/284/284
f 754/285/285 756/284/284 779/324/324
f 779/324/324 756/284/284 767/325/325
f 779/324/324 767/325/325 841/321/321
f 841/321/321 767/325/325 781/322/322
f 841/321/321 781/322/322 859/318/318
f 859/318/318 781/322/322 795/319/319
f 859/318/318 795/319/319 877/315/315
f 877/315/315 795/319/319 805/316/316
f 877/315/315 805/316/316 860/312/312
f 860/312/312 805/316/316 796/313/313
f 860/312/312 796/313/313 842/309/309
f 842/309/309 796/313/313 782/310/310
f 842/309/309 782/310/310 780/306/306
f 780/306/306 782/310/310 768/307/307
f 780/306/306 768/307/307 755/337/337
f 755/279/279 768/338/338 757/280/280
f 758/277/277 735/283/283 722/289/289
f 758/339/339 805/316/316 795/319/319
f 803/341/341 801/359/359 750/340/340
f 750/340/340 801/359/359 748/360/360
f 750/340/340 748/360/360 704/355/355
f 704/355/355 748/360/360 702/361/361
f 704/355/355 702/361/361 649/354/354
f 649/354/354 702/361/361 647/362/362
f 649/354/354 647/362/362 628/353/353
f 628/353/353 647/362/362 626/363/363
f 628/353/353 626/363/363 619/352/352
f 619/352/352 626/363/363 618/364/364
f 619/352/352 618/364/364 629/351/351
f 629/351/351 618/364/364 627/365/365
f 629/351/351 627/365/365 650/350/350
f 650/350/350 627/365/365 648/366/366
f 650/350/350 648/366/366 705/349/349
f 705/349/349 648/366/366 703/367/367
f 705/349/349 703/367/367 751/348/348
f 751/348/348 703/367/367 749/368/368
f 751/348/348 749/368/368 804/347/347
f 804/347/347 749/368/368 802/369/369
f 804/347/347 802/369/369 876/346/346
f 876/346/346 802/369/369 874/370/370
f 876/346/346 874/370/370 887/345/345
f 887/345/345 874/370/370 885/371/371
f 887/345/345 885/371/371 896/344/344
f 896/344/344 885/371/371 895/372/372
f 896/373/373 895/356/356 886/343/343
f 886/343/343 895/356/356 884/357/357
f 886/343/343 884/357/357 875/342/342
f 875/342/342 884/357/357 873/358/358
f 875/342/342 873/358/358 803/341/341
f 803/341/341 873/358/358 801/359/359
f 1192/374/374 1190/375/375 1225/387/387
f 1225/387/387 1190/375/375 1227/376/376
f 1225/387/387 1227/376/376 1265/386/386
f 1265/386/386 1227/376/376 1268/377/377
f 1265/386/386 1268/377/377 1311/385/385
f 1311/385/385 1268/377/377 1313/388/388
f 1311/385/385 1313/389/389 1324/384/384
f 1324/390/390 1313/378/378 1322/379/379
f 1324/391/391 1322/379/379 1306/383/383
f 1306/383/383 1322/379/379 1303/380/380
f 1306/383/383 1303/380/380 1263/382/382
f 1263/382/382 1303/380/380 1261/381/381
f 1300/405/405 1259/392/392 1255/412/412
f 1255/412/412 1259/392/392 1256/393/393
f 1255/412/412 1256/393/393 1251/394/394
f 1255/412/412 1251/394/394 1245/415/415
f 1245/415/415 1251/394/394 1243/395/395
f 1245/415/415 1243/395/395 1230/396/396
f 1204/397/397 1254/418/418 1230/396/396
f 1230/396/396 1254/418/418 1275/416/416
f 1230/396/396 1275/416/416 1245/415/415
f 1245/415/415 1275/416/416 1255/412/412
f 1200/398/398 1202/420/420 1204/397/397
f 1204/397/397 1202/420/420 1234/421/421
f 1204/397/397 1234/421/421 1254/418/418
f 1254/418/418 1234/421/421 1274/422/422
f 1254/418/418 1274/422/422 1296/419/419
f 1296/419/419 1274/422/422 1311/408/408
f 1202/420/420 1200/398/398 1198/423/423
f 1198/423/423 1200/398/398 1196/399/399
f 1198/423/423 1196/399/399 1192/400/400
f 1192/400/400 1225/401/401 1198/423/423
f 1198/423/423 1225/401/401 1232/424/424
f 1198/423/423 1232/424/424 1202/420/420
f 1202/420/420 1232/424/424 1234/421/421
f 1225/401/401 1265/402/402 1232/424/424
f 1232/424/424 1265/402/402 1272/425/425
f 1232/424/424 1272/425/425 1234/421/421
f 1234/421/421 1272/425/425 1274/422/422
f 1265/402/402 1311/406/406 1272/425/425
f 1300/405/405 1298/413/413 1319/404/404
f 1319/404/404 1298/413/413 1318/414/414
f 1319/404/404 1318/414/414 1311/411/411
f 1298/413/413 1300/405/405 1255/412/412
f 1272/425/425 1311/407/407 1274/422/422
f 1296/419/419 1311/409/409 1301/417/417
f 1301/417/417 1311/410/410 1318/414/414
f 1301/417/417 1318/414/414 1298/413/413
f 1301/417/417 1298/413/413 1275/416/416
f 1275/416/416 1298/413/413 1255/412/412
f 1296/419/419 1301/417/417 1275/416/416
f 1254/418/418 1296/419/419 1275/416/416
f 1263/426/426 1264/427/427 1306/434/434
f 1306/434/434 1264/427/427 1258/428/428
f 1306/434/434 1258/428/428 1259/429/429
f 1259/429/429 1300/430/430 1306/434/434
f 1306/434/434 1300/430/430 1324/433/433
f 1324/433/433 1300/430/430 1319/431/431
f 1324/433/433 1319/431/431 1311/432/432
f 970/435/435 968/436/436 1014/448/448
f 1014/448/448 968/436/436 1013/437/437
f 1014/448/448 1013/437/437 1028/447/447
f 1028/447/447 1013/437/437 1030/438/438
f 1028/447/447 1030/438/438 1063/446/446
f 1063/446/446 1030/438/438 1065/449/449
f 1063/446/446 1065/450/450 1094/445/445
f 1094/451/451 1065/439/439 1096/440/440
f 1094/452/452 1096/440/440 1103/444/444
f 1103/444/444 1096/440/440 1101/441/441
f 1103/444/444 1101/441/441 1090/443/443
f 1090/443/443 1101/441/441 1088/442/442
f 1099/466/466 1083/453/453 1073/473/473
f 1073/473/473 1083/453/453 1076/454/454
f 1073/473/473 1076/454/454 1070/455/455
f 1073/473/473 1070/455/455 1060/476/476
f 1060/476/476 1070/455/455 1048/456/456
f 1060/476/476 1048/456/456 1032/457/457
f 1020/458/458 1041/479/479 1032/457/457
f 1032/457/457 1041/479/479 1068/477/477
f 1032/457/457 1068/477/477 1060/476/476
f 1060/476/476 1068/477/477 1073/473/473
f 990/459/459 992/481/481 1020/458/458
f 1020/458/458 992/481/481 1026/482/482
f 1020/458/458 1026/482/482 1041/479/479
f 1041/479/479 1026/482/482 1042/483/483
f 1041/479/479 1042/483/483 1061/480/480
f 1061/480/480 1042/483/483 1063/469/469
f 992/481/481 990/459/459 982/484/484
f 982/484/484 990/459/459 983/460/460
f 982/484/484 983/460/460 970/461/461
f 970/461/461 1014/462/462 982/484/484
f 982/484/484 1014/462/462 1017/485/485
f 982/484/484 1017/485/485 992/481/481
f 992/481/481 1017/485/485 1026/482/482
f 1014/462/462 1028/463/463 1017/485/485
f 1017/485/485 1028/463/463 1034/486/486
f 1017/485/485 1034/486/486 1026/482/482
f 1026/482/482 1034/486/486 1042/483/483
f 1028/463/463 1063/467/467 1034/486/486
f 1099/466/466 1093/474/474 1092/465/465
f 1092/465/465 1093/474/474 1078/475/475
f 1092/465/465 1078/475/475 1063/472/472
f 1093/474/474 1099/466/466 1073/473/473
f 1034/486/486 1063/468/468 1042/483/483
f 1061/480/480 1063/470/470 1071/478/478
f 1071/478/478 1063/471/471 1078/475/475
f 1071/478/478 1078/475/475 1093/474/474
f 1071/478/478 1093/474/474 1068/477/477
f 1068/477/477 1093/474/474 1073/473/473
f 1061/480/480 1071/478/478 1068/477/477
f 1041/479/479 1061/480/480 1068/477/477
f 1090/487/487 1086/488/488 1103/495/495
f 1103/495/495 1086/488/488 1084/489/489
f 1103/495/495 1084/489/489 1083/490/490
f 1083/490/490 1099/491/491 1103/495/495
f 1103/495/495 1099/491/491 1094/494/494
f 1094/494/494 1099/491/491 1092/492/492
f 1094/494/494 1092/492/492 1063/493/493
f 799/509/509 832/496/496 797/516/516
f 797/516/516 832/496/496 807/497/497
f 797/516/516 807/497/497 786/498/498
f 797/516/516 786/498/498 772/519/519
f 772/519/519 786/498/498 770/499/499
f 772/519/519 770/499/499 743/500/500
f 731/501/501 740/522/522 743/500/500
f 743/500/500 740/522/522 769/520/520
f 743/500/500 769/520/520 772/519/519
f 772/519/519 769/520/520 797/516/516
f 715/502/502 719/524/524 731/501/501
f 731/501/501 719/524/524 724/525/525
f 731/501/501 724/525/525 740/522/522
f 740/522/522 724/525/525 734/526/526
f 740/522/522 734/526/526 741/523/523
f 741/523/523 734/526/526 742/512/512
f 719/524/524 715/502/502 677/527/527
f 677/527/527 715/502/502 698/503/503
f 677/527/527 698/503/503 671/504/504
f 671/504/504 701/505/505 677/527/527
f 677/527/527 701/505/505 708/528/528
f 677/527/527 708/528/528 719/524/524
f 719/524/524 708/528/528 724/525/525
f 701/505/505 725/506/506 708/528/528
f 708/528/528 725/506/506 728/529/529
f 708/528/528 728/529/529 724/525/525
f 724/525/525 728/529/529 734/526/526
f 725/506/506 742/510/510 728/529/529
f 799/509/509 787/517/517 775/508/508
f 775/508/508 787/517/517 773/518/518
f 775/508/508 773/518/518 742/515/515
f 787/517/517 799/509/509 797/516/516
f 728/529/529 742/511/511 734/526/526
f 741/523/523 742/513/513 763/521/521
f 763/521/521 742/514/514 773/518/518
f 763/521/521 773/518/518 787/517/517
f 763/521/521 787/517/517 769/520/520
f 769/520/520 787/517/517 797/516/516
f 741/523/523 763/521/521 769/520/520
f 740/522/522 741/523/523 769/520/520
f 668/531/531 669/532/532 671/530/530
f 671/530/530 669/532/532 675/533/533
f 671/530/530 675/533/533 697/535/535
f 697/535/535 675/533/533 695/534/534
f 671/530/530 697/535/535 701/550/550
f 701/550/550 697/535/535 718/536/536
f 701/550/550 718/536/536 725/549/549
f 725/549/549 718/536/536 738/537/537
f 725/549/549 738/537/537 742/548/548
f 742/548/548 738/537/537 765/551/551
f 742/548/548 765/552/552 776/547/547
f 776/553/553 765/538/538 785/539/539
f 776/554/554 785/539/539 800/546/546
f 800/546/546 785/539/539 812/540/540
f 800/546/546 812/540/540 831/542/542
f 831/542/542 812/540/540 810/541/541
f 800/546/546 831/542/542 840/545/545
f 840/545/545 831/542/542 838/543/543
f 840/545/545 838/543/543 837/544/544
f 840/555/555 834/556/556 800/563/563
f 800/563/563 834/556/556 833/557/557
f 800/563/563 833/557/557 832/558/558
f 832/558/558 799/559/559 800/563/563
f 800/563/563 799/559/559 776/562/562
f 776/562/562 799/559/559 775/560/560
f 776/562/562 775/560/560 742/561/561
f 446/564/564 444/565/565 433/577/577
f 433/577/577 444/565/565 431/566/566
f 433/577/577 431/566/566 436/576/576
f 436/576/576 431/566/566 438/567/567
f 436/576/576 438/567/567 464/575/575
f 464/575/575 438/567/567 466/578/578
f 464/575/575 466/579/579 499/574/574
f 499/580/580 466/568/568 502/569/569
f 499/581/581 502/569/569 516/573/573
f 516/573/573 502/569/569 515/570/570
f 516/573/573 515/570/570 558/572/572
f 558/572/572 515/570/570 556/571/571
f 513/595/595 552/582/582 540/602/602
f 540/602/602 552/582/582 541/583/583
f 540/602/602 541/583/583 538/584/584
f 540/602/602 538/584/584 508/605/605
f 508/605/605 538/584/584 506/585/585
f 508/605/605 506/585/585 496/586/586
f 472/587/587 470/608/608 496/586/586
f 496/586/586 470/608/608 504/606/606
f 496/586/586 504/606/606 508/605/605
f 508/605/605 504/606/606 540/602/602
f 460/588/588 462/610/610 472/587/587
f 472/587/587 462/610/610 454/611/611
f 472/587/587 454/611/611 470/608/608
f 470/608/608 454/611/611 455/612/612
f 470/608/608 455/612/612 467/609/609
f 467/609/609 455/612/612 464/598/598
f 462/610/610 460/588/588 449/613/613
f 449/613/613 460/588/588 452/589/589
f 449/613/613 452/589/589 446/590/590
f 446/590/590 433/591/591 449/613/613
f 449/613/613 433/591/591 435/614/614
f 449/613/613 435/614/614 462/610/610
f 462/610/610 435/614/614 454/611/611
f 433/591/591 436/592/592 435/614/614
f 435/614/614 436/592/592 442/615/615
f 435/614/614 442/615/615 454/611/611
f 454/611/611 442/615/615 455/612/612
f 436/592/592 464/596/596 442/615/615
f 513/595/595 509/603/603 498/594/594
f 498/594/594 509/603/603 491/604/604
f 498/594/594 491/604/604 464/601/601
f 509/603/603 513/595/595 540/602/602
f 442/615/615 464/597/597 455/612/612
f 467/609/609 464/599/599 476/607/607
f 476/607/607 464/600/600 491/604/604
f 476/607/607 491/604/604 509/603/603
f 476/607/607 509/603/603 504/606/606
f 504/606/606 509/603/603 540/602/602
f 467/609/609 476/607/607 504/606/606
f 470/608/608 467/609/609 504/606/606
f 558/616/616 554/617/617 516/624/624
f 516/624/624 554/617/617 553/618/618
f 516/624/624 553/618/618 552/619/619
f 552/619/619 513/620/620 516/624/624
f 516/624/624 513/620/620 499/623/623
f 499/623/623 513/620/620 498/621/621
f 499/623/623 498/621/621 464/622/622
f 267/625/625 262/626/626 214/638/638
f 214/638/638 262/626/626 212/627/627
f 214/638/638 212/627/627 198/637/637
f 198/637/637 212/627/627 196/628/628
f 198/637/637 196/628/628 207/636/636
f 207/636/636 196/628/628 209/639/639
f 207/636/636 209/640/640 256/635/635
f 256/641/641 209/629/629 258/630/630
f 256/642/642 258/630/630 304/634/634
f 304/634/634 258/630/630 306/631/631
f 304/634/634 306/631/631 349/633/633
f 349/633/633 306/631/631 347/632/632
f 303/656/656 343/643/643 335/663/663
f 335/663/663 343/643/643 341/644/644
f 335/663/663 341/644/644 333/645/645
f 335/663/663 333/645/645 330/666/666
f 330/666/666 333/645/645 329/646/646
f 330/666/666 329/646/646 301/647/647
f 286/648/648 254/669/669 301/647/647
f 301/647/647 254/669/669 282/667/667
f 301/647/647 282/667/667 330/666/666
f 330/666/666 282/667/667 335/663/663
f 275/649/649 276/671/671 286/648/648
f 286/648/648 276/671/671 220/672/672
f 286/648/648 220/672/672 254/669/669
f 254/669/669 220/672/672 204/673/673
f 254/669/669 204/673/673 219/670/670
f 219/670/670 204/673/673 207/659/659
f 276/671/671 275/649/649 260/674/674
f 260/674/674 275/649/649 271/650/650
f 260/674/674 271/650/650 267/651/651
f 267/651/651 214/652/652 260/674/674
f 260/674/674 214/652/652 215/675/675
f 260/674/674 215/675/675 276/671/671
f 276/671/671 215/675/675 220/672/672
f 214/652/652 198/653/653 215/675/675
f 215/675/675 198/653/653 200/676/676
f 215/675/675 200/676/676 220/672/672
f 220/672/672 200/676/676 204/673/673
f 198/653/653 207/657/657 200/676/676
f 303/656/656 297/664/664 255/655/655
f 255/655/655 297/664/664 250/665/665
f 255/655/655 250/665/665 207/662/662
f 297/664/664 303/656/656 335/663/663
f 200/676/676 207/658/658 204/673/673
f 219/670/670 207/660/660 247/668/668
f 247/668/668 207/661/661 250/665/665
f 247/668/668 250/665/665 297/664/664
f 247/668/668 297/664/664 282/667/667
f 282/667/667 297/664/664 335/663/663
f 219/670/670 247/668/668 282/667/667
f 254/669/669 219/670/670 282/667/667
f 349/677/677 345/678/678 304/685/685
f 304/685/685 345/678/678 344/679/679
f 304/685/685 344/679/679 343/680/680
f 343/680/680 303/681/681 304/685/685
f 304/685/685 303/681/681 256/684/684
f 256/684/684 303/681/681 255/682/682
f 256/684/684 255/682/682 207/683/683
f 161/686/686 159/687/687 141/699/699
f 141/699/699 159/687/687 138/688/688
f 141/699/699 138/688/688 125/698/698
f 125/698/698 138/688/688 123/689/689
f 125/698/698 123/689/689 112/697/697
f 112/697/697 123/689/689 111/700/700
f 112/697/697 111/701/701 117/696/696
f 117/702/702 111/690/690 124/691/691
f 117/703/703 124/691/691 140/695/695
f 140/695/695 124/691/691 139/692/692
f 140/695/695 139/692/692 165/694/694
f 165/694/694 139/692/692 160/693/693
f 142/717/717 162/704/704 148/724/724
f 148/724/724 162/704/704 158/705/705
f 148/724/724 158/705/705 156/706/706
f 148/724/724 156/706/706 150/727/727
f 150/727/727 156/706/706 154/707/707
f 150/727/727 154/707/707 151/708/708
f 153/709/709 137/730/730 151/708/708
f 151/708/708 137/730/730 136/728/728
f 151/708/708 136/728/728 150/727/727
f 150/727/727 136/728/728 148/724/724
f 155/710/710 149/732/732 153/709/709
f 153/709/709 149/732/732 135/733/733
f 153/709/709 135/733/733 137/730/730
f 137/730/730 135/733/733 120/734/734
f 137/730/730 120/734/734 122/731/731
f 122/731/731 120/734/734 112/720/720
f 149/732/732 155/710/710 147/735/735
f 147/735/735 155/710/710 157/711/711
f 147/735/735 157/711/711 161/712/712
f 161/712/712 141/713/713 147/735/735
f 147/735/735 141/713/713 133/736/736
f 147/735/735 133/736/736 149/732/732
f 149/732/732 133/736/736 135/733/733
f 141/713/713 125/714/714 133/736/736
f 133/736/736 125/714/714 118/737/737
f 133/736/736 118/737/737 135/733/733
f 135/733/733 118/737/737 120/734/734
f 125/714/714 112/718/718 118/737/737
f 142/717/717 134/725/725 126/716/716
f 126/716/716 134/725/725 119/726/726
f 126/716/716 119/726/726 112/723/723
f 134/725/725 142/717/717 148/724/724
f 118/737/737 112/719/719 120/734/734
f 122/731/731 112/721/721 121/729/729
f 121/729/729 112/722/722 119/726/726
f 121/729/729 119/726/726 134/725/725
f 121/729/729 134/725/725 136/728/728
f 136/728/728 134/725/725 148/724/724
f 122/731/731 121/729/729 136/728/728
f 137/730/730 122/731/731 136/728/728
f 165/738/738 164/739/739 140/746/746
f 140/746/746 164/739/739 163/740/740
f 140/746/746 163/740/740 162/741/741
f 162/741/741 142/742/742 140/746/746
f 140/746/746 142/742/742 117/745/745
f 117/745/745 142/742/742 126/743/743
f 117/745/745 126/743/743 112/744/744
f 348/747/747 346/748/748 307/760/760
f 307/760/760 346/748/748 305/749/749
f 307/760/760 305/749/749 259/759/759
f 259/759/759 305/749/749 257/750/750
f 259/759/759 257/750/750 210/758/758
f 210/758/758 257/750/750 208/761/761
f 210/758/758 208/762/762 197/757/757
f 197/763/763 208/751/751 195/752/752
f 197/764/764 195/752/752 213/756/756
f 213/756/756 195/752/752 211/753/753
f 213/756/756 211/753/753 266/755/755
f 266/755/755 211/753/753 261/754/754
f 217/778/778 268/765/765 273/785/785
f 273/785/785 268/765/765 272/766/766
f 273/785/785 272/766/766 277/767/767
f 273/785/785 277/767/767 285/788/788
f 285/788/788 277/767/767 287/768/768
f 285/788/788 287/768/768 302/769/769
f 331/770/770 274/791/791 302/769/769
f 302/769/769 274/791/791 248/789/789
f 302/769/769 248/789/789 285/788/788
f 285/788/788 248/789/789 273/785/785
f 334/771/771 332/793/793 331/770/770
f 331/770/770 332/793/793 296/794/794
f 331/770/770 296/794/794 274/791/791
f 274/791/791 296/794/794 249/795/795
f 274/791/791 249/795/795 221/792/792
f 221/792/792 249/795/795 210/781/781
f 332/793/793 334/771/771 340/796/796
f 340/796/796 334/771/771 342/772/772
f 340/796/796 342/772/772 348/773/773
f 348/773/773 307/774/774 340/796/796
f 340/796/796 307/774/774 300/797/797
f 340/796/796 300/797/797 332/793/793
f 332/793/793 300/797/797 296/794/794
f 307/774/774 259/775/775 300/797/797
f 300/797/797 259/775/775 251/798/798
f 300/797/797 251/798/798 296/794/794
f 296/794/794 251/798/798 249/795/795
f 259/775/775 210/779/779 251/798/798
f 217/778/778 218/786/786 199/777/777
f 199/777/777 218/786/786 203/787/787
f 199/777/777 203/787/787 210/784/784
f 218/786/786 217/778/778 273/785/785
f 251/798/798 210/780/780 249/795/795
f 221/792/792 210/782/782 216/790/790
f 216/790/790 210/783/783 203/787/787
f 216/790/790 203/787/787 218/786/786
f 216/790/790 218/786/786 248/789/789
f 248/789/789 218/786/786 273/785/785
f 221/792/792 216/790/790 248/789/789
f 274/791/791 221/792/792 248/789/789
f 266/799/799 265/800/800 213/807/807
f 213/807/807 265/800/800 269/801/801
f 213/807/807 269/801/801 268/802/802
f 268/802/802 217/803/803 213/807/807
f 213/807/807 217/803/803 197/806/806
f 197/806/806 217/803/803 199/804/804
f 197/806/806 199/804/804 210/805/805
f 557/808/808 555/809/809 517/821/821
f 517/821/821 555/809/809 514/810/810
f 517/821/821 514/810/810 503/820/820
f 503/820/820 514/810/810 501/811/811
f 503/820/820 501/811/811 468/819/819
f 468/819/819 501/811/811 465/822/822
f 468/819/819 465/823/823 439/818/818
f 439/824/824 465/812/812 437/813/813
f 439/825/825 437/813/813 432/817/817
f 432/817/817 437/813/813 430/814/814
f 432/817/817 430/814/814 445/816/816
f 445/816/816 430/814/814 443/815/815
f 434/839/839 450/826/826 456/846/846
f 456/846/846 450/826/826 453/827/827
f 456/846/846 453/827/827 461/828/828
f 456/846/846 461/828/828 471/849/849
f 471/849/849 461/828/828 473/829/829
f 471/849/849 473/829/829 500/830/830
f 507/831/831 490/852/852 500/830/830
f 500/830/830 490/852/852 463/850/850
f 500/830/830 463/850/850 471/849/849
f 471/849/849 463/850/850 456/846/846
f 539/832/832 537/854/854 507/831/831
f 507/831/831 537/854/854 505/855/855
f 507/831/831 505/855/855 490/852/852
f 490/852/852 505/855/855 485/856/856
f 490/852/852 485/856/856 469/853/853
f 469/853/853 485/856/856 468/842/842
f 537/854/854 539/832/832 543/857/857
f 543/857/857 539/832/832 542/833/833
f 543/857/857 542/833/833 557/834/834
f 557/834/834 517/835/835 543/857/857
f 543/857/857 517/835/835 512/858/858
f 543/857/857 512/858/858 537/854/854
f 537/854/854 512/858/858 505/855/855
f 517/835/835 503/836/836 512/858/858
f 512/858/858 503/836/836 492/859/859
f 512/858/858 492/859/859 505/855/855
f 505/855/855 492/859/859 485/856/856
f 503/836/836 468/840/840 492/859/859
f 434/839/839 440/847/847 441/838/838
f 441/838/838 440/847/847 451/848/848
f 441/838/838 451/848/848 468/845/845
f 440/847/847 434/839/839 456/846/846
f 492/859/859 468/841/841 485/856/856
f 469/853/853 468/843/843 459/851/851
f 459/851/851 468/844/844 451/848/848
f 459/851/851 451/848/848 440/847/847
f 459/851/851 440/847/847 463/850/850
f 463/850/850 440/847/847 456/846/846
f 469/853/853 459/851/851 463/850/850
f 490/852/852 469/853/853 463/850/850
f 445/860/860 447/861/861 432/868/868
f 432/868/868 447/861/861 448/862/862
f 432/868/868 448/862/862 450/863/863
f 450/863/863 434/864/864 432/868/868
f 432/868/868 434/864/864 439/867/867
f 439/867/867 434/864/864 441/865/865
f 439/867/867 441/865/865 468/866/866
f 707/882/882 676/869/869 709/889/889
f 709/889/889 676/869/869 699/870/870
f 709/889/889 699/870/870 716/871/871
f 709/889/889 716/871/871 730/892/892
f 730/892/892 716/871/871 732/872/872
f 730/892/892 732/872/872 760/873/873
f 771/874/874 762/895/895 760/873/873
f 760/873/873 762/895/895 733/893/893
f 760/873/873 733/893/893 730/892/892
f 730/892/892 733/893/893 709/889/889
f 788/875/875 783/897/897 771/874/874
f 771/874/874 783/897/897 778/898/898
f 771/874/874 778/898/898 762/895/895
f 762/895/895 778/898/898 766/899/899
f 762/895/895 766/899/899 761/896/896
f 761/896/896 766/899/899 759/885/885
f 783/897/897 788/875/875 813/900/900
f 813/900/900 788/875/875 808/876/876
f 813/900/900 808/876/876 839/877/877
f 839/877/877 806/878/878 813/900/900
f 813/900/900 806/878/878 798/901/901
f 813/900/900 798/901/901 783/897/897
f 783/897/897 798/901/901 778/898/898
f 806/878/878 777/879/879 798/901/901
f 798/901/901 777/879/879 774/902/902
f 798/901/901 774/902/902 778/898/898
f 778/898/898 774/902/902 766/899/899
f 777/879/879 759/883/883 774/902/902
f 707/882/882 714/890/890 727/881/881
f 727/881/881 714/890/890 729/891/891
f 727/881/881 729/891/891 759/888/888
f 714/890/890 707/882/882 709/889/889
f 774/902/902 759/884/884 766/899/899
f 761/896/896 759/886/886 739/894/894
f 739/894/894 759/887/887 729/891/891
f 739/894/894 729/891/891 714/890/890
f 739/894/894 714/890/890 733/893/893
f 733/893/893 714/890/890 709/889/889
f 761/896/896 739/894/894 733/893/893
f 762/895/895 761/896/896 733/893/893
f 836/904/904 835/905/905 839/903/903
f 839/903/903 835/905/905 830/906/906
f 839/903/903 830/906/906 811/908/908
f 811/908/908 830/906/906 809/907/907
f 839/903/903 811/908/908 806/923/923
f 806/923/923 811/908/908 784/909/909
f 806/923/923 784/909/909 777/922/922
f 777/922/922 784/909/909 764/910/910
f 777/922/922 764/910/910 759/921/921
f 759/921/921 764/910/910 737/924/924
f 759/921/921 737/925/925 726/920/920
f 726/926/926 737/911/911 717/912/912
f 726/927/927 717/912/912 700/919/919
f 700/919/919 717/912/912 696/913/913
f 700/919/919 696/913/913 674/915/915
f 674/915/915 696/913/913 694/914/914
f 700/919/919 674/915/915 670/918/918
f 670/918/918 674/915/915 666/916/916
f 670/918/918 666/916/916 667/917/917
f 670/928/928 672/929/929 700/936/936
f 700/936/936 672/929/929 673/930/930
f 700/936/936 673/930/930 676/931/931
f 676/931/931 707/932/932 700/936/936
f 700/936/936 707/932/932 726/935/935
f 726/935/935 707/932/932 727/933/933
f 726/935/935 727/933/933 759/934/934
f 1089/937/937 1087/938/938 1102/950/950
f 1102/950/950 1087/938/938 1100/939/939
f 1102/950/950 1100/939/939 1097/949/949
f 1097/949/949 1100/939/939 1095/940/940
f 1097/949/949 1095/940/940 1067/948/948
f 1067/948/948 1095/940/940 1064/951/951
f 1067/948/948 1064/952/952 1031/947/947
f 1031/953/953 1064/941/941 1029/942/942
f 1031/954/954 1029/942/942 1015/946/946
f 1015/946/946 1029/942/942 1012/943/943
f 1015/946/946 1012/943/943 969/945/945
f 969/945/945 1012/943/943 967/944/944
f 1016/968/968 973/955/955 989/975/975
f 989/975/975 973/955/955 984/956/956
f 989/975/975 984/956/956 991/957/957
f 989/975/975 991/957/957 1019/978/978
f 1019/978/978 991/957/957 1021/958/958
f 1019/978/978 1021/958/958 1035/959/959
f 1051/960/960 1062/981/981 1035/959/959
f 1035/959/959 1062/981/981 1027/979/979
f 1035/959/959 1027/979/979 1019/978/978
f 1019/978/978 1027/979/979 989/975/975
f 1072/961/961 1069/983/983 1051/960/960
f 1051/960/960 1069/983/983 1075/984/984
f 1051/960/960 1075/984/984 1062/981/981
f 1062/981/981 1075/984/984 1074/985/985
f 1062/981/981 1074/985/985 1066/982/982
f 1066/982/982 1074/985/985 1067/971/971
f 1069/983/983 1072/961/961 1085/986/986
f 1085/986/986 1072/961/961 1077/962/962
f 1085/986/986 1077/962/962 1089/963/963
f 1089/963/963 1102/964/964 1085/986/986
f 1085/986/986 1102/964/964 1098/987/987
f 1085/986/986 1098/987/987 1069/983/983
f 1069/983/983 1098/987/987 1075/984/984
f 1102/964/964 1097/965/965 1098/987/987
f 1098/987/987 1097/965/965 1091/988/988
f 1098/987/987 1091/988/988 1075/984/984
f 1075/984/984 1091/988/988 1074/985/985
f 1097/965/965 1067/969/969 1091/988/988
f 1016/968/968 1018/976/976 1033/967/967
f 1033/967/967 1018/976/976 1036/977/977
f 1033/967/967 1036/977/977 1067/974/974
f 1018/976/976 1016/968/968 989/975/975
f 1091/988/988 1067/970/970 1074/985/985
f 1066/982/982 1067/972/972 1047/980/980
f 1047/980/980 1067/973/973 1036/977/977
f 1047/980/980 1036/977/977 1018/976/976
f 1047/980/980 1018/976/976 1027/979/979
f 1027/979/979 1018/976/976 989/975/975
f 1066/982/982 1047/980/980 1027/979/979
f 1062/981/981 1066/982/982 1027/979/979
f 969/989/989 971/990/990 1015/997/997
f 1015/997/997 971/990/990 972/991/991
f 1015/997/997 972/991/991 973/992/992
f 973/992/992 1016/993/993 1015/997/997
f 1015/997/997 1016/993/993 1031/996/996
f 1031/996/996 1016/993/993 1033/994/994
f 1031/996/996 1033/994/994 1067/995/995
f 1262/998/998 1260/999/999 1304/1011/1011
f 1304/1011/1011 1260/999/999 1302/1000/1000
f 1304/1011/1011 1302/1000/1000 1323/1010/1010
f 1323/1010/1010 1302/1000/1000 1321/1001/1001
f 1323/1010/1010 1321/1001/1001 1314/1009/1009
f 1314/1009/1009 1321/1001/1001 1312/1012/1012
f 1314/1009/1009 1312/1013/1013 1269/1008/1008
f 1269/1014/1014 1312/1002/1002 1267/1003/1003
f 1269/1015/1015 1267/1003/1003 1228/1007/1007
f 1228/1007/1007 1267/1003/1003 1226/1004/1004
f 1228/1007/1007 1226/1004/1004 1191/1006/1006
f 1191/1006/1006 1226/1004/1004 1189/1005/1005
f 1229/1029/1029 1195/1016/1016 1199/1036/1036
f 1199/1036/1036 1195/1016/1016 1197/1017/1017
f 1199/1036/1036 1197/1017/1017 1201/1018/1018
f 1199/1036/1036 1201/1018/1018 1203/1039/1039
f 1203/1039/1039 1201/1018/1018 1205/1019/1019
f 1203/1039/1039 1205/1019/1019 1231/1020/1020
f 1244/1021/1021 1271/1042/1042 1231/1020/1020
f 1231/1020/1020 1271/1042/1042 1250/1040/1040
f 1231/1020/1020 1250/1040/1040 1203/1039/1039
f 1203/1039/1039 1250/1040/1040 1199/1036/1036
f 1253/1022/1022 1252/1044/1044 1244/1021/1021
f 1244/1021/1021 1252/1044/1044 1297/1045/1045
f 1244/1021/1021 1297/1045/1045 1271/1042/1042
f 1271/1042/1042 1297/1045/1045 1317/1046/1046
f 1271/1042/1042 1317/1046/1046 1299/1043/1043
f 1299/1043/1043 1317/1046/1046 1314/1032/1032
f 1252/1044/1044 1253/1022/1022 1266/1047/1047
f 1266/1047/1047 1253/1022/1022 1257/1023/1023
f 1266/1047/1047 1257/1023/1023 1262/1024/1024
f 1262/1024/1024 1304/1025/1025 1266/1047/1047
f 1266/1047/1047 1304/1025/1025 1305/1048/1048
f 1266/1047/1047 1305/1048/1048 1252/1044/1044
f 1252/1044/1044 1305/1048/1048 1297/1045/1045
f 1304/1025/1025 1323/1026/1026 1305/1048/1048
f 1305/1048/1048 1323/1026/1026 1320/1049/1049
f 1305/1048/1048 1320/1049/1049 1297/1045/1045
f 1297/1045/1045 1320/1049/1049 1317/1046/1046
f 1323/1026/1026 1314/1030/1030 1320/1049/1049
f 1229/1029/1029 1233/1037/1037 1270/1028/1028
f 1270/1028/1028 1233/1037/1037 1273/1038/1038
f 1270/1028/1028 1273/1038/1038 1314/1035/1035
f 1233/1037/1037 1229/1029/1029 1199/1036/1036
f 1320/1049/1049 1314/1031/1031 1317/1046/1046
f 1299/1043/1043 1314/1033/1033 1276/1041/1041
f 1276/1041/1041 1314/1034/1034 1273/1038/1038
f 1276/1041/1041 1273/1038/1038 1233/1037/1037
f 1276/1041/1041 1233/1037/1037 1250/1040/1040
f 1250/1040/1040 1233/1037/1037 1199/1036/1036
f 1299/1043/1043 1276/1041/1041 1250/1040/1040
f 1271/1042/1042 1299/1043/1043 1250/1040/1040
f 1191/1050/1050 1193/1051/1051 1228/1058/1058
f 1228/1058/1058 1193/1051/1051 1194/1052/1052
f 1228/1058/1058 1194/1052/1052 1195/1053/1053
f 1195/1053/1053 1229/1054/1054 1228/1058/1058
f 1228/1058/1058 1229/1054/1054 1269/1057/1057
f 1269/1057/1057 1229/1054/1054 1270/1055/1055
f 1269/1057/1057 1270/1055/1055 1314/1056/1056
f 810/1059/1059 812/1060/1060 1410/1062/1062
f 1410/1062/1062 812/1060/1060 1413/1061/1061
f 694/1063/1063 696/1064/1064 105/1066/1066
f 105/1066/1066 696/1064/1064 108/1065/1065
f 675/1068/1068 625/1071/1071 695/1067/1067
f 695/1067/1067 625/1071/1071 502/1075/1075
f 695/1067/1067 502/1075/1075 106/1123/1123
f 106/1123/1123 502/1075/1075 466/1076/1076
f 106/1123/1123 466/1076/1076 438/1077/1077
f 675/1068/1068 669/1069/1069 625/1071/1071
f 625/1071/1071 669/1069/1069 668/1070/1070
f 625/1071/1071 580/1072/1072 502/1075/1075
f 502/1075/1075 580/1072/1072 515/1074/1074
f 515/1074/1074 580/1072/1072 556/1073/1073
f 438/1077/1077 431/1078/1078 106/1123/1123
f 106/1123/1123 431/1078/1078 396/1080/1080
f 106/1123/1123 396/1080/1080 359/1081/1081
f 431/1078/1078 444/1079/1079 396/1080/1080
f 347/1082/1082 306/1083/1083 359/1081/1081
f 359/1081/1081 306/1083/1083 106/1123/1123
f 306/1083/1083 258/1084/1084 106/1123/1123
f 106/1123/1123 258/1084/1084 209/1085/1085
f 106/1123/1123 209/1085/1085 196/1086/1086
f 212/1087/1087 206/1089/1089 196/1086/1086
f 196/1086/1086 206/1089/1089 190/1090/1090
f 196/1086/1086 190/1090/1090 124/1093/1093
f 124/1093/1093 190/1090/1090 139/1092/1092
f 139/1092/1092 190/1090/1090 160/1091/1091
f 212/1087/1087 262/1088/1088 206/1089/1089
f 196/1086/1086 124/1093/1093 106/1123/1123
f 106/1123/1123 124/1093/1093 111/1094/1094
f 106/1123/1123 111/1094/1094 105/1122/1122
f 105/1122/1122 111/1094/1094 123/1095/1095
f 105/1122/1122 123/1095/1095 195/1102/1102
f 195/1102/1102 123/1095/1095 189/1098/1098
f 195/1102/1102 189/1098/1098 205/1099/1099
f 123/1095/1095 138/1096/1096 189/1098/1098
f 189/1098/1098 138/1096/1096 159/1097/1097
f 261/1100/1100 211/1101/1101 205/1099/1099
f 205/1099/1099 211/1101/1101 195/1102/1102
f 195/1102/1102 208/1103/1103 105/1122/1122
f 105/1122/1122 208/1103/1103 257/1104/1104
f 105/1122/1122 257/1104/1104 305/1105/1105
f 346/1106/1106 358/1107/1107 305/1105/1105
f 305/1105/1105 358/1107/1107 105/1122/1122
f 358/1107/1107 395/1108/1108 105/1122/1122
f 105/1122/1122 395/1108/1108 430/1110/1110
f 105/1122/1122 430/1110/1110 437/1111/1111
f 395/1108/1108 443/1109/1109 430/1110/1110
f 437/1111/1111 465/1112/1112 105/1122/1122
f 105/1122/1122 465/1112/1112 501/1113/1113
f 105/1122/1122 501/1113/1113 694/1121/1121
f 694/1121/1121 501/1113/1113 624/1117/1117
f 694/1121/1121 624/1117/1117 674/1120/1120
f 674/1120/1120 624/1117/1117 666/1119/1119
f 666/1119/1119 624/1117/1117 667/1118/1118
f 624/1117/1117 501/1113/1113 579/1116/1116
f 579/1116/1116 501/1113/1113 514/1114/1114
f 579/1116/1116 514/1114/1114 555/1115/1115
f 1336/1125/1125 1368/1177/1177 1376/1124/1124
f 1376/1124/1124 1368/1177/1177 1370/1178/1178
f 1376/1124/1124 1370/1178/1178 1375/1350/1350
f 1278/1126/1126 1316/1172/1172 1336/1125/1125
f 1336/1125/1125 1316/1172/1172 1334/1173/1173
f 1336/1125/1125 1334/1173/1173 1355/1174/1174
f 1207/1127/1127 1251/1165/1165 1278/1126/1126
f 1278/1126/1126 1251/1165/1165 1256/1166/1166
f 1278/1126/1126 1256/1166/1166 1263/1170/1170
f 1263/1170/1170 1256/1166/1166 1264/1169/1169
f 1264/1169/1169 1256/1166/1166 1258/1168/1168
f 1258/1168/1168 1256/1166/1166 1259/1167/1167
f 1161/1128/1128 1196/1160/1160 1207/1127/1127
f 1207/1127/1127 1196/1160/1160 1200/1161/1161
f 1207/1127/1127 1200/1161/1161 1204/1162/1162
f 1105/1129/1129 1143/1348/1348 1161/1128/1128
f 1161/1128/1128 1143/1348/1348 1180/1349/1349
f 1161/1128/1128 1180/1349/1349 1192/1159/1159
f 1192/1159/1159 1180/1349/1349 1190/1158/1158
f 994/1130/1130 1048/1340/1340 1105/1129/1129
f 1105/1129/1129 1048/1340/1340 1070/1341/1341
f 1105/1129/1129 1070/1341/1341 1076/1342/1342
f 915/1131/1131 983/1336/1336 994/1130/1130
f 994/1130/1130 983/1336/1336 990/1337/1337
f 994/1130/1130 990/1337/1337 1020/1338/1338
f 815/1132/1132 890/1332/1332 915/1131/1131
f 915/1131/1131 890/1332/1332 940/1333/1333
f 915/1131/1131 940/1333/1333 970/1335/1335
f 970/1335/1335 940/1333/1333 968/1334/1334
f 679/1133/1133 743/1323/1323 815/1132/1132
f 815/1132/1132 743/1323/1323 770/1324/1324
f 815/1132/1132 770/1324/1324 786/1325/1325
f 592/1134/1134 671/1319/1319 679/1133/1133
f 679/1133/1133 671/1319/1319 698/1320/1320
f 679/1133/1133 698/1320/1320 715/1321/1321
f 519/1135/1135 558/1314/1314 592/1134/1134
f 592/1134/1134 558/1314/1314 580/1316/1316
f 592/1134/1134 580/1316/1316 625/1317/1317
f 412/1136/1136 472/1306/1306 519/1135/1135
f 519/1135/1135 472/1306/1306 496/1307/1307
f 519/1135/1135 496/1307/1307 506/1308/1308
f 361/1137/1137 396/1301/1301 412/1136/1136
f 412/1136/1136 396/1301/1301 444/1302/1302
f 412/1136/1136 444/1302/1302 446/1303/1303
f 311/1138/1138 341/1294/1294 361/1137/1137
f 361/1137/1137 341/1294/1294 349/1298/1298
f 361/1137/1137 349/1298/1298 359/1300/1300
f 359/1300/1300 349/1298/1298 347/1299/1299
f 223/1139/1139 286/1290/1290 311/1138/1138
f 311/1138/1138 286/1290/1290 301/1291/1291
f 311/1138/1138 301/1291/1291 329/1292/1292
f 169/1140/1140 206/1285/1285 223/1139/1139
f 223/1139/1139 206/1285/1285 262/1286/1286
f 223/1139/1139 262/1286/1286 267/1287/1287
f 152/1141/1141 158/1278/1278 169/1140/1140
f 169/1140/1140 158/1278/1278 165/1282/1282
f 169/1140/1140 165/1282/1282 160/1283/1283
f 168/1142/1142 155/1273/1273 152/1141/1141
f 152/1141/1141 155/1273/1273 153/1274/1274
f 152/1141/1141 153/1274/1274 151/1275/1275
f 222/1143/1143 205/1268/1268 168/1142/1142
f 168/1142/1142 205/1268/1268 189/1269/1269
f 168/1142/1142 189/1269/1269 159/1270/1270
f 310/1144/1144 277/1261/1261 222/1143/1143
f 222/1143/1143 277/1261/1261 272/1262/1262
f 222/1143/1143 272/1262/1262 266/1266/1266
f 266/1266/1266 272/1262/1262 270/1265/1265
f 270/1265/1265 272/1262/1262 264/1264/1264
f 264/1264/1264 272/1262/1262 263/1263/1263
f 360/1145/1145 342/1256/1256 310/1144/1144
f 310/1144/1144 342/1256/1256 334/1257/1257
f 310/1144/1144 334/1257/1257 331/1258/1258
f 411/1146/1146 395/1252/1252 360/1145/1145
f 360/1145/1145 395/1252/1252 358/1253/1253
f 360/1145/1145 358/1253/1253 348/1255/1255
f 348/1255/1255 358/1253/1253 346/1254/1254
f 518/1147/1147 473/1244/1244 411/1146/1146
f 411/1146/1146 473/1244/1244 461/1245/1245
f 411/1146/1146 461/1245/1245 453/1246/1246
f 591/1148/1148 542/1240/1240 518/1147/1147
f 518/1147/1147 542/1240/1240 539/1241/1241
f 518/1147/1147 539/1241/1241 507/1242/1242
f 678/1149/1149 624/1236/1236 591/1148/1148
f 591/1148/1148 624/1236/1236 579/1237/1237
f 591/1148/1148 579/1237/1237 557/1239/1239
f 557/1239/1239 579/1237/1237 555/1238/1238
f 814/1150/1150 760/1227/1227 678/1149/1149
f 678/1149/1149 760/1227/1227 732/1228/1228
f 678/1149/1149 732/1228/1228 716/1229/1229
f 914/1151/1151 839/1223/1223 814/1150/1150
f 814/1150/1150 839/1223/1223 808/1224/1224
f 814/1150/1150 808/1224/1224 788/1225/1225
f 993/1152/1152 969/1218/1218 914/1151/1151
f 914/1151/1151 969/1218/1218 939/1220/1220
f 914/1151/1151 939/1220/1220 889/1221/1221
f 1104/1153/1153 1051/1210/1210 993/1152/1152
f 993/1152/1152 1051/1210/1210 1035/1211/1211
f 993/1152/1152 1035/1211/1211 1021/1212/1212
f 1160/1154/1154 1142/1205/1205 1104/1153/1153
f 1104/1153/1153 1142/1205/1205 1087/1206/1206
f 1104/1153/1153 1087/1206/1206 1089/1207/1207
f 1206/1155/1155 1197/1198/1198 1160/1154/1154
f 1160/1154/1154 1197/1198/1198 1191/1202/1202
f 1160/1154/1154 1191/1202/1202 1179/1204/1204
f 1179/1204/1204 1191/1202/1202 1189/1203/1203
f 1277/1156/1156 1244/1194/1194 1206/1155/1155
f 1206/1155/1155 1244/1194/1194 1231/1195/1195
f 1206/1155/1155 1231/1195/1195 1205/1196/1196
f 1335/1157/1157 1315/1189/1189 1277/1156/1156
f 1277/1156/1156 1315/1189/1189 1260/1190/1190
f 1277/1156/1156 1260/1190/1190 1262/1191/1191
f 1376/1351/1351 1361/1182/1182 1335/1157/1157
f 1335/1157/1157 1361/1182/1182 1356/1186/1186
f 1335/1157/1157 1356/1186/1186 1354/1187/1187
f 1192/1159/1159 1196/1160/1160 1161/1128/1128
f 1204/1162/1162 1230/1163/1163 1207/1127/1127
f 1207/1127/1127 1230/1163/1163 1243/1164/1164
f 1207/1127/1127 1243/1164/1164 1251/1165/1165
f 1263/1170/1170 1261/1171/1171 1278/1126/1126
f 1278/1126/1126 1261/1171/1171 1316/1172/1172
f 1355/1174/1174 1360/1175/1175 1336/1125/1125
f 1336/1125/1125 1360/1175/1175 1362/1176/1176
f 1336/1125/1125 1362/1176/1176 1368/1177/1177
f 1375/1179/1179 1369/1180/1180 1376/1352/1352
f 1376/1353/1353 1369/1180/1180 1367/1181/1181
f 1376/1354/1354 1367/1181/1181 1361/1182/1182
f 1359/1183/1183 1358/1184/1184 1361/1182/1182
f 1361/1182/1182 1358/1184/1184 1357/1185/1185
f 1361/1182/1182 1357/1185/1185 1356/1186/1186
f 1354/1187/1187 1333/1188/1188 1335/1157/1157
f 1335/1157/1157 1333/1188/1188 1315/1189/1189
f 1262/1191/1191 1257/1192/1192 1277/1156/1156
f 1277/1156/1156 1257/1192/1192 1253/1193/1193
f 1277/1156/1156 1253/1193/1193 1244/1194/1194
f 1205/1196/1196 1201/1197/1197 1206/1155/1155
f 1206/1155/1155 1201/1197/1197 1197/1198/1198
f 1195/1199/1199 1194/1200/1200 1197/1198/1198
f 1197/1198/1198 1194/1200/1200 1193/1201/1201
f 1197/1198/1198 1193/1201/1201 1191/1202/1202
f 1179/1204/1204 1142/1205/1205 1160/1154/1154
f 1089/1207/1207 1077/1208/1208 1104/1153/1153
f 1104/1153/1153 1077/1208/1208 1072/1209/1209
f 1104/1153/1153 1072/1209/1209 1051/1210/1210
f 1021/1212/1212 991/1213/1213 993/1152/1152
f 993/1152/1152 991/1213/1213 984/1214/1214
f 993/1152/1152 984/1214/1214 969/1218/1218
f 969/1218/1218 984/1214/1214 971/1217/1217
f 971/1217/1217 984/1214/1214 972/1216/1216
f 972/1216/1216 984/1214/1214 973/1215/1215
f 969/1218/1218 967/1219/1219 939/1220/1220
f 836/1222/1222 839/1223/1223 889/1221/1221
f 889/1221/1221 839/1223/1223 914/1151/1151
f 788/1225/1225 771/1226/1226 814/1150/1150
f 814/1150/1150 771/1226/1226 760/1227/1227
f 716/1229/1229 699/1230/1230 678/1149/1149
f 678/1149/1149 699/1230/1230 676/1231/1231
f 678/1149/1149 676/1231/1231 673/1232/1232
f 673/1232/1232 672/1233/1233 678/1149/1149
f 678/1149/1149 672/1233/1233 670/1234/1234
f 678/1149/1149 670/1234/1234 624/1236/1236
f 624/1236/1236 670/1234/1234 667/1235/1235
f 557/1239/1239 542/1240/1240 591/1148/1148
f 507/1242/1242 500/1243/1243 518/1147/1147
f 518/1147/1147 500/1243/1243 473/1244/1244
f 450/1247/1247 448/1248/1248 453/1246/1246
f 453/1246/1246 448/1248/1248 447/1249/1249
f 453/1246/1246 447/1249/1249 445/1250/1250
f 453/1246/1246 445/1250/1250 411/1146/1146
f 411/1146/1146 445/1250/1250 443/1251/1251
f 411/1146/1146 443/1251/1251 395/1252/1252
f 348/1255/1255 342/1256/1256 360/1145/1145
f 331/1258/1258 302/1259/1259 310/1144/1144
f 310/1144/1144 302/1259/1259 287/1260/1260
f 310/1144/1144 287/1260/1260 277/1261/1261
f 266/1266/1266 261/1267/1267 222/1143/1143
f 222/1143/1143 261/1267/1267 205/1268/1268
f 159/1270/1270 161/1271/1271 168/1142/1142
f 168/1142/1142 161/1271/1271 157/1272/1272
f 168/1142/1142 157/1272/1272 155/1273/1273
f 151/1275/1275 154/1276/1276 152/1141/1141
f 152/1141/1141 154/1276/1276 156/1277/1277
f 152/1141/1141 156/1277/1277 158/1278/1278
f 162/1279/1279 163/1280/1280 158/1278/1278
f 158/1278/1278 163/1280/1280 164/1281/1281
f 158/1278/1278 164/1281/1281 165/1282/1282
f 160/1283/1283 190/1284/1284 169/1140/1140
f 169/1140/1140 190/1284/1284 206/1285/1285
f 267/1287/1287 271/1288/1288 223/1139/1139
f 223/1139/1139 271/1288/1288 275/1289/1289
f 223/1139/1139 275/1289/1289 286/1290/1290
f 329/1292/1292 333/1293/1293 311/1138/1138
f 311/1138/1138 333/1293/1293 341/1294/1294
f 343/1295/1295 344/1296/1296 341/1294/1294
f 341/1294/1294 344/1296/1296 345/1297/1297
f 341/1294/1294 345/1297/1297 349/1298/1298
f 359/1300/1300 396/1301/1301 361/1137/1137
f 446/1303/1303 452/1304/1304 412/1136/1136
f 412/1136/1136 452/1304/1304 460/1305/1305
f 412/1136/1136 460/1305/1305 472/1306/1306
f 506/1308/1308 538/1309/1309 519/1135/1135
f 519/1135/1135 538/1309/1309 541/1310/1310
f 519/1135/1135 541/1310/1310 558/1314/1314
f 558/1314/1314 541/1310/1310 554/1313/1313
f 554/1313/1313 541/1310/1310 553/1312/1312
f 553/1312/1312 541/1310/1310 552/1311/1311
f 558/1314/1314 556/1315/1315 580/1316/1316
f 668/1318/1318 671/1319/1319 625/1317/1317
f 625/1317/1317 671/1319/1319 592/1134/1134
f 715/1321/1321 731/1322/1322 679/1133/1133
f 679/1133/1133 731/1322/1322 743/1323/1323
f 786/1325/1325 807/1326/1326 815/1132/1132
f 815/1132/1132 807/1326/1326 832/1327/1327
f 815/1132/1132 832/1327/1327 833/1328/1328
f 833/1328/1328 834/1329/1329 815/1132/1132
f 815/1132/1132 834/1329/1329 840/1330/1330
f 815/1132/1132 840/1330/1330 890/1332/1332
f 890/1332/1332 840/1330/1330 837/1331/1331
f 970/1335/1335 983/1336/1336 915/1131/1131
f 1020/1338/1338 1032/1339/1339 994/1130/1130
f 994/1130/1130 1032/1339/1339 1048/1340/1340
f 1083/1343/1343 1084/1344/1344 1076/1342/1342
f 1076/1342/1342 1084/1344/1344 1086/1345/1345
f 1076/1342/1342 1086/1345/1345 1090/1346/1346
f 1076/1342/1342 1090/1346/1346 1105/1129/1129
f 1105/1129/1129 1090/1346/1346 1088/1347/1347
f 1105/1129/1129 1088/1347/1347 1143/1348/1348
f 1383/1357/1357 1387/1376/1376 1394/1356/1356
f 1394/1356/1356 1387/1376/1376 1397/1377/1377
f 1394/1356/1356 1397/1377/1377 1402/1374/1374
f 1387/1376/1376 1383/1357/1357 1372/1375/1375
f 1372/1375/1375 1383/1357/1357 1359/1358/1358
f 1372/1375/1375 1359/1358/1358 1361/1359/1359
f 1361/1359/1359 1367/1360/1360 1372/1375/1375
f 1372/1375/1375 1367/1360/1360 1374/1378/1378
f 1372/1375/1375 1374/1378/1378 1389/1379/1379
f 1389/1379/1379 1374/1378/1378 1375/1362/1362
f 1389/1379/1379 1375/1362/1362 1390/1381/1381
f 1390/1381/1381 1375/1362/1362 1370/1363/1363
f 1390/1381/1381 1370/1363/1363 1388/1384/1384
f 1388/1384/1384 1370/1363/1363 1373/1383/1383
f 1388/1384/1384 1373/1383/1383 1386/1387/1387
f 1386/1387/1387 1373/1383/1383 1371/1386/1386
f 1386/1387/1387 1371/1386/1386 1384/1367/1367
f 1384/1367/1367 1371/1386/1386 1360/1366/1366
f 1360/1366/1366 1371/1386/1386 1362/1365/1365
f 1362/1365/1365 1371/1386/1386 1368/1364/1364
f 1368/1364/1364 1371/1386/1386 1373/1383/1383
f 1368/1364/1364 1373/1383/1383 1370/1363/1363
f 1367/1360/1360 1369/1361/1361 1374/1378/1378
f 1374/1378/1378 1369/1361/1361 1375/1362/1362
f 1384/1367/1367 1391/1368/1368 1386/1387/1387
f 1386/1387/1387 1391/1368/1368 1396/1388/1388
f 1386/1387/1387 1396/1388/1388 1388/1384/1384
f 1388/1384/1384 1396/1388/1388 1398/1385/1385
f 1388/1384/1384 1398/1385/1385 1390/1381/1381
f 1390/1381/1381 1398/1385/1385 1400/1382/1382
f 1390/1381/1381 1400/1382/1382 1389/1379/1379
f 1389/1379/1379 1400/1382/1382 1399/1380/1380
f 1389/1379/1379 1399/1380/1380 1387/1376/1376
f 1387/1376/1376 1399/1380/1380 1397/1377/1377
f 1391/1368/1368 1402/1369/1369 1396/1388/1388
f 1396/1388/1388 1402/1370/1370 1398/1385/1385
f 1398/1385/1385 1402/1371/1371 1400/1382/1382
f 1400/1382/1382 1402/1372/1372 1399/1380/1380
f 1399/1380/1380 1402/1373/1373 1397/1377/1377
f 1389/1379/1379 1387/1376/1376 1372/1375/1375
f 1358/1397/1397 1359/1389/1389 1385/1394/1394
f 1385/1394/1394 1359/1389/1389 1383/1390/1390
f 1385/1394/1394 1383/1390/1390 1395/1393/1393
f 1395/1393/1393 1383/1390/1390 1394/1391/1391
f 1395/1393/1393 1394/1391/1391 1402/1392/1392
f 1356/1395/1395 1357/1396/1396 1385/1394/1394
f 1385/1394/1394 1357/1396/1396 1358/1397/1397
f 1360/1398/1398 1355/1399/1399 1384/1411/1411
f 1384/1411/1411 1355/1399/1399 1382/1400/1400
f 1384/1411/1411 1382/1400/1400 1391/1410/1410
f 1391/1410/1410 1382/1400/1400 1393/1401/1401
f 1391/1410/1410 1393/1401/1401 1402/1409/1409
f 1402/1409/1409 1393/1401/1401 1401/1412/1412
f 1402/1409/1409 1401/1413/1413 1395/1408/1408
f 1395/1414/1414 1401/1402/1402 1392/1403/1403
f 1395/1415/1415 1392/1403/1403 1385/1407/1407
f 1385/1407/1407 1392/1403/1403 1381/1404/1404
f 1385/1407/1407 1381/1404/1404 1356/1406/1406
f 1356/1406/1406 1381/1404/1404 1354/1405/1405
f 884/1732/1732 895/1416/1416 932/1472/1472
f 932/1472/1472 895/1416/1416 885/1417/1417
f 932/1472/1472 885/1417/1417 874/1418/1418
f 932/1472/1472 874/1418/1418 931/1480/1480
f 931/1480/1480 874/1418/1418 802/1419/1419
f 931/1480/1480 802/1419/1419 929/1496/1496
f 929/1496/1496 802/1419/1419 829/1495/1495
f 929/1496/1496 829/1495/1495 927/1581/1581
f 927/1581/1581 829/1495/1495 827/1580/1580
f 927/1581/1581 827/1580/1580 925/1597/1597
f 925/1597/1597 827/1580/1580 825/1596/1596
f 925/1597/1597 825/1596/1596 923/1613/1613
f 923/1613/1613 825/1596/1596 823/1612/1612
f 923/1613/1613 823/1612/1612 921/1629/1629
f 921/1629/1629 823/1612/1612 821/1628/1628
f 921/1629/1629 821/1628/1628 919/1645/1645
f 919/1645/1645 821/1628/1628 819/1644/1644
f 919/1645/1645 819/1644/1644 917/1562/1562
f 917/1562/1562 819/1644/1644 817/1563/1563
f 917/1562/1562 817/1563/1563 915/1459/1459
f 915/1459/1459 817/1563/1563 815/1458/1458
f 815/1458/1458 817/1563/1563 681/1564/1564
f 815/1458/1458 681/1564/1564 679/1457/1457
f 679/1457/1457 681/1564/1564 594/1565/1565
f 679/1457/1457 594/1565/1565 592/1456/1456
f 592/1456/1456 594/1565/1565 521/1566/1566
f 592/1456/1456 521/1566/1566 519/1455/1455
f 519/1455/1455 521/1566/1566 414/1567/1567
f 519/1455/1455 414/1567/1567 412/1454/1454
f 412/1454/1454 414/1567/1567 363/1568/1568
f 412/1454/1454 363/1568/1568 361/1453/1453
f 361/1453/1453 363/1568/1568 313/1569/1569
f 361/1453/1453 313/1569/1569 311/1452/1452
f 311/1452/1452 313/1569/1569 225/1570/1570
f 311/1452/1452 225/1570/1570 223/1451/1451
f 223/1451/1451 225/1570/1570 171/1571/1571
f 223/1451/1451 171/1571/1571 169/1450/1450
f 169/1450/1450 171/1571/1571 152/1449/1449
f 802/1419/1419 749/1420/1420 829/1495/1495
f 829/1495/1495 749/1420/1420 693/1494/1494
f 829/1495/1495 693/1494/1494 827/1580/1580
f 827/1580/1580 693/1494/1494 691/1579/1579
f 827/1580/1580 691/1579/1579 825/1596/1596
f 825/1596/1596 691/1579/1579 689/1595/1595
f 825/1596/1596 689/1595/1595 823/1612/1612
f 823/1612/1612 689/1595/1595 687/1611/1611
f 823/1612/1612 687/1611/1611 821/1628/1628
f 821/1628/1628 687/1611/1611 685/1627/1627
f 821/1628/1628 685/1627/1627 819/1644/1644
f 819/1644/1644 685/1627/1627 683/1643/1643
f 819/1644/1644 683/1643/1643 817/1563/1563
f 817/1563/1563 683/1643/1643 681/1564/1564
f 749/1420/1420 703/1421/1421 693/1494/1494
f 693/1494/1494 703/1421/1421 648/1422/1422
f 693/1494/1494 648/1422/1422 606/1493/1493
f 606/1493/1493 648/1422/1422 608/1503/1503
f 606/1493/1493 608/1503/1503 535/1504/1504
f 535/1504/1504 608/1503/1503 536/1474/1474
f 535/1504/1504 536/1474/1474 429/1475/1475
f 429/1475/1475 536/1474/1474 427/1733/1733
f 429/1734/1734 427/1512/1512 376/1513/1513
f 376/1513/1513 427/1512/1512 374/1529/1529
f 376/1513/1513 374/1529/1529 324/1530/1530
f 324/1530/1530 374/1529/1529 322/1665/1665
f 324/1530/1530 322/1665/1665 234/1666/1666
f 234/1666/1666 322/1665/1665 232/1682/1682
f 234/1666/1666 232/1682/1682 178/1683/1683
f 178/1683/1683 232/1682/1682 176/1699/1699
f 178/1683/1683 176/1699/1699 152/1735/1735
f 608/1503/1503 648/1422/1422 609/1473/1473
f 609/1473/1473 648/1422/1422 627/1423/1423
f 609/1473/1473 627/1423/1423 618/1736/1736
f 618/1424/1424 626/1425/1425 609/1737/1737
f 609/1738/1738 626/1425/1425 607/1510/1510
f 609/1739/1739 607/1510/1510 534/1511/1511
f 534/1511/1511 607/1510/1510 532/1527/1527
f 534/1511/1511 532/1527/1527 425/1528/1528
f 425/1528/1528 532/1527/1527 423/1663/1663
f 425/1528/1528 423/1663/1663 372/1664/1664
f 372/1664/1664 423/1663/1663 370/1680/1680
f 372/1664/1664 370/1680/1680 320/1681/1681
f 320/1681/1681 370/1680/1680 318/1697/1697
f 320/1681/1681 318/1697/1697 230/1698/1698
f 230/1698/1698 318/1697/1697 228/1714/1714
f 230/1698/1698 228/1714/1714 174/1715/1715
f 174/1715/1715 228/1714/1714 172/1731/1731
f 174/1715/1715 172/1731/1731 152/1740/1740
f 626/1425/1425 647/1426/1426 607/1510/1510
f 607/1510/1510 647/1426/1426 702/1427/1427
f 607/1510/1510 702/1427/1427 605/1526/1526
f 605/1526/1526 702/1427/1427 692/1525/1525
f 605/1526/1526 692/1525/1525 603/1661/1661
f 603/1661/1661 692/1525/1525 690/1660/1660
f 603/1661/1661 690/1660/1660 601/1677/1677
f 601/1677/1677 690/1660/1660 688/1676/1676
f 601/1677/1677 688/1676/1676 599/1693/1693
f 599/1693/1693 688/1676/1676 686/1692/1692
f 599/1693/1693 686/1692/1692 597/1709/1709
f 597/1709/1709 686/1692/1692 684/1708/1708
f 597/1709/1709 684/1708/1708 595/1725/1725
f 595/1725/1725 684/1708/1708 682/1724/1724
f 595/1725/1725 682/1724/1724 593/1546/1546
f 593/1546/1546 682/1724/1724 680/1547/1547
f 593/1546/1546 680/1547/1547 591/1442/1442
f 591/1442/1442 680/1547/1547 678/1441/1441
f 678/1441/1441 680/1547/1547 816/1548/1548
f 678/1441/1441 816/1548/1548 814/1440/1440
f 814/1440/1440 816/1548/1548 916/1549/1549
f 814/1440/1440 916/1549/1549 914/1439/1439
f 914/1439/1439 916/1549/1549 995/1550/1550
f 914/1439/1439 995/1550/1550 993/1438/1438
f 993/1438/1438 995/1550/1550 1106/1551/1551
f 993/1438/1438 1106/1551/1551 1104/1437/1437
f 1104/1437/1437 1106/1551/1551 1162/1552/1552
f 1104/1437/1437 1162/1552/1552 1160/1436/1436
f 1160/1436/1436 1162/1552/1552 1208/1553/1553
f 1160/1436/1436 1208/1553/1553 1206/1435/1435
f 1206/1435/1435 1208/1553/1553 1279/1554/1554
f 1206/1435/1435 1279/1554/1554 1277/1434/1434
f 1277/1434/1434 1279/1554/1554 1337/1555/1555
f 1277/1434/1434 1337/1555/1555 1335/1433/1433
f 1335/1433/1433 1337/1555/1555 1376/1432/1432
f 702/1427/1427 748/1428/1428 692/1525/1525
f 692/1525/1525 748/1428/1428 828/1524/1524
f 692/1525/1525 828/1524/1524 690/1660/1660
f 690/1660/1660 828/1524/1524 826/1659/1659
f 690/1660/1660 826/1659/1659 688/1676/1676
f 688/1676/1676 826/1659/1659 824/1675/1675
f 688/1676/1676 824/1675/1675 686/1692/1692
f 686/1692/1692 824/1675/1675 822/1691/1691
f 686/1692/1692 822/1691/1691 684/1708/1708
f 684/1708/1708 822/1691/1691 820/1707/1707
f 684/1708/1708 820/1707/1707 682/1724/1724
f 682/1724/1724 820/1707/1707 818/1723/1723
f 682/1724/1724 818/1723/1723 680/1547/1547
f 680/1547/1547 818/1723/1723 816/1548/1548
f 748/1428/1428 801/1429/1429 828/1524/1524
f 828/1524/1524 801/1429/1429 873/1430/1430
f 828/1524/1524 873/1430/1430 928/1523/1523
f 928/1523/1523 873/1430/1430 930/1533/1533
f 928/1523/1523 930/1533/1533 1009/1534/1534
f 1009/1534/1534 930/1533/1533 1011/1741/1741
f 1009/1742/1742 1011/1471/1471 1122/1470/1470
f 1122/1470/1470 1011/1471/1471 1121/1482/1482
f 1122/1470/1470 1121/1482/1482 1177/1483/1483
f 1177/1483/1483 1121/1482/1482 1175/1499/1499
f 1177/1483/1483 1175/1499/1499 1221/1500/1500
f 1221/1500/1500 1175/1499/1499 1219/1585/1585
f 1221/1500/1500 1219/1585/1585 1290/1586/1586
f 1290/1586/1586 1219/1585/1585 1288/1602/1602
f 1290/1586/1586 1288/1602/1602 1346/1603/1603
f 1346/1603/1603 1288/1602/1602 1344/1619/1619
f 1346/1603/1603 1344/1619/1619 1376/1743/1743
f 873/1430/1430 884/1431/1431 930/1533/1533
f 930/1533/1533 884/1431/1431 932/1744/1744
f 930/1745/1745 932/1472/1472 1011/1471/1471
f 1011/1471/1471 932/1472/1472 1010/1481/1481
f 1011/1471/1471 1010/1481/1481 1121/1482/1482
f 1121/1482/1482 1010/1481/1481 1119/1498/1498
f 1121/1482/1482 1119/1498/1498 1175/1499/1499
f 1175/1499/1499 1119/1498/1498 1173/1584/1584
f 1175/1499/1499 1173/1584/1584 1219/1585/1585
f 1219/1585/1585 1173/1584/1584 1217/1601/1601
f 1219/1585/1585 1217/1601/1601 1288/1602/1602
f 1288/1602/1602 1217/1601/1601 1286/1618/1618
f 1288/1602/1602 1286/1618/1618 1344/1619/1619
f 1344/1619/1619 1286/1618/1618 1342/1635/1635
f 1344/1619/1619 1342/1635/1635 1376/1746/1746
f 591/1442/1442 518/1443/1443 593/1546/1546
f 593/1546/1546 518/1443/1443 520/1545/1545
f 593/1546/1546 520/1545/1545 595/1725/1725
f 595/1725/1725 520/1545/1545 522/1726/1726
f 595/1725/1725 522/1726/1726 597/1709/1709
f 597/1709/1709 522/1726/1726 524/1710/1710
f 597/1709/1709 524/1710/1710 599/1693/1693
f 599/1693/1693 524/1710/1710 526/1694/1694
f 599/1693/1693 526/1694/1694 601/1677/1677
f 601/1677/1677 526/1694/1694 528/1678/1678
f 601/1677/1677 528/1678/1678 603/1661/1661
f 603/1661/1661 528/1678/1678 530/1662/1662
f 603/1661/1661 530/1662/1662 605/1526/1526
f 605/1526/1526 530/1662/1662 532/1527/1527
f 605/1526/1526 532/1527/1527 607/1510/1510
f 518/1443/1443 411/1444/1444 520/1545/1545
f 520/1545/1545 411/1444/1444 413/1544/1544
f 520/1545/1545 413/1544/1544 522/1726/1726
f 522/1726/1726 413/1544/1544 415/1727/1727
f 522/1726/1726 415/1727/1727 524/1710/1710
f 524/1710/1710 415/1727/1727 417/1711/1711
f 524/1710/1710 417/1711/1711 526/1694/1694
f 526/1694/1694 417/1711/1711 419/1695/1695
f 526/1694/1694 419/1695/1695 528/1678/1678
f 528/1678/1678 419/1695/1695 421/1679/1679
f 528/1678/1678 421/1679/1679 530/1662/1662
f 530/1662/1662 421/1679/1679 423/1663/1663
f 530/1662/1662 423/1663/1663 532/1527/1527
f 411/1444/1444 360/1445/1445 413/1544/1544
f 413/1544/1544 360/1445/1445 362/1543/1543
f 413/1544/1544 362/1543/1543 415/1727/1727
f 415/1727/1727 362/1543/1543 364/1728/1728
f 415/1727/1727 364/1728/1728 417/1711/1711
f 417/1711/1711 364/1728/1728 366/1712/1712
f 417/1711/1711 366/1712/1712 419/1695/1695
f 419/1695/1695 366/1712/1712 368/1696/1696
f 419/1695/1695 368/1696/1696 421/1679/1679
f 421/1679/1679 368/1696/1696 370/1680/1680
f 421/1679/1679 370/1680/1680 423/1663/1663
f 360/1445/1445 310/1446/1446 362/1543/1543
f 362/1543/1543 310/1446/1446 312/1542/1542
f 362/1543/1543 312/1542/1542 364/1728/1728
f 364/1728/1728 312/1542/1542 314/1729/1729
f 364/1728/1728 314/1729/1729 366/1712/1712
f 366/1712/1712 314/1729/1729 316/1713/1713
f 366/1712/1712 316/1713/1713 368/1696/1696
f 368/1696/1696 316/1713/1713 318/1697/1697
f 368/1696/1696 318/1697/1697 370/1680/1680
f 310/1446/1446 222/1447/1447 312/1542/1542
f 312/1542/1542 222/1447/1447 224/1541/1541
f 312/1542/1542 224/1541/1541 314/1729/1729
f 314/1729/1729 224/1541/1541 226/1730/1730
f 314/1729/1729 226/1730/1730 316/1713/1713
f 316/1713/1713 226/1730/1730 228/1714/1714
f 316/1713/1713 228/1714/1714 318/1697/1697
f 222/1447/1447 168/1448/1448 224/1541/1541
f 224/1541/1541 168/1448/1448 170/1540/1540
f 224/1541/1541 170/1540/1540 226/1730/1730
f 226/1730/1730 170/1540/1540 172/1731/1731
f 226/1730/1730 172/1731/1731 228/1714/1714
f 168/1448/1448 152/1747/1747 170/1540/1540
f 915/1459/1459 994/1460/1460 917/1562/1562
f 917/1562/1562 994/1460/1460 996/1561/1561
f 917/1562/1562 996/1561/1561 919/1645/1645
f 919/1645/1645 996/1561/1561 998/1646/1646
f 919/1645/1645 998/1646/1646 921/1629/1629
f 921/1629/1629 998/1646/1646 1000/1630/1630
f 921/1629/1629 1000/1630/1630 923/1613/1613
f 923/1613/1613 1000/1630/1630 1002/1614/1614
f 923/1613/1613 1002/1614/1614 925/1597/1597
f 925/1597/1597 1002/1614/1614 1004/1598/1598
f 925/1597/1597 1004/1598/1598 927/1581/1581
f 927/1581/1581 1004/1598/1598 1006/1582/1582
f 927/1581/1581 1006/1582/1582 929/1496/1496
f 929/1496/1496 1006/1582/1582 1008/1497/1497
f 929/1496/1496 1008/1497/1497 931/1480/1480
f 931/1480/1480 1008/1497/1497 1010/1481/1481
f 931/1480/1480 1010/1481/1481 932/1472/1472
f 994/1460/1460 1105/1461/1461 996/1561/1561
f 996/1561/1561 1105/1461/1461 1107/1560/1560
f 996/1561/1561 1107/1560/1560 998/1646/1646
f 998/1646/1646 1107/1560/1560 1109/1647/1647
f 998/1646/1646 1109/1647/1647 1000/1630/1630
f 1000/1630/1630 1109/1647/1647 1111/1631/1631
f 1000/1630/1630 1111/1631/1631 1002/1614/1614
f 1002/1614/1614 1111/1631/1631 1113/1615/1615
f 1002/1614/1614 1113/1615/1615 1004/1598/1598
f 1004/1598/1598 1113/1615/1615 1115/1599/1599
f 1004/1598/1598 1115/1599/1599 1006/1582/1582
f 1006/1582/1582 1115/1599/1599 1117/1583/1583
f 1006/1582/1582 1117/1583/1583 1008/1497/1497
f 1008/1497/1497 1117/1583/1583 1119/1498/1498
f 1008/1497/1497 1119/1498/1498 1010/1481/1481
f 1105/1461/1461 1161/1462/1462 1107/1560/1560
f 1107/1560/1560 1161/1462/1462 1163/1559/1559
f 1107/1560/1560 1163/1559/1559 1109/1647/1647
f 1109/1647/1647 1163/1559/1559 1165/1648/1648
f 1109/1647/1647 1165/1648/1648 1111/1631/1631
f 1111/1631/1631 1165/1648/1648 1167/1632/1632
f 1111/1631/1631 1167/1632/1632 1113/1615/1615
f 1113/1615/1615 1167/1632/1632 1169/1616/1616
f 1113/1615/1615 1169/1616/1616 1115/1599/1599
f 1115/1599/1599 1169/1616/1616 1171/1600/1600
f 1115/1599/1599 1171/1600/1600 1117/1583/1583
f 1117/1583/1583 1171/1600/1600 1173/1584/1584
f 1117/1583/1583 1173/1584/1584 1119/1498/1498
f 1161/1462/1462 1207/1463/1463 1163/1559/1559
f 1163/1559/1559 1207/1463/1463 1209/1558/1558
f 1163/1559/1559 1209/1558/1558 1165/1648/1648
f 1165/1648/1648 1209/1558/1558 1211/1649/1649
f 1165/1648/1648 1211/1649/1649 1167/1632/1632
f 1167/1632/1632 1211/1649/1649 1213/1633/1633
f 1167/1632/1632 1213/1633/1633 1169/1616/1616
f 1169/1616/1616 1213/1633/1633 1215/1617/1617
f 1169/1616/1616 1215/1617/1617 1171/1600/1600
f 1171/1600/1600 1215/1617/1617 1217/1601/1601
f 1171/1600/1600 1217/1601/1601 1173/1584/1584
f 1207/1463/1463 1278/1464/1464 1209/1558/1558
f 1209/1558/1558 1278/1464/1464 1280/1557/1557
f 1209/1558/1558 1280/1557/1557 1211/1649/1649
f 1211/1649/1649 1280/1557/1557 1282/1650/1650
f 1211/1649/1649 1282/1650/1650 1213/1633/1633
f 1213/1633/1633 1282/1650/1650 1284/1634/1634
f 1213/1633/1633 1284/1634/1634 1215/1617/1617
f 1215/1617/1617 1284/1634/1634 1286/1618/1618
f 1215/1617/1617 1286/1618/1618 1217/1601/1601
f 1278/1464/1464 1336/1465/1465 1280/1557/1557
f 1280/1557/1557 1336/1465/1465 1338/1556/1556
f 1280/1557/1557 1338/1556/1556 1282/1650/1650
f 1282/1650/1650 1338/1556/1556 1340/1651/1651
f 1282/1650/1650 1340/1651/1651 1284/1634/1634
f 1284/1634/1634 1340/1651/1651 1342/1635/1635
f 1284/1634/1634 1342/1635/1635 1286/1618/1618
f 1336/1465/1465 1376/1748/1748 1338/1556/1556
f 185/1509/1509 152/1449/1449 183/1487/1487
f 183/1487/1487 152/1449/1449 181/1572/1572
f 181/1572/1572 152/1449/1449 179/1588/1588
f 179/1588/1588 152/1449/1449 177/1604/1604
f 177/1604/1604 152/1449/1449 175/1620/1620
f 175/1620/1620 152/1449/1449 173/1636/1636
f 173/1636/1636 152/1449/1449 171/1571/1571
f 1338/1556/1556 1376/1749/1749 1340/1651/1651
f 1340/1651/1651 1376/1750/1750 1342/1635/1635
f 1346/1603/1603 1376/1751/1751 1348/1587/1587
f 1348/1587/1587 1376/1752/1752 1350/1502/1502
f 1350/1502/1502 1376/1753/1753 1352/1486/1486
f 1352/1486/1486 1376/1754/1754 1353/1466/1466
f 1351/1539/1539 1376/1432/1432 1349/1517/1517
f 1349/1517/1517 1376/1432/1432 1347/1652/1652
f 1347/1652/1652 1376/1432/1432 1345/1668/1668
f 1345/1668/1668 1376/1432/1432 1343/1684/1684
f 1343/1684/1684 1376/1432/1432 1341/1700/1700
f 1341/1700/1700 1376/1432/1432 1339/1716/1716
f 1339/1716/1716 1376/1432/1432 1337/1555/1555
f 170/1540/1540 152/1755/1755 172/1731/1731
f 174/1715/1715 152/1756/1756 176/1699/1699
f 178/1683/1683 152/1757/1757 180/1667/1667
f 180/1667/1667 152/1758/1758 182/1532/1532
f 182/1532/1532 152/1759/1759 184/1516/1516
f 184/1760/1760 152/1449/1449 186/1479/1479
f 1353/1466/1466 1295/1467/1467 1352/1486/1486
f 1352/1486/1486 1295/1467/1467 1294/1485/1485
f 1352/1486/1486 1294/1485/1485 1350/1502/1502
f 1350/1502/1502 1294/1485/1485 1292/1501/1501
f 1350/1502/1502 1292/1501/1501 1348/1587/1587
f 1348/1587/1587 1292/1501/1501 1290/1586/1586
f 1348/1587/1587 1290/1586/1586 1346/1603/1603
f 1376/1432/1432 1351/1539/1539 1353/1761/1761
f 1353/1762/1762 1351/1539/1539 1293/1538/1538
f 1353/1466/1466 1293/1763/1763 1295/1467/1467
f 1295/1764/1764 1293/1538/1538 1222/1537/1537
f 1295/1467/1467 1222/1765/1765 1224/1468/1468
f 1224/1766/1766 1222/1537/1537 1176/1536/1536
f 1224/1468/1468 1176/1767/1767 1178/1469/1469
f 1178/1768/1768 1176/1536/1536 1120/1535/1535
f 1178/1469/1469 1120/1769/1769 1122/1470/1470
f 1122/1770/1770 1120/1535/1535 1009/1534/1534
f 1295/1467/1467 1224/1468/1468 1294/1485/1485
f 1294/1485/1485 1224/1468/1468 1223/1484/1484
f 1294/1485/1485 1223/1484/1484 1292/1501/1501
f 1292/1501/1501 1223/1484/1484 1221/1500/1500
f 1292/1501/1501 1221/1500/1500 1290/1586/1586
f 1224/1468/1468 1178/1469/1469 1223/1484/1484
f 1223/1484/1484 1178/1469/1469 1177/1483/1483
f 1223/1484/1484 1177/1483/1483 1221/1500/1500
f 1178/1469/1469 1122/1470/1470 1177/1483/1483
f 608/1503/1503 609/1473/1473 536/1474/1474
f 536/1474/1474 609/1473/1473 534/1771/1771
f 536/1772/1772 534/1511/1511 427/1512/1512
f 427/1512/1512 534/1511/1511 425/1528/1528
f 427/1512/1512 425/1528/1528 374/1529/1529
f 374/1529/1529 425/1528/1528 372/1664/1664
f 374/1529/1529 372/1664/1664 322/1665/1665
f 322/1665/1665 372/1664/1664 320/1681/1681
f 322/1665/1665 320/1681/1681 232/1682/1682
f 232/1682/1682 320/1681/1681 230/1698/1698
f 232/1682/1682 230/1698/1698 176/1699/1699
f 176/1699/1699 230/1698/1698 174/1715/1715
f 429/1475/1475 378/1476/1476 428/1505/1505
f 428/1505/1505 378/1476/1476 377/1506/1506
f 428/1505/1505 377/1506/1506 426/1491/1491
f 426/1491/1491 377/1506/1506 375/1490/1490
f 426/1491/1491 375/1490/1490 424/1576/1576
f 424/1576/1576 375/1490/1490 373/1575/1575
f 424/1576/1576 373/1575/1575 422/1592/1592
f 422/1592/1592 373/1575/1575 371/1591/1591
f 422/1592/1592 371/1591/1591 420/1608/1608
f 420/1608/1608 371/1591/1591 369/1607/1607
f 420/1608/1608 369/1607/1607 418/1624/1624
f 418/1624/1624 369/1607/1607 367/1623/1623
f 418/1624/1624 367/1623/1623 416/1640/1640
f 416/1640/1640 367/1623/1623 365/1639/1639
f 416/1640/1640 365/1639/1639 414/1567/1567
f 414/1567/1567 365/1639/1639 363/1568/1568
f 378/1476/1476 328/1477/1477 377/1506/1506
f 377/1506/1506 328/1477/1477 327/1507/1507
f 377/1506/1506 327/1507/1507 375/1490/1490
f 375/1490/1490 327/1507/1507 325/1489/1489
f 375/1490/1490 325/1489/1489 373/1575/1575
f 373/1575/1575 325/1489/1489 323/1574/1574
f 373/1575/1575 323/1574/1574 371/1591/1591
f 371/1591/1591 323/1574/1574 321/1590/1590
f 371/1591/1591 321/1590/1590 369/1607/1607
f 369/1607/1607 321/1590/1590 319/1606/1606
f 369/1607/1607 319/1606/1606 367/1623/1623
f 367/1623/1623 319/1606/1606 317/1622/1622
f 367/1623/1623 317/1622/1622 365/1639/1639
f 365/1639/1639 317/1622/1622 315/1638/1638
f 365/1639/1639 315/1638/1638 363/1568/1568
f 363/1568/1568 315/1638/1638 313/1569/1569
f 429/1475/1475 376/1773/1773 378/1476/1476
f 378/1774/1774 376/1513/1513 326/1514/1514
f 378/1476/1476 326/1775/1775 328/1477/1477
f 328/1776/1776 326/1514/1514 238/1515/1515
f 328/1477/1477 238/1777/1777 240/1478/1478
f 240/1778/1778 238/1515/1515 184/1516/1516
f 240/1478/1478 184/1779/1779 186/1479/1479
f 328/1477/1477 240/1478/1478 327/1507/1507
f 327/1507/1507 240/1478/1478 239/1508/1508
f 327/1507/1507 239/1508/1508 325/1489/1489
f 325/1489/1489 239/1508/1508 237/1488/1488
f 325/1489/1489 237/1488/1488 323/1574/1574
f 323/1574/1574 237/1488/1488 235/1573/1573
f 323/1574/1574 235/1573/1573 321/1590/1590
f 321/1590/1590 235/1573/1573 233/1589/1589
f 321/1590/1590 233/1589/1589 319/1606/1606
f 319/1606/1606 233/1589/1589 231/1605/1605
f 319/1606/1606 231/1605/1605 317/1622/1622
f 317/1622/1622 231/1605/1605 229/1621/1621
f 317/1622/1622 229/1621/1621 315/1638/1638
f 315/1638/1638 229/1621/1621 227/1637/1637
f 315/1638/1638 227/1637/1637 313/1569/1569
f 313/1569/1569 227/1637/1637 225/1570/1570
f 240/1478/1478 186/1479/1479 239/1508/1508
f 239/1508/1508 186/1479/1479 185/1509/1509
f 239/1508/1508 185/1509/1509 237/1488/1488
f 237/1488/1488 185/1509/1509 183/1487/1487
f 237/1488/1488 183/1487/1487 235/1573/1573
f 235/1573/1573 183/1487/1487 181/1572/1572
f 235/1573/1573 181/1572/1572 233/1589/1589
f 233/1589/1589 181/1572/1572 179/1588/1588
f 233/1589/1589 179/1588/1588 231/1605/1605
f 231/1605/1605 179/1588/1588 177/1604/1604
f 231/1605/1605 177/1604/1604 229/1621/1621
f 229/1621/1621 177/1604/1604 175/1620/1620
f 229/1621/1621 175/1620/1620 227/1637/1637
f 227/1637/1637 175/1620/1620 173/1636/1636
f 227/1637/1637 173/1636/1636 225/1570/1570
f 225/1570/1570 173/1636/1636 171/1571/1571
f 186/1479/1479 152/1449/1449 185/1509/1509
f 426/1491/1491 533/1492/1492 428/1505/1505
f 428/1505/1505 533/1492/1492 535/1504/1504
f 428/1505/1505 535/1504/1504 429/1475/1475
f 535/1504/1504 533/1492/1492 606/1493/1493
f 606/1493/1493 533/1492/1492 604/1578/1578
f 606/1493/1493 604/1578/1578 691/1579/1579
f 691/1579/1579 604/1578/1578 689/1595/1595
f 533/1492/1492 426/1491/1491 531/1577/1577
f 531/1577/1577 426/1491/1491 424/1576/1576
f 531/1577/1577 424/1576/1576 529/1593/1593
f 529/1593/1593 424/1576/1576 422/1592/1592
f 529/1593/1593 422/1592/1592 527/1609/1609
f 527/1609/1609 422/1592/1592 420/1608/1608
f 527/1609/1609 420/1608/1608 525/1625/1625
f 525/1625/1625 420/1608/1608 418/1624/1624
f 525/1625/1625 418/1624/1624 523/1641/1641
f 523/1641/1641 418/1624/1624 416/1640/1640
f 523/1641/1641 416/1640/1640 521/1566/1566
f 521/1566/1566 416/1640/1640 414/1567/1567
f 691/1579/1579 693/1494/1494 606/1493/1493
f 376/1513/1513 324/1530/1530 326/1514/1514
f 326/1514/1514 324/1530/1530 236/1531/1531
f 326/1514/1514 236/1531/1531 238/1515/1515
f 238/1515/1515 236/1531/1531 182/1532/1532
f 238/1515/1515 182/1532/1532 184/1516/1516
f 1293/1538/1538 1351/1539/1539 1291/1518/1518
f 1291/1518/1518 1351/1539/1539 1349/1517/1517
f 1291/1518/1518 1349/1517/1517 1289/1653/1653
f 1289/1653/1653 1349/1517/1517 1347/1652/1652
f 1289/1653/1653 1347/1652/1652 1287/1669/1669
f 1287/1669/1669 1347/1652/1652 1345/1668/1668
f 1287/1669/1669 1345/1668/1668 1285/1685/1685
f 1285/1685/1685 1345/1668/1668 1343/1684/1684
f 1285/1685/1685 1343/1684/1684 1283/1701/1701
f 1283/1701/1701 1343/1684/1684 1341/1700/1700
f 1283/1701/1701 1341/1700/1700 1281/1717/1717
f 1281/1717/1717 1341/1700/1700 1339/1716/1716
f 1281/1717/1717 1339/1716/1716 1279/1554/1554
f 1279/1554/1554 1339/1716/1716 1337/1555/1555
f 1222/1537/1537 1293/1538/1538 1220/1519/1519
f 1220/1519/1519 1293/1538/1538 1291/1518/1518
f 1220/1519/1519 1291/1518/1518 1218/1654/1654
f 1218/1654/1654 1291/1518/1518 1289/1653/1653
f 1218/1654/1654 1289/1653/1653 1216/1670/1670
f 1216/1670/1670 1289/1653/1653 1287/1669/1669
f 1216/1670/1670 1287/1669/1669 1214/1686/1686
f 1214/1686/1686 1287/1669/1669 1285/1685/1685
f 1214/1686/1686 1285/1685/1685 1212/1702/1702
f 1212/1702/1702 1285/1685/1685 1283/1701/1701
f 1212/1702/1702 1283/1701/1701 1210/1718/1718
f 1210/1718/1718 1283/1701/1701 1281/1717/1717
f 1210/1718/1718 1281/1717/1717 1208/1553/1553
f 1208/1553/1553 1281/1717/1717 1279/1554/1554
f 1176/1536/1536 1222/1537/1537 1174/1520/1520
f 1174/1520/1520 1222/1537/1537 1220/1519/1519
f 1174/1520/1520 1220/1519/1519 1172/1655/1655
f 1172/1655/1655 1220/1519/1519 1218/1654/1654
f 1172/1655/1655 1218/1654/1654 1170/1671/1671
f 1170/1671/1671 1218/1654/1654 1216/1670/1670
f 1170/1671/1671 1216/1670/1670 1168/1687/1687
f 1168/1687/1687 1216/1670/1670 1214/1686/1686
f 1168/1687/1687 1214/1686/1686 1166/1703/1703
f 1166/1703/1703 1214/1686/1686 1212/1702/1702
f 1166/1703/1703 1212/1702/1702 1164/1719/1719
f 1164/1719/1719 1212/1702/1702 1210/1718/1718
f 1164/1719/1719 1210/1718/1718 1162/1552/1552
f 1162/1552/1552 1210/1718/1718 1208/1553/1553
f 1120/1535/1535 1176/1536/1536 1118/1521/1521
f 1118/1521/1521 1176/1536/1536 1174/1520/1520
f 1118/1521/1521 1174/1520/1520 1116/1656/1656
f 1116/1656/1656 1174/1520/1520 1172/1655/1655
f 1116/1656/1656 1172/1655/1655 1114/1672/1672
f 1114/1672/1672 1172/1655/1655 1170/1671/1671
f 1114/1672/1672 1170/1671/1671 1112/1688/1688
f 1112/1688/1688 1170/1671/1671 1168/1687/1687
f 1112/1688/1688 1168/1687/1687 1110/1704/1704
f 1110/1704/1704 1168/1687/1687 1166/1703/1703
f 1110/1704/1704 1166/1703/1703 1108/1720/1720
f 1108/1720/1720 1166/1703/1703 1164/1719/1719
f 1108/1720/1720 1164/1719/1719 1106/1551/1551
f 1106/1551/1551 1164/1719/1719 1162/1552/1552
f 1009/1534/1534 1120/1535/1535 1007/1522/1522
f 1007/1522/1522 1120/1535/1535 1118/1521/1521
f 1007/1522/1522 1118/1521/1521 1005/1657/1657
f 1005/1657/1657 1118/1521/1521 1116/1656/1656
f 1005/1657/1657 1116/1656/1656 1003/1673/1673
f 1003/1673/1673 1116/1656/1656 1114/1672/1672
f 1003/1673/1673 1114/1672/1672 1001/1689/1689
f 1001/1689/1689 1114/1672/1672 1112/1688/1688
f 1001/1689/1689 1112/1688/1688 999/1705/1705
f 999/1705/1705 1112/1688/1688 1110/1704/1704
f 999/1705/1705 1110/1704/1704 997/1721/1721
f 997/1721/1721 1110/1704/1704 1108/1720/1720
f 997/1721/1721 1108/1720/1720 995/1550/1550
f 995/1550/1550 1108/1720/1720 1106/1551/1551
f 1009/1534/1534 1007/1522/1522 928/1523/1523
f 928/1523/1523 1007/1522/1522 926/1658/1658
f 928/1523/1523 926/1658/1658 826/1659/1659
f 826/1659/1659 926/1658/1658 824/1675/1675
f 926/1658/1658 1007/1522/1522 1005/1657/1657
f 826/1659/1659 828/1524/1524 928/1523/1523
f 180/1667/1667 182/1532/1532 236/1531/1531
f 180/1667/1667 236/1531/1531 234/1666/1666
f 234/1666/1666 236/1531/1531 324/1530/1530
f 997/1721/1721 995/1550/1550 916/1549/1549
f 916/1549/1549 816/1548/1548 918/1722/1722
f 918/1722/1722 816/1548/1548 818/1723/1723
f 918/1722/1722 818/1723/1723 920/1706/1706
f 920/1706/1706 818/1723/1723 820/1707/1707
f 920/1706/1706 820/1707/1707 922/1690/1690
f 922/1690/1690 820/1707/1707 822/1691/1691
f 922/1690/1690 822/1691/1691 924/1674/1674
f 924/1674/1674 822/1691/1691 824/1675/1675
f 924/1674/1674 824/1675/1675 926/1658/1658
f 523/1641/1641 521/1566/1566 594/1565/1565
f 594/1565/1565 681/1564/1564 596/1642/1642
f 596/1642/1642 681/1564/1564 683/1643/1643
f 596/1642/1642 683/1643/1643 598/1626/1626
f 598/1626/1626 683/1643/1643 685/1627/1627
f 598/1626/1626 685/1627/1627 600/1610/1610
f 600/1610/1610 685/1627/1627 687/1611/1611
f 600/1610/1610 687/1611/1611 602/1594/1594
f 602/1594/1594 687/1611/1611 689/1595/1595
f 602/1594/1594 689/1595/1595 604/1578/1578
f 602/1594/1594 604/1578/1578 531/1577/1577
f 531/1577/1577 604/1578/1578 533/1492/1492
f 602/1594/1594 531/1577/1577 529/1593/1593
f 600/1610/1610 602/1594/1594 529/1593/1593
f 600/1610/1610 529/1593/1593 527/1609/1609
f 598/1626/1626 600/1610/1610 527/1609/1609
f 598/1626/1626 527/1609/1609 525/1625/1625
f 596/1642/1642 598/1626/1626 525/1625/1625
f 596/1642/1642 525/1625/1625 523/1641/1641
f 594/1565/1565 596/1642/1642 523/1641/1641
f 924/1674/1674 926/1658/1658 1005/1657/1657
f 924/1674/1674 1005/1657/1657 1003/1673/1673
f 178/1683/1683 180/1667/1667 234/1666/1666
f 922/1690/1690 924/1674/1674 1003/1673/1673
f 922/1690/1690 1003/1673/1673 1001/1689/1689
f 920/1706/1706 922/1690/1690 1001/1689/1689
f 920/1706/1706 1001/1689/1689 999/1705/1705
f 918/1722/1722 920/1706/1706 999/1705/1705
f 918/1722/1722 999/1705/1705 997/1721/1721
f 916/1549/1549 918/1722/1722 997/1721/1721
f 697/1780/1780 695/1781/1781 109/1783/1783
f 109/1783/1783 695/1781/1781 106/1782/1782
f 811/1784/1784 809/1785/1785 1412/1787/1787
f 1412/1787/1787 809/1785/1785 1409/1786/1786
f 1261/1788/1788 1303/1789/1789 1316/1844/1844
f 1316/1844/1844 1303/1789/1789 1322/1790/1790
f 1316/1844/1844 1322/1790/1790 1334/1843/1843
f 1334/1843/1843 1322/1790/1790 1393/1840/1840
f 1334/1843/1843 1393/1840/1840 1382/1841/1841
f 1393/1840/1840 1322/1790/1790 1410/1810/1810
f 1410/1810/1810 1322/1790/1790 1313/1791/1791
f 1410/1810/1810 1313/1791/1791 1268/1792/1792
f 1268/1792/1792 1227/1793/1793 1410/1810/1810
f 1410/1810/1810 1227/1793/1793 1180/1795/1795
f 1410/1810/1810 1180/1795/1795 1143/1796/1796
f 1227/1793/1793 1190/1794/1794 1180/1795/1795
f 1088/1797/1797 1101/1798/1798 1143/1796/1796
f 1143/1796/1796 1101/1798/1798 1410/1810/1810
f 1101/1798/1798 1096/1799/1799 1410/1810/1810
f 1410/1810/1810 1096/1799/1799 1065/1800/1800
f 1410/1810/1810 1065/1800/1800 1030/1801/1801
f 1013/1802/1802 940/1804/1804 1030/1801/1801
f 1030/1801/1801 940/1804/1804 890/1805/1805
f 1030/1801/1801 890/1805/1805 810/1809/1809
f 810/1809/1809 890/1805/1805 831/1808/1808
f 831/1808/1808 890/1805/1805 838/1807/1807
f 838/1807/1807 890/1805/1805 837/1806/1806
f 1013/1802/1802 968/1803/1803 940/1804/1804
f 810/1809/1809 1410/1810/1810 1030/1801/1801
f 1393/1840/1840 1410/1810/1810 1401/1839/1839
f 1401/1839/1839 1410/1810/1810 1409/1811/1811
f 1401/1839/1839 1409/1811/1811 1392/1838/1838
f 1392/1838/1838 1409/1811/1811 1321/1831/1831
f 1392/1838/1838 1321/1831/1831 1333/1835/1835
f 1333/1835/1835 1321/1831/1831 1315/1834/1834
f 1315/1834/1834 1321/1831/1831 1302/1832/1832
f 1315/1834/1834 1302/1832/1832 1260/1833/1833
f 809/1812/1812 1029/1820/1820 1409/1811/1811
f 1409/1811/1811 1029/1820/1820 1064/1821/1821
f 1409/1811/1811 1064/1821/1821 1095/1822/1822
f 1029/1820/1820 809/1812/1812 889/1816/1816
f 889/1816/1816 809/1812/1812 830/1813/1813
f 889/1816/1816 830/1813/1813 835/1814/1814
f 835/1814/1814 836/1815/1815 889/1816/1816
f 889/1816/1816 939/1817/1817 1029/1820/1820
f 1029/1820/1820 939/1817/1817 1012/1819/1819
f 1012/1819/1819 939/1817/1817 967/1818/1818
f 1095/1822/1822 1100/1823/1823 1409/1811/1811
f 1409/1811/1811 1100/1823/1823 1142/1825/1825
f 1409/1811/1811 1142/1825/1825 1179/1826/1826
f 1100/1823/1823 1087/1824/1824 1142/1825/1825
f 1189/1827/1827 1226/1828/1828 1179/1826/1826
f 1179/1826/1826 1226/1828/1828 1409/1811/1811
f 1226/1828/1828 1267/1829/1829 1409/1811/1811
f 1409/1811/1811 1267/1829/1829 1312/1830/1830
f 1409/1811/1811 1312/1830/1830 1321/1831/1831
f 1354/1836/1836 1381/1837/1837 1333/1835/1835
f 1333/1835/1835 1381/1837/1837 1392/1838/1838
f 1382/1841/1841 1355/1842/1842 1334/1843/1843
f 1407/1846/1846 1425/1847/1847 1404/1845/1845
f 1404/1845/1845 1425/1847/1847 1423/1848/1848
f 1407/1849/1849 1408/1850/1850 1425/1852/1852
f 1425/1852/1852 1408/1850/1850 1426/1851/1851
f 1405/1854/1854 1424/1855/1855 1408/1853/1853
f 1408/1853/1853 1424/1855/1855 1426/1856/1856
f 104/1858/1858 94/1859/1859 101/1857/1857
f 101/1857/1857 94/1859/1859 92/1860/1860
f 91/1861/1861 92/1862/1862 93/1864/1864
f 93/1864/1864 92/1862/1862 94/1863/1863
f 100/1866/1866 91/1867/1867 103/1865/1865
f 103/1865/1865 91/1867/1867 93/1868/1868
f 1424/1869/1869 1423/1870/1870 1426/1872/1872
f 1426/1872/1872 1423/1870/1870 1425/1871/1871
f 104/1873/1873 103/1874/1874 94/1876/1876
f 94/1876/1876 103/1874/1874 93/1875/1875
f 192/1878/1878 1330/1879/1879 194/1877/1877
f 194/1877/1877 1330/1879/1879 1332/1880/1880
f 5/1882/1882 3/1990/1990 2/1881/1881
f 2/1881/1881 3/1990/1990 1/1991/1991
f 2/1992/1992 1/1936/1936 6/1935/1935
f 6/1935/1935 1/1936/1936 4/1937/1937
f 6/1935/1935 4/1937/1937 10/1934/1934
f 10/1934/1934 4/1937/1937 8/1938/1938
f 10/1934/1934 8/1938/1938 14/1933/1933
f 14/1933/1933 8/1938/1938 12/1939/1939
f 14/1933/1933 12/1939/1939 22/1932/1932
f 22/1932/1932 12/1939/1939 20/1940/1940
f 22/1932/1932 20/1940/1940 26/1931/1931
f 26/1931/1931 20/1940/1940 24/1941/1941
f 26/1931/1931 24/1941/1941 40/1930/1930
f 40/1930/1930 24/1941/1941 38/1942/1942
f 40/1930/1930 38/1942/1942 52/1929/1929
f 52/1929/1929 38/1942/1942 50/1943/1943
f 52/1929/1929 50/1943/1943 81/1928/1928
f 81/1928/1928 50/1943/1943 79/1944/1944
f 81/1928/1928 79/1944/1944 98/1927/1927
f 98/1927/1927 79/1944/1944 96/1945/1945
f 98/1927/1927 96/1945/1945 116/1926/1926
f 116/1926/1926 96/1945/1945 114/1946/1946
f 116/1926/1926 114/1946/1946 355/1925/1925
f 355/1925/1925 114/1946/1946 353/1947/1947
f 355/1925/1925 353/1947/1947 482/1924/1924
f 482/1924/1924 353/1947/1947 480/1948/1948
f 482/1924/1924 480/1948/1948 617/1923/1923
f 617/1923/1923 480/1948/1948 615/1949/1949
f 617/1923/1923 615/1949/1949 792/1922/1922
f 792/1922/1922 615/1949/1949 790/1950/1950
f 792/1922/1922 790/1950/1950 954/1921/1921
f 954/1921/1921 790/1950/1950 952/1951/1951
f 954/1921/1921 952/1951/1951 1141/1920/1920
f 1141/1920/1920 952/1951/1951 1139/1952/1952
f 1141/1920/1920 1139/1952/1952 1310/1919/1919
f 1310/1919/1919 1139/1952/1952 1308/1953/1953
f 1310/1919/1919 1308/1953/1953 1418/1918/1918
f 1418/1918/1918 1308/1953/1953 1416/1954/1954
f 1418/1918/1918 1416/1954/1954 1422/1917/1917
f 1422/1917/1917 1416/1954/1954 1420/1955/1955
f 1422/1917/1917 1420/1955/1955 1434/1916/1916
f 1434/1916/1916 1420/1955/1955 1432/1956/1956
f 1434/1916/1916 1432/1956/1956 1452/1915/1915
f 1452/1915/1915 1432/1956/1956 1450/1957/1957
f 1452/1915/1915 1450/1957/1957 1466/1914/1914
f 1466/1914/1914 1450/1957/1957 1464/1958/1958
f 1466/1914/1914 1464/1958/1958 1483/1913/1913
f 1483/1913/1913 1464/1958/1958 1481/1959/1959
f 1483/1913/1913 1481/1959/1959 1496/1912/1912
f 1496/1912/1912 1481/1959/1959 1494/1960/1960
f 1496/1912/1912 1494/1960/1960 1500/1911/1911
f 1500/1911/1911 1494/1960/1960 1498/1961/1961
f 1500/1911/1911 1498/1961/1961 1504/1910/1910
f 1504/1910/1910 1498/1961/1961 1502/1962/1962
f 1504/1910/1910 1502/1962/1962 1508/1909/1909
f 1508/1909/1909 1502/1962/1962 1506/1963/1963
f 1508/1909/1909 1506/1963/1963 1507/1908/1908
f 1507/1908/1908 1506/1963/1963 1505/1964/1964
f 1507/1908/1908 1505/1964/1964 1503/1907/1907
f 1503/1907/1907 1505/1964/1964 1501/1965/1965
f 1503/1907/1907 1501/1965/1965 1499/1906/1906
f 1499/1906/1906 1501/1965/1965 1497/1966/1966
f 1499/1906/1906 1497/1966/1966 1495/1905/1905
f 1495/1905/1905 1497/1966/1966 1493/1967/1967
f 1495/1905/1905 1493/1967/1967 1482/1904/1904
f 1482/1904/1904 1493/1967/1967 1480/1968/1968
f 1482/1904/1904 1480/1968/1968 1465/1903/1903
f 1465/1903/1903 1480/1968/1968 1463/1969/1969
f 1465/1903/1903 1463/1969/1969 1451/1902/1902
f 1451/1902/1902 1463/1969/1969 1449/1970/1970
f 1451/1902/1902 1449/1970/1970 1433/1901/1901
f 1433/1901/1901 1449/1970/1970 1431/1971/1971
f 1433/1901/1901 1431/1971/1971 1421/1900/1900
f 1421/1900/1900 1431/1971/1971 1419/1972/1972
f 1421/1900/1900 1419/1972/1972 1417/1899/1899
f 1417/1899/1899 1419/1972/1972 1415/1973/1973
f 1417/1899/1899 1415/1973/1973 1309/1898/1898
f 1309/1898/1898 1415/1973/1973 1307/1974/1974
f 1309/1898/1898 1307/1974/1974 1140/1897/1897
f 1140/1897/1897 1307/1974/1974 1138/1975/1975
f 1140/1897/1897 1138/1975/1975 953/1896/1896
f 953/1896/1896 1138/1975/1975 951/1976/1976
f 953/1896/1896 951/1976/1976 791/1895/1895
f 791/1895/1895 951/1976/1976 789/1977/1977
f 791/1895/1895 789/1977/1977 616/1894/1894
f 616/1894/1894 789/1977/1977 614/1978/1978
f 616/1894/1894 614/1978/1978 481/1893/1893
f 481/1893/1893 614/1978/1978 479/1979/1979
f 481/1893/1893 479/1979/1979 354/1892/1892
f 354/1892/1892 479/1979/1979 352/1980/1980
f 354/1892/1892 352/1980/1980 115/1891/1891
f 115/1891/1891 352/1980/1980 113/1981/1981
f 115/1891/1891 113/1981/1981 97/1890/1890
f 97/1890/1890 113/1981/1981 95/1982/1982
f 97/1890/1890 95/1982/1982 80/1889/1889
f 80/1889/1889 95/1982/1982 78/1983/1983
f 80/1889/1889 78/1983/1983 51/1888/1888
f 51/1888/1888 78/1983/1983 49/1984/1984
f 51/1888/1888 49/1984/1984 39/1887/1887
f 39/1887/1887 49/1984/1984 37/1985/1985
f 39/1887/1887 37/1985/1985 25/1886/1886
f 25/1886/1886 37/1985/1985 23/1986/1986
f 25/1886/1886 23/1986/1986 21/1885/1885
f 21/1885/1885 23/1986/1986 19/1987/1987
f 21/1885/1885 19/1987/1987 13/1884/1884
f 13/1884/1884 19/1987/1987 11/1988/1988
f 13/1884/1884 11/1988/1988 9/1883/1883
f 9/1883/1883 11/1988/1988 7/1989/1989
f 9/1883/1883 7/1989/1989 5/1882/1882
f 5/1882/1882 7/1989/1989 3/1990/1990
f 1049/1993/1993 1044/1994/1994 1043/2004/2004
f 1043/2004/2004 1044/1994/1994 1022/2003/2003
f 1022/2003/2003 1044/1994/1994 1023/1995/1995
f 1022/2003/2003 1023/1995/1995 959/2002/2002
f 959/2002/2002 1023/1995/1995 960/1996/1996
f 959/2002/2002 960/1996/1996 947/2001/2001
f 947/2001/2001 960/1996/1996 948/1997/1997
f 947/2001/2001 948/1997/1997 935/2000/2000
f 935/2000/2000 948/1997/1997 936/1998/1998
f 935/2000/2000 936/1998/1998 933/1999/1999
f 643/2006/2006 398/2024/2024 644/2005/2005
f 644/2005/2005 398/2024/2024 482/2101/2101
f 644/2005/2005 482/2101/2101 617/2102/2102
f 897/2007/2007 192/2085/2085 643/2006/2006
f 643/2006/2006 192/2085/2085 397/2023/2023
f 643/2006/2006 397/2023/2023 398/2024/2024
f 898/2008/2008 1130/2041/2041 897/2007/2007
f 897/2007/2007 1130/2041/2041 1129/2042/2042
f 897/2007/2007 1129/2042/2042 192/2085/2085
f 192/2085/2085 1129/2042/2042 1330/2084/2084
f 1330/2084/2084 1129/2042/2042 1363/2043/2043
f 1330/2084/2084 1363/2043/2043 1406/2083/2083
f 1406/2083/2083 1363/2043/2043 1422/2108/2108
f 1406/2083/2083 1422/2108/2108 1434/2109/2109
f 644/2005/2005 792/2103/2103 898/2008/2008
f 898/2008/2008 792/2103/2103 954/2104/2104
f 898/2008/2008 954/2104/2104 1130/2041/2041
f 1130/2041/2041 954/2104/2104 1141/2105/2105
f 1130/2041/2041 1141/2105/2105 1310/2106/2106
f 1455/2010/2010 1439/2068/2068 1456/2009/2009
f 1456/2009/2009 1439/2068/2068 1471/2069/2069
f 1456/2009/2009 1471/2069/2069 1485/2012/2012
f 1485/2012/2012 1471/2069/2069 1507/2117/2117
f 1485/2012/2012 1507/2117/2117 1503/2118/2118
f 1484/2011/2011 1460/2056/2056 1455/2010/2010
f 1455/2010/2010 1460/2056/2056 1436/2053/2053
f 1455/2010/2010 1436/2053/2053 1439/2068/2068
f 1439/2068/2068 1436/2053/2053 1423/2080/2080
f 1439/2068/2068 1423/2080/2080 1424/2081/2081
f 1485/2012/2012 1503/2118/2118 1484/2011/2011
f 1484/2011/2011 1503/2118/2118 1499/2119/2119
f 1484/2011/2011 1499/2119/2119 1495/2120/2120
f 45/2014/2014 26/2094/2094 46/2013/2013
f 46/2013/2013 26/2094/2094 40/2095/2095
f 46/2013/2013 40/2095/2095 52/2096/2096
f 74/2015/2015 67/2064/2064 45/2014/2014
f 45/2014/2014 67/2064/2064 32/2061/2061
f 45/2014/2014 32/2061/2061 22/2093/2093
f 22/2093/2093 32/2061/2061 14/2092/2092
f 14/2092/2092 32/2061/2061 31/2062/2062
f 14/2092/2092 31/2062/2062 10/2091/2091
f 10/2091/2091 31/2062/2062 6/2090/2090
f 6/2090/2090 31/2062/2062 16/2017/2017
f 6/2090/2090 16/2017/2017 2/2089/2089
f 2/2089/2089 16/2017/2017 5/2143/2143
f 5/2143/2143 16/2017/2017 15/2018/2018
f 5/2143/2143 15/2018/2018 9/2142/2142
f 9/2142/2142 15/2018/2018 13/2141/2141
f 13/2141/2141 15/2018/2018 27/2019/2019
f 13/2141/2141 27/2019/2019 42/2045/2045
f 42/2045/2045 27/2019/2019 53/2030/2030
f 42/2045/2045 53/2030/2030 65/2048/2048
f 65/2048/2048 53/2030/2030 87/2031/2031
f 65/2048/2048 87/2031/2031 64/2047/2047
f 64/2047/2047 87/2031/2031 91/2073/2073
f 64/2047/2047 91/2073/2073 83/2052/2052
f 83/2052/2052 91/2073/2073 82/2051/2051
f 82/2051/2051 91/2073/2073 99/2075/2075
f 82/2051/2051 99/2075/2075 80/2136/2136
f 80/2136/2136 99/2075/2075 97/2135/2135
f 97/2135/2135 99/2075/2075 191/2076/2076
f 97/2135/2135 191/2076/2076 115/2134/2134
f 115/2134/2134 191/2076/2076 354/2133/2133
f 354/2133/2133 191/2076/2076 487/2037/2037
f 354/2133/2133 487/2037/2037 486/2038/2038
f 67/2064/2064 74/2015/2015 92/2088/2088
f 92/2088/2088 74/2015/2015 75/2016/2016
f 92/2088/2088 75/2016/2016 102/2086/2086
f 102/2086/2086 75/2016/2016 81/2097/2097
f 102/2086/2086 81/2097/2097 98/2098/2098
f 81/2097/2097 75/2016/2016 52/2096/2096
f 52/2096/2096 75/2016/2016 46/2013/2013
f 53/2030/2030 27/2019/2019 54/2029/2029
f 54/2029/2029 27/2019/2019 28/2020/2020
f 54/2029/2029 28/2020/2020 66/2063/2063
f 66/2063/2063 28/2020/2020 31/2062/2062
f 31/2062/2062 28/2020/2020 16/2017/2017
f 336/2022/2022 116/2099/2099 337/2021/2021
f 337/2021/2021 116/2099/2099 355/2100/2100
f 337/2021/2021 355/2100/2100 398/2024/2024
f 398/2024/2024 355/2100/2100 482/2101/2101
f 116/2099/2099 336/2022/2022 192/2085/2085
f 192/2085/2085 336/2022/2022 397/2023/2023
f 1181/2026/2026 1128/2060/2060 1182/2025/2025
f 1182/2025/2025 1128/2060/2060 904/2057/2057
f 1182/2025/2025 904/2057/2057 1329/2077/2077
f 1329/2077/2077 904/2057/2057 745/2040/2040
f 1329/2077/2077 745/2040/2040 191/2076/2076
f 191/2076/2076 745/2040/2040 487/2037/2037
f 1325/2027/2027 1309/2127/2127 1181/2026/2026
f 1181/2026/2026 1309/2127/2127 1127/2059/2059
f 1181/2026/2026 1127/2059/2059 1128/2060/2060
f 1309/2127/2127 1325/2027/2027 1417/2126/2126
f 1417/2126/2126 1325/2027/2027 1326/2028/2028
f 1417/2126/2126 1326/2028/2028 1421/2125/2125
f 1421/2125/2125 1326/2028/2028 1329/2077/2077
f 1421/2125/2125 1329/2077/2077 1403/2078/2078
f 1326/2028/2028 1182/2025/2025 1329/2077/2077
f 87/2031/2031 88/2032/2032 91/2073/2073
f 91/2073/2073 88/2032/2032 92/2088/2088
f 92/2088/2088 88/2032/2032 66/2063/2063
f 92/2088/2088 66/2063/2063 67/2064/2064
f 88/2032/2032 54/2029/2029 66/2063/2063
f 1427/2034/2034 1424/2081/2081 1428/2033/2033
f 1428/2033/2033 1424/2081/2081 1406/2083/2083
f 1428/2033/2033 1406/2083/2083 1434/2109/2109
f 1424/2081/2081 1427/2034/2034 1440/2067/2067
f 1440/2067/2067 1427/2034/2034 1445/2035/2035
f 1440/2067/2067 1445/2035/2035 1468/2065/2065
f 1468/2065/2065 1445/2035/2035 1496/2113/2113
f 1468/2065/2065 1496/2113/2113 1489/2072/2072
f 1489/2072/2072 1496/2113/2113 1500/2114/2114
f 1489/2072/2072 1500/2114/2114 1504/2115/2115
f 1496/2113/2113 1445/2035/2035 1483/2112/2112
f 1483/2112/2112 1445/2035/2035 1446/2036/2036
f 1483/2112/2112 1446/2036/2036 1466/2111/2111
f 1466/2111/2111 1446/2036/2036 1452/2110/2110
f 1452/2110/2110 1446/2036/2036 1428/2033/2033
f 1452/2110/2110 1428/2033/2033 1434/2109/2109
f 744/2039/2039 616/2131/2131 486/2038/2038
f 486/2038/2038 616/2131/2131 481/2132/2132
f 486/2038/2038 481/2132/2132 354/2133/2133
f 745/2040/2040 903/2058/2058 744/2039/2039
f 744/2039/2039 903/2058/2058 791/2130/2130
f 744/2039/2039 791/2130/2130 616/2131/2131
f 1422/2108/2108 1363/2043/2043 1418/2107/2107
f 1418/2107/2107 1363/2043/2043 1364/2044/2044
f 1418/2107/2107 1364/2044/2044 1310/2106/2106
f 1310/2106/2106 1364/2044/2044 1130/2041/2041
f 42/2045/2045 41/2046/2046 13/2141/2141
f 13/2141/2141 41/2046/2046 21/2140/2140
f 21/2140/2140 41/2046/2046 25/2139/2139
f 25/2139/2139 41/2046/2046 58/2049/2049
f 25/2139/2139 58/2049/2049 57/2050/2050
f 41/2046/2046 64/2047/2047 58/2049/2049
f 58/2049/2049 64/2047/2047 83/2052/2052
f 82/2051/2051 51/2137/2137 57/2050/2050
f 57/2050/2050 51/2137/2137 39/2138/2138
f 57/2050/2050 39/2138/2138 25/2139/2139
f 1436/2053/2053 1435/2054/2054 1423/2080/2080
f 1423/2080/2080 1435/2054/2054 1451/2123/2123
f 1423/2080/2080 1451/2123/2123 1433/2124/2124
f 1451/2123/2123 1435/2054/2054 1465/2122/2122
f 1465/2122/2122 1435/2054/2054 1459/2055/2055
f 1465/2122/2122 1459/2055/2055 1482/2121/2121
f 1482/2121/2121 1459/2055/2055 1460/2056/2056
f 1482/2121/2121 1460/2056/2056 1495/2120/2120
f 1495/2120/2120 1460/2056/2056 1484/2011/2011
f 904/2057/2057 903/2058/2058 745/2040/2040
f 791/2130/2130 903/2058/2058 953/2129/2129
f 953/2129/2129 903/2058/2058 1127/2059/2059
f 953/2129/2129 1127/2059/2059 1140/2128/2128
f 1140/2128/2128 1127/2059/2059 1309/2127/2127
f 1468/2065/2065 1467/2066/2066 1440/2067/2067
f 1440/2067/2067 1439/2068/2068 1424/2081/2081
f 1472/2070/2070 1488/2071/2071 1471/2069/2069
f 1471/2069/2069 1488/2071/2071 1508/2116/2116
f 1471/2069/2069 1508/2116/2116 1507/2117/2117
f 1508/2116/2116 1488/2071/2071 1504/2115/2115
f 1504/2115/2115 1488/2071/2071 1489/2072/2072
f 91/2073/2073 100/2074/2074 99/2075/2075
f 1404/2079/2079 1423/2080/2080 1403/2078/2078
f 1403/2078/2078 1423/2080/2080 1433/2124/2124
f 1403/2078/2078 1433/2124/2124 1421/2125/2125
f 1424/2081/2081 1405/2082/2082 1406/2083/2083
f 116/2099/2099 192/2085/2085 98/2098/2098
f 98/2098/2098 192/2085/2085 102/2086/2086
f 102/2086/2086 101/2087/2087 92/2088/2088
f 22/2093/2093 26/2094/2094 45/2014/2014
f 617/2102/2102 792/2103/2103 644/2005/2005
f 80/2136/2136 51/2137/2137 82/2051/2051
f 1470/2145/2145 1467/2146/2146 1469/2144/2144
f 1469/2144/2144 1467/2146/2146 1468/2147/2147
f 1490/2148/2148 1469/2149/2149 1489/2151/2151
f 1489/2151/2151 1469/2149/2149 1468/2150/2150
f 1365/2152/2152 1366/2153/2153 1363/2155/2155
f 1363/2155/2155 1366/2153/2153 1364/2154/2154
f 1453/2157/2157 1461/2158/2158 1437/2156/2156
f 1437/2156/2156 1461/2158/2158 1459/2159/2159
f 1437/2156/2156 1459/2159/2159 1435/2160/2160
f 1453/2161/2161 1454/2162/2162 1461/2164/2164
f 1461/2164/2164 1454/2162/2162 1462/2163/2163
f 1134/2166/2166 1135/2167/2167 1131/2165/2165
f 1131/2165/2165 1135/2167/2167 1128/2168/2168
f 1131/2165/2165 1128/2168/2168 1127/2169/2169
f 905/2170/2170 1131/2171/2171 903/2173/2173
f 903/2173/2173 1131/2171/2171 1127/2172/2172
f 85/2175/2175 86/2176/2176 84/2174/2174
f 84/2174/2174 86/2176/2176 83/2177/2177
f 84/2174/2174 83/2177/2177 82/2178/2178
f 59/2179/2179 84/2180/2180 57/2182/2182
f 57/2182/2182 84/2180/2180 82/2181/2181
f 1474/2184/2184 1491/2185/2185 1472/2183/2183
f 1472/2183/2183 1491/2185/2185 1488/2186/2186
f 62/2188/2188 70/2189/2189 43/2187/2187
f 43/2187/2187 70/2189/2189 64/2190/2190
f 43/2187/2187 64/2190/2190 41/2191/2191
f 62/2192/2192 63/2193/2193 70/2195/2195
f 70/2195/2195 63/2193/2193 71/2194/2194
f 69/2196/2196 34/2197/2197 67/2199/2199
f 67/2199/2199 34/2197/2197 32/2198/2198
f 72/2205/2205 73/2200/2200 68/2204/2204
f 68/2204/2204 73/2200/2200 69/2201/2201
f 68/2204/2204 69/2201/2201 66/2203/2203
f 66/2203/2203 69/2201/2201 67/2202/2202
f 33/2206/2206 68/2207/2207 31/2209/2209
f 31/2209/2209 68/2207/2207 66/2208/2208
f 1473/2215/2215 1477/2210/2210 1470/2214/2214
f 1470/2214/2214 1477/2210/2210 1442/2211/2211
f 1470/2214/2214 1442/2211/2211 1440/2212/2212
f 1440/2212/2212 1467/2213/2213 1470/2214/2214
f 1478/2224/2224 1479/2216/2216 1476/2223/2223
f 1476/2223/2223 1479/2216/2216 1477/2217/2217
f 1476/2223/2223 1477/2217/2217 1474/2220/2220
f 1474/2220/2220 1477/2217/2217 1475/2219/2219
f 1475/2219/2219 1477/2217/2217 1473/2218/2218
f 1472/2221/2221 1471/2222/2222 1474/2220/2220
f 1474/2220/2220 1471/2222/2222 1476/2223/2223
f 1441/2225/2225 1476/2226/2226 1439/2228/2228
f 1439/2228/2228 1476/2226/2226 1471/2227/2227
f 65/2229/2229 64/2230/2230 71/2232/2232
f 71/2232/2232 64/2230/2230 70/2231/2231
f 1492/2234/2234 1491/2235/2235 1475/2233/2233
f 1475/2233/2233 1491/2235/2235 1474/2236/2236
f 1492/2237/2237 1490/2238/2238 1491/2241/2241
f 1491/2241/2241 1490/2238/2238 1488/2240/2240
f 1488/2240/2240 1490/2238/2238 1489/2239/2239
f 1469/2247/2247 1490/2242/2242 1473/2245/2245
f 1473/2245/2245 1490/2242/2242 1492/2243/2243
f 1473/2245/2245 1492/2243/2243 1475/2244/2244
f 1473/2245/2245 1470/2246/2246 1469/2247/2247
f 1188/2248/2248 1187/2249/2249 1186/2251/2251
f 1186/2251/2251 1187/2249/2249 1185/2250/2250
f 1185/2257/2257 1187/2252/2252 1132/2256/2256
f 1132/2256/2256 1187/2252/2252 1365/2253/2253
f 1132/2256/2256 1365/2253/2253 1129/2255/2255
f 1129/2255/2255 1365/2253/2253 1363/2254/2254
f 1187/2259/2259 1188/2260/2260 1365/2258/2258
f 1365/2258/2258 1188/2260/2260 1366/2261/2261
f 1188/2263/2263 1186/2264/2264 1366/2262/2262
f 1366/2262/2262 1186/2264/2264 1133/2265/2265
f 1366/2262/2262 1133/2265/2265 1364/2267/2267
f 1364/2267/2267 1133/2265/2265 1130/2266/2266
f 1133/2268/2268 1132/2269/2269 1130/2271/2271
f 1130/2271/2271 1132/2269/2269 1129/2270/2270
f 1460/2272/2272 1459/2273/2273 1462/2275/2275
f 1462/2275/2275 1459/2273/2273 1461/2274/2274
f 58/2276/2276 83/2277/2277 61/2279/2279
f 61/2279/2279 83/2277/2277 86/2278/2278
f 1186/2281/2281 1185/2282/2282 1133/2280/2280
f 1133/2280/2280 1185/2282/2282 1132/2283/2283
f 1454/2284/2284 1438/2285/2285 1462/2288/2288
f 1462/2288/2288 1438/2285/2285 1460/2287/2287
f 1460/2287/2287 1438/2285/2285 1436/2286/2286
f 1438/2289/2289 1437/2290/2290 1436/2292/2292
f 1436/2292/2292 1437/2290/2290 1435/2291/2291
f 1454/2294/2294 1453/2295/2295 1438/2293/2293
f 1438/2293/2293 1453/2295/2295 1437/2296/2296
f 906/2298/2298 907/2299/2299 1134/2297/2297
f 1134/2297/2297 907/2299/2299 1135/2300/2300
f 906/2301/2301 905/2302/2302 907/2305/2305
f 907/2305/2305 905/2302/2302 904/2304/2304
f 904/2304/2304 905/2302/2302 903/2303/2303
f 904/2306/2306 1128/2307/2307 907/2309/2309
f 907/2309/2309 1128/2307/2307 1135/2308/2308
f 906/2311/2311 1134/2312/2312 905/2310/2310
f 905/2310/2310 1134/2312/2312 1131/2313/2313
f 60/2315/2315 61/2316/2316 85/2314/2314
f 85/2314/2314 61/2316/2316 86/2317/2317
f 60/2318/2318 59/2319/2319 61/2322/2322
f 61/2322/2322 59/2319/2319 58/2321/2321
f 58/2321/2321 59/2319/2319 57/2320/2320
f 60/2324/2324 85/2325/2325 59/2323/2323
f 59/2323/2323 85/2325/2325 84/2326/2326
f 643/2327/2327 644/2328/2328 645/2330/2330
f 645/2330/2330 644/2328/2328 646/2329/2329
f 1455/2331/2331 1456/2332/2332 1457/2334/2334
f 1457/2334/2334 1456/2332/2332 1458/2333/2333
f 897/2335/2335 643/2336/2336 899/2338/2338
f 899/2338/2338 643/2336/2336 645/2337/2337
f 45/2339/2339 46/2340/2340 47/2342/2342
f 47/2342/2342 46/2340/2340 48/2341/2341
f 1484/2343/2343 1455/2344/2344 1486/2346/2346
f 1486/2346/2346 1455/2344/2344 1457/2345/2345
f 898/2347/2347 897/2348/2348 900/2350/2350
f 900/2350/2350 897/2348/2348 899/2349/2349
f 15/2351/2351 16/2352/2352 17/2354/2354
f 17/2354/2354 16/2352/2352 18/2353/2353
f 74/2355/2355 45/2356/2356 76/2358/2358
f 76/2358/2358 45/2356/2356 47/2357/2357
f 1485/2359/2359 1484/2360/2360 1487/2362/2362
f 1487/2362/2362 1484/2360/2360 1486/2361/2361
f 644/2363/2363 898/2364/2364 646/2366/2366
f 646/2366/2366 898/2364/2364 900/2365/2365
f 336/2367/2367 337/2368/2368 338/2370/2370
f 338/2370/2370 337/2368/2368 339/2369/2369
f 27/2371/2371 15/2372/2372 29/2374/2374
f 29/2374/2374 15/2372/2372 17/2373/2373
f 75/2375/2375 74/2376/2376 77/2378/2378
f 77/2378/2378 74/2376/2376 76/2377/2377
f 1456/2379/2379 1485/2380/2380 1458/2382/2382
f 1458/2382/2382 1485/2380/2380 1487/2381/2381
f 900/2384/2384 899/2385/2385 646/2383/2383
f 646/2383/2383 899/2385/2385 645/2386/2386
f 1181/2387/2387 1182/2388/2388 1183/2390/2390
f 1183/2390/2390 1182/2388/2388 1184/2389/2389
f 397/2391/2391 336/2392/2392 399/2394/2394
f 399/2394/2394 336/2392/2392 338/2393/2393
f 28/2395/2395 27/2396/2396 30/2398/2398
f 30/2398/2398 27/2396/2396 29/2397/2397
f 46/2399/2399 75/2400/2400 48/2402/2402
f 48/2402/2402 75/2400/2400 77/2401/2401
f 1487/2404/2404 1486/2405/2405 1458/2403/2403
f 1458/2403/2403 1486/2405/2405 1457/2406/2406
f 53/2407/2407 54/2408/2408 55/2410/2410
f 55/2410/2410 54/2408/2408 56/2409/2409
f 1325/2411/2411 1181/2412/2412 1327/2414/2414
f 1327/2414/2414 1181/2412/2412 1183/2413/2413
f 398/2415/2415 397/2416/2416 400/2418/2418
f 400/2418/2418 397/2416/2416 399/2417/2417
f 16/2419/2419 28/2420/2420 18/2422/2422
f 18/2422/2422 28/2420/2420 30/2421/2421
f 77/2424/2424 76/2425/2425 48/2423/2423
f 48/2423/2423 76/2425/2425 47/2426/2426
f 1427/2427/2427 1428/2428/2428 1429/2430/2430
f 1429/2430/2430 1428/2428/2428 1430/2429/2429
f 87/2431/2431 53/2432/2432 89/2434/2434
f 89/2434/2434 53/2432/2432 55/2433/2433
f 1326/2435/2435 1325/2436/2436 1328/2438/2438
f 1328/2438/2438 1325/2436/2436 1327/2437/2437
f 337/2439/2439 398/2440/2440 339/2442/2442
f 339/2442/2442 398/2440/2440 400/2441/2441
f 30/2444/2444 29/2445/2445 18/2443/2443
f 18/2443/2443 29/2445/2445 17/2446/2446
f 486/2447/2447 487/2448/2448 488/2450/2450
f 488/2450/2450 487/2448/2448 489/2449/2449
f 1445/2451/2451 1427/2452/2452 1447/2454/2454
f 1447/2454/2454 1427/2452/2452 1429/2453/2453
f 88/2455/2455 87/2456/2456 90/2458/2458
f 90/2458/2458 87/2456/2456 89/2457/2457
f 1182/2459/2459 1326/2460/2460 1184/2462/2462
f 1184/2462/2462 1326/2460/2460 1328/2461/2461
f 400/2464/2464 399/2465/2465 339/2463/2463
f 339/2463/2463 399/2465/2465 338/2466/2466
f 744/2467/2467 486/2468/2468 746/2470/2470
f 746/2470/2470 486/2468/2468 488/2469/2469
f 1446/2471/2471 1445/2472/2472 1448/2474/2474
f 1448/2474/2474 1445/2472/2472 1447/2473/2473
f 54/2475/2475 88/2476/2476 56/2478/2478
f 56/2478/2478 88/2476/2476 90/2477/2477
f 1328/2480/2480 1327/2481/2481 1184/2479/2479
f 1184/2479/2479 1327/2481/2481 1183/2482/2482
f 745/2483/2483 744/2484/2484 747/2486/2486
f 747/2486/2486 744/2484/2484 746/2485/2485
f 1428/2487/2487 1446/2488/2488 1430/2490/2490
f 1430/2490/2490 1446/2488/2488 1448/2489/2489
f 90/2492/2492 89/2493/2493 56/2491/2491
f 56/2491/2491 89/2493/2493 55/2494/2494
f 487/2495/2495 745/2496/2496 489/2498/2498
f 489/2498/2498 745/2496/2496 747/2497/2497
f 1448/2500/2500 1447/2501/2501 1430/2499/2499
f 1430/2499/2499 1447/2501/2501 1429/2502/2502
f 747/2504/2504 746/2505/2505 489/2503/2503
f 489/2503/2503 746/2505/2505 488/2506/2506
f 1443/2508/2508 1478/2509/2509 1441/2507/2507
f 1441/2507/2507 1478/2509/2509 1476/2510/2510
f 1479/2512/2512 1444/2513/2513 1477/2511/2511
f 1477/2511/2511 1444/2513/2513 1442/2514/2514
f 1479/2516/2516 1478/2517/2517 1444/2515/2515
f 1444/2515/2515 1478/2517/2517 1443/2518/2518
f 1444/2520/2520 1443/2521/2521 1442/2519/2519
f 1442/2519/2519 1443/2521/2521 1441/2522/2522
f 1442/2519/2519 1441/2522/2522 1440/2524/2524
f 1440/2524/2524 1441/2522/2522 1439/2523/2523
f 35/2526/2526 72/2527/2527 33/2525/2525
f 33/2525/2525 72/2527/2527 68/2528/2528
f 73/2530/2530 36/2531/2531 69/2529/2529
f 69/2529/2529 36/2531/2531 34/2532/2532
f 73/2534/2534 72/2535/2535 36/2533/2533
f 36/2533/2533 72/2535/2535 35/2536/2536
f 36/2538/2538 35/2539/2539 34/2537/2537
f 34/2537/2537 35/2539/2539 33/2540/2540
f 34/2537/2537 33/2540/2540 32/2542/2542
f 32/2542/2542 33/2540/2540 31/2541/2541
f 63/2544/2544 62/2545/2545 44/2543/2543
f 44/2543/2543 62/2545/2545 43/2546/2546
f 44/2547/2547 43/2548/2548 42/2550/2550
f 42/2550/2550 43/2548/2548 41/2549/2549
f 63/2551/2551 44/2552/2552 71/2555/2555
f 71/2555/2555 44/2552/2552 65/2554/2554
f 65/2554/2554 44/2552/2552 42/2553/2553
f 1155/2556/2556 1154/2557/2557 1159/2559/2559
f 1159/2559/2559 1154/2557/2557 1158/2558/2558
f 252/2560/2560 384/2561/2561 253/2563/2563
f 253/2563/2563 384/2561/2561 386/2562/2562
f 1154/2564/2564 941/2565/2565 1158/2567/2567
f 1158/2567/2567 941/2565/2565 942/2566/2566
f 129/2568/2568 128/2569/2569 132/2571/2571
f 132/2571/2571 128/2569/2569 131/2570/2570
f 384/2572/2572 243/2573/2573 386/2575/2575
f 386/2575/2575 243/2573/2573 246/2574/2574
f 941/2576/2576 912/2577/2577 942/2579/2579
f 942/2579/2579 912/2577/2577 913/2578/2578
f 862/2580/2580 861/2581/2581 868/2583/2583
f 868/2583/2583 861/2581/2581 867/2582/2582
f 128/2584/2584 383/2585/2585 131/2587/2587
f 131/2587/2587 383/2585/2585 385/2586/2586
f 243/2588/2588 587/2589/2589 246/2591/2591
f 246/2591/2591 587/2589/2589 589/2590/2590
f 912/2592/2592 847/2593/2593 913/2595/2595
f 913/2595/2595 847/2593/2593 848/2594/2594
f 637/2597/2597 635/2615/2615 642/2596/2596
f 642/2596/2596 635/2615/2615 641/2616/2616
f 642/2617/2617 641/2606/2606 638/2605/2605
f 638/2605/2605 641/2606/2606 636/2607/2607
f 638/2605/2605 636/2607/2607 613/2604/2604
f 613/2604/2604 636/2607/2607 611/2608/2608
f 613/2604/2604 611/2608/2608 586/2603/2603
f 586/2603/2603 611/2608/2608 584/2609/2609
f 586/2603/2603 584/2609/2609 578/2602/2602
f 578/2602/2602 584/2609/2609 576/2610/2610
f 578/2602/2602 576/2610/2610 574/2601/2601
f 574/2601/2601 576/2610/2610 572/2611/2611
f 574/2601/2601 572/2611/2611 577/2600/2600
f 577/2600/2600 572/2611/2611 575/2612/2612
f 577/2600/2600 575/2612/2612 585/2599/2599
f 585/2599/2599 575/2612/2612 583/2613/2613
f 585/2599/2599 583/2613/2613 612/2598/2598
f 612/2598/2598 583/2613/2613 610/2614/2614
f 612/2598/2598 610/2614/2614 637/2597/2597
f 637/2597/2597 610/2614/2614 635/2615/2615
f 861/2618/2618 964/2619/2619 867/2621/2621
f 867/2621/2621 964/2619/2619 966/2620/2620
f 383/2622/2622 127/2623/2623 385/2625/2625
f 385/2625/2625 127/2623/2623 130/2624/2624
f 587/2626/2626 588/2627/2627 589/2629/2629
f 589/2629/2629 588/2627/2627 590/2628/2628
f 847/2630/2630 901/2631/2631 848/2633/2633
f 848/2633/2633 901/2631/2631 902/2632/2632
f 242/2634/2634 241/2635/2635 245/2637/2637
f 245/2637/2637 241/2635/2635 244/2636/2636
f 638/2639/2639 574/2643/2643 642/2638/2638
f 642/2638/2638 574/2643/2643 577/2644/2644
f 642/2638/2638 577/2644/2644 637/2647/2647
f 637/2647/2647 577/2644/2644 585/2645/2645
f 637/2647/2647 585/2645/2645 612/2646/2646
f 574/2643/2643 638/2639/2639 578/2642/2642
f 578/2642/2642 638/2639/2639 613/2640/2640
f 578/2642/2642 613/2640/2640 586/2641/2641
f 964/2648/2648 963/2649/2649 966/2651/2651
f 966/2651/2651 963/2649/2649 965/2650/2650
f 127/2652/2652 187/2653/2653 130/2655/2655
f 130/2655/2655 187/2653/2653 188/2654/2654
f 588/2656/2656 401/2657/2657 590/2659/2659
f 590/2659/2659 401/2657/2657 402/2658/2658
f 901/2660/2660 1153/2661/2661 902/2663/2663
f 902/2663/2663 1153/2661/2661 1157/2662/2662
f 568/2689/2689 567/2664/2664 570/2688/2688
f 570/2688/2688 567/2664/2664 569/2665/2665
f 570/2688/2688 569/2665/2665 559/2666/2666
f 570/2688/2688 559/2666/2666 560/2687/2687
f 560/2687/2687 559/2666/2666 510/2667/2667
f 560/2687/2687 510/2667/2667 511/2686/2686
f 511/2686/2686 510/2667/2667 474/2668/2668
f 511/2686/2686 474/2668/2668 475/2685/2685
f 475/2685/2685 474/2668/2668 405/2669/2669
f 475/2685/2685 405/2669/2669 406/2684/2684
f 406/2684/2684 405/2669/2669 379/2670/2670
f 406/2684/2684 379/2670/2670 380/2683/2683
f 380/2683/2683 379/2670/2670 350/2671/2671
f 380/2683/2683 350/2671/2671 351/2682/2682
f 351/2682/2682 350/2671/2671 280/2672/2672
f 351/2682/2682 280/2672/2672 281/2681/2681
f 281/2681/2681 280/2672/2672 201/2673/2673
f 281/2681/2681 201/2673/2673 202/2680/2680
f 202/2680/2680 201/2673/2673 145/2674/2674
f 202/2680/2680 145/2674/2674 146/2679/2679
f 146/2679/2679 145/2674/2674 143/2675/2675
f 146/2679/2679 143/2675/2675 144/2678/2678
f 144/2678/2678 143/2675/2675 166/2676/2676
f 144/2678/2678 166/2676/2676 167/2677/2677
f 241/2690/2690 563/2691/2691 244/2693/2693
f 244/2693/2693 563/2691/2691 565/2692/2692
f 963/2694/2694 844/2695/2695 965/2697/2697
f 965/2697/2697 844/2695/2695 846/2696/2696
f 187/2698/2698 407/2699/2699 188/2701/2701
f 188/2701/2701 407/2699/2699 409/2700/2700
f 401/2702/2702 561/2703/2703 402/2705/2705
f 402/2705/2705 561/2703/2703 562/2704/2704
f 1153/2706/2706 1152/2707/2707 1157/2709/2709
f 1157/2709/2709 1152/2707/2707 1156/2708/2708
f 1247/2710/2710 1155/2711/2711 1249/2713/2713
f 1249/2713/2713 1155/2711/2711 1159/2712/2712
f 1159/2715/2715 1158/2716/2716 1249/2714/2714
f 1249/2714/2714 1158/2716/2716 1248/2723/2723
f 1248/2723/2723 1158/2716/2716 1157/2721/2721
f 1248/2723/2723 1157/2721/2721 1156/2722/2722
f 1158/2716/2716 942/2717/2717 1157/2721/2721
f 1157/2721/2721 942/2717/2717 902/2720/2720
f 902/2720/2720 942/2717/2717 848/2719/2719
f 848/2719/2719 942/2717/2717 913/2718/2718
f 1046/2725/2725 1044/2747/2747 1050/2724/2724
f 1050/2724/2724 1044/2747/2747 1049/2748/2748
f 1050/2749/2749 1049/2736/2736 1045/2735/2735
f 1045/2735/2735 1049/2736/2736 1043/2737/2737
f 1045/2735/2735 1043/2737/2737 1024/2734/2734
f 1024/2734/2734 1043/2737/2737 1022/2738/2738
f 1024/2734/2734 1022/2738/2738 961/2733/2733
f 961/2733/2733 1022/2738/2738 959/2739/2739
f 961/2733/2733 959/2739/2739 949/2732/2732
f 949/2732/2732 959/2739/2739 947/2740/2740
f 949/2732/2732 947/2740/2740 937/2731/2731
f 937/2731/2731 947/2740/2740 935/2741/2741
f 937/2731/2731 935/2741/2741 934/2730/2730
f 934/2730/2730 935/2741/2741 933/2742/2742
f 934/2730/2730 933/2742/2742 938/2729/2729
f 938/2729/2729 933/2742/2742 936/2743/2743
f 938/2729/2729 936/2743/2743 950/2728/2728
f 950/2728/2728 936/2743/2743 948/2744/2744
f 950/2728/2728 948/2744/2744 962/2727/2727
f 962/2727/2727 948/2744/2744 960/2745/2745
f 962/2727/2727 960/2745/2745 1025/2726/2726
f 1025/2726/2726 960/2745/2745 1023/2746/2746
f 1025/2726/2726 1023/2746/2746 1046/2725/2725
f 1046/2725/2725 1023/2746/2746 1044/2747/2747
f 166/2750/2750 298/2751/2751 167/2753/2753
f 167/2753/2753 298/2751/2751 299/2752/2752
f 563/2754/2754 564/2755/2755 565/2757/2757
f 565/2757/2757 564/2755/2755 566/2756/2756
f 844/2758/2758 843/2759/2759 846/2761/2761
f 846/2761/2761 843/2759/2759 845/2760/2760
f 407/2762/2762 571/2763/2763 409/2765/2765
f 409/2765/2765 571/2763/2763 573/2764/2764
f 561/2766/2766 408/2767/2767 562/2769/2769
f 562/2769/2769 408/2767/2767 410/2768/2768
f 632/2770/2770 252/2771/2771 634/2773/2773
f 634/2773/2773 252/2771/2771 253/2772/2772
f 633/2783/2783 634/2774/2774 410/2782/2782
f 410/2782/2782 634/2774/2774 253/2775/2775
f 410/2782/2782 253/2775/2775 386/2776/2776
f 410/2782/2782 386/2776/2776 402/2780/2780
f 402/2780/2780 386/2776/2776 246/2777/2777
f 402/2780/2780 246/2777/2777 589/2778/2778
f 589/2778/2778 590/2779/2779 402/2780/2780
f 402/2780/2780 562/2781/2781 410/2782/2782
f 1152/2784/2784 1246/2785/2785 1156/2787/2787
f 1156/2787/2787 1246/2785/2785 1248/2786/2786
f 866/2788/2788 865/2789/2789 872/2791/2791
f 872/2791/2791 865/2789/2789 871/2790/2790
f 1125/2793/2793 1123/2825/2825 1137/2792/2792
f 1137/2792/2792 1123/2825/2825 1136/2826/2826
f 1137/2827/2827 1136/2809/2809 1126/2808/2808
f 1126/2808/2808 1136/2809/2809 1124/2810/2810
f 1126/2808/2808 1124/2810/2810 1082/2807/2807
f 1082/2807/2807 1124/2810/2810 1080/2811/2811
f 1082/2807/2807 1080/2811/2811 1040/2806/2806
f 1040/2806/2806 1080/2811/2811 1038/2812/2812
f 1040/2806/2806 1038/2812/2812 988/2805/2805
f 988/2805/2805 1038/2812/2812 986/2813/2813
f 988/2805/2805 986/2813/2813 946/2804/2804
f 946/2804/2804 986/2813/2813 944/2814/2814
f 946/2804/2804 944/2814/2814 911/2803/2803
f 911/2803/2803 944/2814/2814 909/2815/2815
f 911/2803/2803 909/2815/2815 894/2802/2802
f 894/2802/2802 909/2815/2815 892/2816/2816
f 894/2802/2802 892/2816/2816 881/2801/2801
f 881/2801/2801 892/2816/2816 879/2817/2817
f 881/2801/2801 879/2817/2817 880/2800/2800
f 880/2800/2800 879/2817/2817 878/2818/2818
f 880/2800/2800 878/2818/2818 893/2799/2799
f 893/2799/2799 878/2818/2818 891/2819/2819
f 893/2799/2799 891/2819/2819 910/2798/2798
f 910/2798/2798 891/2819/2819 908/2820/2820
f 910/2798/2798 908/2820/2820 945/2797/2797
f 945/2797/2797 908/2820/2820 943/2821/2821
f 945/2797/2797 943/2821/2821 987/2796/2796
f 987/2796/2796 943/2821/2821 985/2822/2822
f 987/2796/2796 985/2822/2822 1039/2795/2795
f 1039/2795/2795 985/2822/2822 1037/2823/2823
f 1039/2795/2795 1037/2823/2823 1081/2794/2794
f 1081/2794/2794 1037/2823/2823 1079/2824/2824
f 1081/2794/2794 1079/2824/2824 1125/2793/2793
f 1125/2793/2793 1079/2824/2824 1123/2825/2825
f 298/2828/2828 278/2829/2829 299/2849/2849
f 299/2849/2849 278/2829/2829 279/2848/2848
f 279/2848/2848 278/2829/2829 283/2830/2830
f 279/2848/2848 283/2830/2830 284/2847/2847
f 284/2847/2847 283/2830/2830 308/2850/2850
f 284/2847/2847 308/2851/2851 309/2846/2846
f 309/2852/2852 308/2831/2831 356/2832/2832
f 309/2853/2853 356/2832/2832 357/2845/2845
f 357/2845/2845 356/2832/2832 381/2833/2833
f 357/2845/2845 381/2833/2833 382/2844/2844
f 382/2844/2844 381/2833/2833 403/2834/2834
f 382/2844/2844 403/2834/2834 404/2843/2843
f 404/2843/2843 403/2834/2834 457/2835/2835
f 404/2843/2843 457/2835/2835 458/2842/2842
f 458/2842/2842 457/2835/2835 483/2836/2836
f 458/2842/2842 483/2836/2836 484/2841/2841
f 484/2841/2841 483/2836/2836 494/2837/2837
f 484/2841/2841 494/2837/2837 497/2840/2840
f 497/2840/2840 494/2837/2837 477/2838/2838
f 497/2840/2840 477/2838/2838 478/2839/2839
f 564/2854/2854 242/2855/2855 566/2857/2857
f 566/2857/2857 242/2855/2855 245/2856/2856
f 843/2858/2858 1052/2859/2859 845/2861/2861
f 845/2861/2861 1052/2859/2859 1056/2860/2860
f 571/2862/2862 581/2863/2863 573/2865/2865
f 573/2865/2865 581/2863/2863 582/2864/2864
f 621/2866/2866 129/2867/2867 623/2869/2869
f 623/2869/2869 129/2867/2867 132/2868/2868
f 408/2870/2870 631/2871/2871 410/2873/2873
f 410/2873/2873 631/2871/2871 633/2872/2872
f 1246/2874/2874 1247/2875/2875 1248/2877/2877
f 1248/2877/2877 1247/2875/2875 1249/2876/2876
f 865/2878/2878 956/2879/2879 871/2881/2881
f 871/2881/2881 956/2879/2879 958/2880/2880
f 1045/2883/2883 1125/2910/2910 1050/2882/2882
f 1050/2882/2882 1125/2910/2910 1137/2894/2894
f 1050/2882/2882 1137/2894/2894 1126/2895/2895
f 1125/2910/2910 1045/2883/2883 1081/2909/2909
f 1081/2909/2909 1045/2883/2883 1024/2884/2884
f 1081/2909/2909 1024/2884/2884 1039/2908/2908
f 1039/2908/2908 1024/2884/2884 987/2907/2907
f 987/2907/2907 1024/2884/2884 961/2885/2885
f 987/2907/2907 961/2885/2885 945/2906/2906
f 945/2906/2906 961/2885/2885 949/2886/2886
f 945/2906/2906 949/2886/2886 910/2905/2905
f 910/2905/2905 949/2886/2886 937/2887/2887
f 910/2905/2905 937/2887/2887 893/2904/2904
f 893/2904/2904 937/2887/2887 880/2903/2903
f 880/2903/2903 937/2887/2887 934/2888/2888
f 880/2903/2903 934/2888/2888 881/2902/2902
f 881/2902/2902 934/2888/2888 938/2889/2889
f 881/2902/2902 938/2889/2889 894/2901/2901
f 894/2901/2901 938/2889/2889 911/2900/2900
f 911/2900/2900 938/2889/2889 950/2890/2890
f 911/2900/2900 950/2890/2890 946/2899/2899
f 946/2899/2899 950/2890/2890 962/2891/2891
f 946/2899/2899 962/2891/2891 988/2898/2898
f 988/2898/2898 962/2891/2891 1025/2892/2892
f 988/2898/2898 1025/2892/2892 1040/2897/2897
f 1040/2897/2897 1025/2892/2892 1082/2896/2896
f 1082/2896/2896 1025/2892/2892 1046/2893/2893
f 1082/2896/2896 1046/2893/2893 1126/2895/2895
f 1126/2895/2895 1046/2893/2893 1050/2882/2882
f 477/2911/2911 567/2912/2912 478/2914/2914
f 478/2914/2914 567/2912/2912 568/2913/2913
f 1052/2915/2915 1053/2916/2916 1056/2918/2918
f 1056/2918/2918 1053/2916/2916 1057/2917/2917
f 1053/2919/2919 862/2920/2920 1057/2922/2922
f 1057/2922/2922 862/2920/2920 868/2921/2921
f 581/2923/2923 493/2924/2924 582/2926/2926
f 582/2926/2926 493/2924/2924 495/2925/2925
f 132/2928/2928 385/2930/2930 623/2927/2927
f 623/2927/2927 385/2930/2930 495/2936/2936
f 623/2927/2927 495/2936/2936 622/2937/2937
f 132/2928/2928 131/2929/2929 385/2930/2930
f 130/2931/2931 188/2932/2932 385/2930/2930
f 385/2930/2930 188/2932/2932 409/2933/2933
f 385/2930/2930 409/2933/2933 495/2936/2936
f 495/2936/2936 409/2933/2933 573/2934/2934
f 495/2936/2936 573/2934/2934 582/2935/2935
f 631/2938/2938 632/2939/2939 633/2941/2941
f 633/2941/2941 632/2939/2939 634/2940/2940
f 956/2942/2942 955/2943/2943 958/2945/2945
f 958/2945/2945 955/2943/2943 957/2944/2944
f 478/2946/2946 568/2947/2947 497/2969/2969
f 497/2969/2969 568/2947/2947 570/2948/2948
f 497/2969/2969 570/2948/2948 484/2968/2968
f 484/2968/2968 570/2948/2948 560/2949/2949
f 484/2968/2968 560/2949/2949 511/2950/2950
f 484/2968/2968 511/2950/2950 458/2967/2967
f 458/2967/2967 511/2950/2950 475/2951/2951
f 458/2967/2967 475/2951/2951 404/2966/2966
f 404/2966/2966 475/2951/2951 406/2952/2952
f 404/2966/2966 406/2952/2952 382/2965/2965
f 382/2965/2965 406/2952/2952 380/2953/2953
f 382/2965/2965 380/2953/2953 351/2954/2954
f 382/2965/2965 351/2954/2954 357/2964/2964
f 357/2964/2964 351/2954/2954 281/2955/2955
f 357/2964/2964 281/2955/2955 309/2963/2963
f 309/2963/2963 281/2955/2955 202/2956/2956
f 309/2963/2963 202/2956/2956 284/2962/2962
f 284/2962/2962 202/2956/2956 146/2957/2957
f 284/2962/2962 146/2957/2957 144/2958/2958
f 284/2962/2962 144/2958/2958 279/2961/2961
f 279/2961/2961 144/2958/2958 167/2959/2959
f 279/2961/2961 167/2959/2959 299/2960/2960
f 245/2971/2971 244/2972/2972 566/2970/2970
f 566/2970/2970 244/2972/2972 565/2973/2973
f 868/2975/2975 966/2977/2977 1057/2974/2974
f 1057/2974/2974 966/2977/2977 965/2978/2978
f 1057/2974/2974 965/2978/2978 1056/2981/2981
f 1056/2981/2981 965/2978/2978 845/2980/2980
f 845/2980/2980 965/2978/2978 846/2979/2979
f 868/2975/2975 867/2976/2976 966/2977/2977
f 493/2982/2982 620/2983/2983 495/2985/2985
f 495/2985/2985 620/2983/2983 622/2984/2984
f 620/2986/2986 621/2987/2987 622/2989/2989
f 622/2989/2989 621/2987/2987 623/2988/2988
f 955/2990/2990 864/2991/2991 957/2993/2993
f 957/2993/2993 864/2991/2991 870/2992/2992
f 864/2994/2994 863/2995/2995 870/2997/2997
f 870/2997/2997 863/2995/2995 869/2996/2996
f 863/2998/2998 1054/2999/2999 869/3001/3001
f 869/3001/3001 1054/2999/2999 1058/3000/3000
f 1054/3002/3002 1055/3003/3003 1058/3005/3005
f 1058/3005/3005 1055/3003/3003 1059/3004/3004
f 1378/3006/3006 866/3007/3007 1380/3009/3009
f 1380/3009/3009 866/3007/3007 872/3008/3008
f 1379/3019/3019 1380/3010/3010 1059/3018/3018
f 1059/3018/3018 1380/3010/3010 872/3011/3011
f 1059/3018/3018 872/3011/3011 958/3013/3013
f 958/3013/3013 872/3011/3011 871/3012/3012
f 958/3013/3013 957/3014/3014 1059/3018/3018
f 1059/3018/3018 957/3014/3014 1058/3017/3017
f 1058/3017/3017 957/3014/3014 869/3016/3016
f 869/3016/3016 957/3014/3014 870/3015/3015
f 1055/3020/3020 1377/3021/3021 1059/3023/3023
f 1059/3023/3023 1377/3021/3021 1379/3022/3022
f 1377/3024/3024 1378/3025/3025 1379/3027/3027
f 1379/3027/3027 1378/3025/3025 1380/3026/3026
f 3/3029/3029 145/3112/3112 1/3028/3028
f 1/3028/3028 145/3112/3112 241/3134/3134
f 1/3028/3028 241/3134/3134 4/3082/3082
f 4/3082/3082 241/3134/3134 242/3135/3135
f 4/3082/3082 242/3135/3135 8/3081/3081
f 8/3081/3081 242/3135/3135 243/3176/3176
f 8/3081/3081 243/3176/3176 12/3080/3080
f 12/3080/3080 243/3176/3176 20/3079/3079
f 20/3079/3079 243/3176/3176 24/3078/3078
f 24/3078/3078 243/3176/3176 252/3168/3168
f 24/3078/3078 252/3168/3168 38/3077/3077
f 38/3077/3077 252/3168/3168 50/3076/3076
f 50/3076/3076 252/3168/3168 79/3075/3075
f 79/3075/3075 252/3168/3168 96/3074/3074
f 96/3074/3074 252/3168/3168 114/3073/3073
f 114/3073/3073 252/3168/3168 632/3169/3169
f 114/3073/3073 632/3169/3169 353/3072/3072
f 353/3072/3072 632/3169/3169 480/3071/3071
f 480/3071/3071 632/3169/3169 615/3070/3070
f 615/3070/3070 632/3169/3169 847/3184/3184
f 615/3070/3070 847/3184/3184 790/3069/3069
f 790/3069/3069 847/3184/3184 912/3185/3185
f 790/3069/3069 912/3185/3185 952/3068/3068
f 952/3068/3068 912/3185/3185 1139/3067/3067
f 1139/3067/3067 912/3185/3185 1155/3178/3178
f 1139/3067/3067 1155/3178/3178 1308/3066/3066
f 1308/3066/3066 1155/3178/3178 1247/3179/3179
f 1308/3066/3066 1247/3179/3179 1416/3065/3065
f 1416/3065/3065 1247/3179/3179 1420/3064/3064
f 1420/3064/3064 1247/3179/3179 1432/3063/3063
f 1432/3063/3063 1247/3179/3179 1450/3062/3062
f 1450/3062/3062 1247/3179/3179 1464/3061/3061
f 1464/3061/3061 1247/3179/3179 1246/3180/3180
f 1464/3061/3061 1246/3180/3180 1481/3060/3060
f 1481/3060/3060 1246/3180/3180 1494/3059/3059
f 1494/3059/3059 1246/3180/3180 1498/3058/3058
f 1498/3058/3058 1246/3180/3180 1502/3057/3057
f 1502/3057/3057 1246/3180/3180 1378/3085/3085
f 1502/3057/3057 1378/3085/3085 1506/3056/3056
f 1506/3056/3056 1378/3085/3085 1505/3055/3055
f 1505/3055/3055 1378/3085/3085 1501/3054/3054
f 1501/3054/3054 1378/3085/3085 1377/3086/3086
f 1501/3054/3054 1377/3086/3086 1497/3053/3053
f 1497/3053/3053 1377/3086/3086 1493/3052/3052
f 1493/3052/3052 1377/3086/3086 1480/3051/3051
f 1480/3051/3051 1377/3086/3086 1463/3050/3050
f 1463/3050/3050 1377/3086/3086 1052/3151/3151
f 1463/3050/3050 1052/3151/3151 1449/3049/3049
f 1449/3049/3049 1052/3151/3151 1431/3048/3048
f 1431/3048/3048 1052/3151/3151 1419/3047/3047
f 1419/3047/3047 1052/3151/3151 1415/3046/3046
f 1415/3046/3046 1052/3151/3151 1307/3045/3045
f 1307/3045/3045 1052/3151/3151 1138/3044/3044
f 1138/3044/3044 1052/3151/3151 951/3043/3043
f 951/3043/3043 1052/3151/3151 843/3152/3152
f 951/3043/3043 843/3152/3152 789/3042/3042
f 789/3042/3042 843/3152/3152 614/3041/3041
f 614/3041/3041 843/3152/3152 479/3040/3040
f 479/3040/3040 843/3152/3152 571/3162/3162
f 479/3040/3040 571/3162/3162 352/3039/3039
f 352/3039/3039 571/3162/3162 187/3164/3164
f 352/3039/3039 187/3164/3164 113/3038/3038
f 113/3038/3038 187/3164/3164 95/3037/3037
f 95/3037/3037 187/3164/3164 78/3036/3036
f 78/3036/3036 187/3164/3164 49/3035/3035
f 49/3035/3035 187/3164/3164 127/3165/3165
f 49/3035/3035 127/3165/3165 37/3034/3034
f 37/3034/3034 127/3165/3165 23/3033/3033
f 23/3033/3033 127/3165/3165 19/3032/3032
f 19/3032/3032 127/3165/3165 128/3156/3156
f 19/3032/3032 128/3156/3156 129/3157/3157
f 145/3112/3112 3/3029/3029 143/3111/3111
f 143/3111/3111 3/3029/3029 7/3030/3030
f 143/3111/3111 7/3030/3030 129/3157/3157
f 129/3157/3157 7/3030/3030 11/3031/3031
f 129/3157/3157 11/3031/3031 19/3032/3032
f 866/3084/3084 559/3120/3120 865/3083/3083
f 865/3083/3083 559/3120/3120 569/3121/3121
f 865/3083/3083 569/3121/3121 864/3090/3090
f 864/3090/3090 569/3121/3121 567/3122/3122
f 864/3090/3090 567/3122/3122 621/3158/3158
f 621/3158/3158 567/3122/3122 477/3123/3123
f 621/3158/3158 477/3123/3123 129/3157/3157
f 129/3157/3157 477/3123/3123 298/3133/3133
f 129/3157/3157 298/3133/3133 166/3110/3110
f 1378/3085/3085 985/3097/3097 866/3084/3084
f 866/3084/3084 985/3097/3097 943/3098/3098
f 866/3084/3084 943/3098/3098 908/3099/3099
f 1055/3087/3087 1054/3088/3088 1377/3086/3086
f 1377/3086/3086 1054/3088/3088 1053/3150/3150
f 1377/3086/3086 1053/3150/3150 1052/3151/3151
f 1053/3150/3150 1054/3088/3088 862/3149/3149
f 862/3149/3149 1054/3088/3088 863/3089/3089
f 862/3149/3149 863/3089/3089 621/3158/3158
f 621/3158/3158 863/3089/3089 864/3090/3090
f 955/3091/3091 956/3092/3092 864/3090/3090
f 864/3090/3090 956/3092/3092 865/3083/3083
f 1123/3094/3094 1378/3085/3085 1136/3093/3093
f 1136/3093/3093 1378/3085/3085 1246/3180/3180
f 1136/3093/3093 1246/3180/3180 1124/3109/3109
f 1124/3109/3109 1246/3180/3180 1152/3181/3181
f 1124/3109/3109 1152/3181/3181 1080/3108/3108
f 1080/3108/3108 1152/3181/3181 1038/3107/3107
f 1038/3107/3107 1152/3181/3181 986/3106/3106
f 986/3106/3106 1152/3181/3181 901/3183/3183
f 986/3106/3106 901/3183/3183 944/3105/3105
f 944/3105/3105 901/3183/3183 909/3104/3104
f 909/3104/3104 901/3183/3183 588/3174/3174
f 909/3104/3104 588/3174/3174 892/3103/3103
f 892/3103/3103 588/3174/3174 587/3175/3175
f 892/3103/3103 587/3175/3175 879/3102/3102
f 879/3102/3102 587/3175/3175 636/3147/3147
f 879/3102/3102 636/3147/3147 878/3101/3101
f 878/3101/3101 636/3147/3147 641/3138/3138
f 878/3101/3101 641/3138/3138 891/3100/3100
f 891/3100/3100 641/3138/3138 635/3139/3139
f 891/3100/3100 635/3139/3139 866/3084/3084
f 866/3084/3084 635/3139/3139 610/3140/3140
f 866/3084/3084 610/3140/3140 559/3120/3120
f 559/3120/3120 610/3140/3140 510/3119/3119
f 510/3119/3119 610/3140/3140 583/3141/3141
f 510/3119/3119 583/3141/3141 563/3137/3137
f 563/3137/3137 583/3141/3141 575/3142/3142
f 563/3137/3137 575/3142/3142 572/3143/3143
f 1123/3094/3094 1079/3095/3095 1378/3085/3085
f 1378/3085/3085 1079/3095/3095 1037/3096/3096
f 1378/3085/3085 1037/3096/3096 985/3097/3097
f 908/3099/3099 891/3100/3100 866/3084/3084
f 166/3110/3110 143/3111/3111 129/3157/3157
f 145/3112/3112 201/3113/3113 241/3134/3134
f 241/3134/3134 201/3113/3113 280/3114/3114
f 241/3134/3134 280/3114/3114 350/3115/3115
f 350/3115/3115 379/3116/3116 241/3134/3134
f 241/3134/3134 379/3116/3116 563/3137/3137
f 563/3137/3137 379/3116/3116 405/3117/3117
f 563/3137/3137 405/3117/3117 474/3118/3118
f 474/3118/3118 510/3119/3119 563/3137/3137
f 298/3133/3133 477/3123/3123 278/3132/3132
f 278/3132/3132 477/3123/3123 494/3124/3124
f 278/3132/3132 494/3124/3124 283/3131/3131
f 283/3131/3131 494/3124/3124 483/3125/3125
f 283/3131/3131 483/3125/3125 308/3130/3130
f 308/3130/3130 483/3125/3125 457/3126/3126
f 308/3130/3130 457/3126/3126 356/3129/3129
f 356/3129/3129 457/3126/3126 403/3127/3127
f 356/3129/3129 403/3127/3127 381/3128/3128
f 242/3135/3135 564/3136/3136 243/3176/3176
f 243/3176/3176 564/3136/3136 587/3175/3175
f 587/3175/3175 564/3136/3136 584/3145/3145
f 587/3175/3175 584/3145/3145 611/3146/3146
f 563/3137/3137 572/3143/3143 564/3136/3136
f 564/3136/3136 572/3143/3143 576/3144/3144
f 564/3136/3136 576/3144/3144 584/3145/3145
f 611/3146/3146 636/3147/3147 587/3175/3175
f 862/3149/3149 620/3159/3159 861/3148/3148
f 861/3148/3148 620/3159/3159 844/3153/3153
f 861/3148/3148 844/3153/3153 963/3154/3154
f 843/3152/3152 844/3153/3153 571/3162/3162
f 571/3162/3162 844/3153/3153 581/3161/3161
f 581/3161/3161 844/3153/3153 620/3159/3159
f 581/3161/3161 620/3159/3159 493/3160/3160
f 963/3154/3154 964/3155/3155 861/3148/3148
f 621/3158/3158 620/3159/3159 862/3149/3149
f 571/3162/3162 407/3163/3163 187/3164/3164
f 127/3165/3165 383/3166/3166 128/3156/3156
f 384/3167/3167 252/3168/3168 243/3176/3176
f 632/3169/3169 631/3170/3170 847/3184/3184
f 847/3184/3184 631/3170/3170 901/3183/3183
f 901/3183/3183 631/3170/3170 561/3172/3172
f 901/3183/3183 561/3172/3172 588/3174/3174
f 588/3174/3174 561/3172/3172 401/3173/3173
f 631/3170/3170 408/3171/3171 561/3172/3172
f 1154/3177/3177 1155/3178/3178 941/3186/3186
f 941/3186/3186 1155/3178/3178 912/3185/3185
f 1152/3181/3181 1153/3182/3182 901/3183/3183

# 1508 vertices
# 3186 texture params
# 3186 normals
# 3006 facets

# 1 groups