# WaveFront *.obj file (generated by Autodesk ATF)

mtllib Wagon.mtl

g Solid1

v -1.014333 0.419310 -0.290000
v -1.014333 0.419310 0.290000
v -1.014031 0.356926 -0.460000
v -1.014031 0.356926 0.460000
v -1.014031 0.423074 -0.460000
v -1.014031 0.423074 0.460000
v -1.013655 0.352772 -0.290000
v -1.013655 0.352772 0.290000
v -1.003690 0.484994 -0.290000
v -1.003690 0.484994 0.290000
v -1.002852 0.291729 -0.460000
v -1.002852 0.291729 0.460000
v -1.002852 0.488271 -0.460000
v -1.002852 0.488271 0.460000
v -1.001675 0.287318 -0.290000
v -1.001675 0.287318 0.290000
v -0.990705 0.380000 -0.460000
v -0.990705 0.380000 -0.410000
v -0.990705 0.380000 0.410000
v -0.990705 0.380000 0.460000
v -0.990705 0.400000 -0.460000
v -0.990705 0.400000 -0.410000
v -0.990705 0.400000 0.410000
v -0.990705 0.400000 0.460000
v -0.990000 0.270000 -0.290000
v -0.990000 0.270000 0.290000
v -0.990000 0.306348 -0.290000
v -0.990000 0.306348 0.290000
v -0.985356 0.326919 -0.460000
v -0.985356 0.326919 -0.410000
v -0.985356 0.326919 0.410000
v -0.985356 0.326919 0.460000
v -0.985356 0.453081 -0.460000
v -0.985356 0.453081 -0.410000
v -0.985356 0.453081 0.410000
v -0.985356 0.453081 0.460000
v -0.982035 0.547914 -0.290000
v -0.982035 0.547914 0.290000
v -0.980815 0.229359 -0.460000
v -0.980815 0.229359 0.460000
v -0.980815 0.550641 -0.460000
v -0.980815 0.550641 0.460000
v -0.978743 0.224853 -0.290000
v -0.978743 0.224853 0.290000
v -0.972335 0.275183 -0.460000
v -0.972335 0.275183 -0.410000
v -0.972335 0.275183 0.410000
v -0.972335 0.275183 0.460000
v -0.972335 0.504817 -0.460000
v -0.972335 0.504817 -0.410000
v -0.972335 0.504817 0.410000
v -0.972335 0.504817 0.460000
v -0.951919 0.225894 -0.460000
v -0.951919 0.225894 -0.410000
v -0.951919 0.225894 0.410000
v -0.951919 0.225894 0.460000
v -0.951919 0.554106 -0.460000
v -0.951919 0.554106 -0.410000
v -0.951919 0.554106 0.410000
v -0.951919 0.554106 0.460000
v -0.950000 0.306348 -0.290000
v -0.950000 0.306348 0.290000
v -0.950000 0.309731 -0.286616
v -0.950000 0.309731 0.286616
v -0.950000 0.606236 -0.375000
v -0.950000 0.606236 -0.290000
v -0.950000 0.606236 0.290000
v -0.950000 0.606236 0.375000
v -0.950000 0.609620 -0.371616
v -0.950000 0.609620 -0.286616
v -0.950000 0.609620 0.286616
v -0.950000 0.609620 0.371616
v -0.950000 0.837543 -0.375000
v -0.950000 0.837543 0.375000
v -0.950000 0.838818 -0.371616
v -0.950000 0.838818 0.371616
v -0.950000 0.857377 -0.389919
v -0.950000 0.857377 0.389919
v -0.950000 0.859195 -0.387065
v -0.950000 0.859195 0.387065
v -0.950000 0.877878 -0.400691
v -0.950000 0.877878 0.400691
v -0.950000 0.879180 -0.397568
v -0.950000 0.879180 0.397568
v -0.950000 0.898826 -0.407200
v -0.950000 0.898826 0.407200
v -0.950000 0.899510 -0.403886
v -0.950000 0.899510 0.403886
v -0.950000 0.920000 -0.409377
v -0.950000 0.920000 -0.405993
v -0.950000 0.920000 0.405993
v -0.950000 0.920000 0.409377
v -0.950000 1.003716 -0.404022
v -0.950000 1.003716 0.404022
v -0.950000 1.003875 -0.407406
v -0.950000 1.003875 0.407406
v -0.950000 1.086623 -0.398141
v -0.950000 1.086623 0.398141
v -0.950000 1.086941 -0.401511
v -0.950000 1.086941 0.401511
v -0.950000 1.167917 -0.388403
v -0.950000 1.167917 0.388403
v -0.950000 1.168401 -0.391750
v -0.950000 1.168401 0.391750
v -0.950000 1.246810 -0.374896
v -0.950000 1.246810 0.374896
v -0.950000 1.247467 -0.378215
v -0.950000 1.247467 0.378215
v -0.950000 1.322543 -0.357761
v -0.950000 1.322543 0.357761
v -0.950000 1.323380 -0.361039
v -0.950000 1.323380 0.361039
v -0.950000 1.394379 -0.337162
v -0.950000 1.394379 0.337162
v -0.950000 1.395409 -0.340385
v -0.950000 1.395409 0.340385
v -0.950000 1.461623 -0.313304
v -0.950000 1.461623 0.313304
v -0.950000 1.462859 -0.316453
v -0.950000 1.462859 0.316453
v -0.950000 1.523620 -0.286421
v -0.950000 1.523620 0.286421
v -0.950000 1.525081 -0.289473
v -0.950000 1.525081 0.289473
v -0.950000 1.579772 -0.256783
v -0.950000 1.579772 0.256783
v -0.950000 1.581475 -0.259706
v -0.950000 1.581475 0.259706
v -0.950000 1.629530 -0.224687
v -0.950000 1.629530 0.224687
v -0.950000 1.631500 -0.227438
v -0.950000 1.631500 0.227438
v -0.950000 1.672416 -0.190458
v -0.950000 1.672416 0.190458
v -0.950000 1.674672 -0.192979
v -0.950000 1.674672 0.192979
v -0.950000 1.708018 -0.154447
v -0.950000 1.708018 0.154447
v -0.950000 1.710576 -0.156662
v -0.950000 1.710576 0.156662
v -0.950000 1.736009 -0.117024
v -0.950000 1.736009 0.117024
v -0.950000 1.738867 -0.118836
v -0.950000 1.738867 0.118836
v -0.950000 1.756147 -0.078566
v -0.950000 1.756147 0.078566
v -0.950000 1.759271 -0.079866
v -0.950000 1.759271 0.079866
v -0.950000 1.768279 -0.039444
v -0.950000 1.768279 0.039444
v -0.950000 1.771593 -0.040126
v -0.950000 1.771593 0.040126
v -0.950000 1.772330 0.000000
v -0.950000 1.775713 0.000000
v -0.948555 0.171610 -0.460000
v -0.948555 0.171610 0.460000
v -0.948555 0.608390 -0.460000
v -0.948555 0.608390 0.460000
v -0.945526 0.167195 -0.290000
v -0.945526 0.167195 0.290000
v -0.940000 0.309731 -0.286616
v -0.940000 0.309731 0.286616
v -0.940000 0.609620 -0.371616
v -0.940000 0.609620 -0.286616
v -0.940000 0.609620 0.286616
v -0.940000 0.609620 0.371616
v -0.940000 0.838818 -0.371616
v -0.940000 0.838818 0.371616
v -0.940000 0.859195 -0.387065
v -0.940000 0.859195 0.387065
v -0.940000 0.879180 -0.397568
v -0.940000 0.879180 0.397568
v -0.940000 0.899510 -0.403886
v -0.940000 0.899510 0.403886
v -0.940000 0.920000 -0.405993
v -0.940000 0.920000 0.405993
v -0.940000 1.003716 -0.404022
v -0.940000 1.003716 0.404022
v -0.940000 1.086623 -0.398141
v -0.940000 1.086623 0.398141
v -0.940000 1.167917 -0.388403
v -0.940000 1.167917 0.388403
v -0.940000 1.246810 -0.374896
v -0.940000 1.246810 0.374896
v -0.940000 1.322543 -0.357761
v -0.940000 1.322543 0.357761
v -0.940000 1.394379 -0.337162
v -0.940000 1.394379 0.337162
v -0.940000 1.461623 -0.313304
v -0.940000 1.461623 0.313304
v -0.940000 1.523620 -0.286421
v -0.940000 1.523620 0.286421
v -0.940000 1.579772 -0.256783
v -0.940000 1.579772 0.256783
v -0.940000 1.629530 -0.224687
v -0.940000 1.629530 0.224687
v -0.940000 1.672416 -0.190458
v -0.940000 1.672416 0.190458
v -0.940000 1.708018 -0.154447
v -0.940000 1.708018 0.154447
v -0.940000 1.736009 -0.117024
v -0.940000 1.736009 0.117024
v -0.940000 1.756147 -0.078566
v -0.940000 1.756147 0.078566
v -0.940000 1.768279 -0.039444
v -0.940000 1.768279 0.039444
v -0.940000 1.772330 0.000000
v -0.936148 0.625708 -0.375000
v -0.936148 0.625708 0.375000
v -0.930000 0.905030 -0.375000
v -0.930000 0.905030 0.375000
v -0.930000 0.906017 -0.375203
v -0.930000 0.906017 0.375203
v -0.930000 0.907007 -0.375392
v -0.930000 0.907007 0.375392
v -0.930000 0.907998 -0.375567
v -0.930000 0.907998 0.375567
v -0.930000 0.908990 -0.375729
v -0.930000 0.908990 0.375729
v -0.930000 0.909985 -0.375878
v -0.930000 0.909985 0.375878
v -0.930000 0.910982 -0.376012
v -0.930000 0.910982 0.376012
v -0.930000 0.911980 -0.376133
v -0.930000 0.911980 0.376133
v -0.930000 0.912981 -0.376240
v -0.930000 0.912981 0.376240
v -0.930000 0.913981 -0.376332
v -0.930000 0.913981 0.376332
v -0.930000 0.914983 -0.376411
v -0.930000 0.914983 0.376411
v -0.930000 0.915984 -0.376475
v -0.930000 0.915984 0.376475
v -0.930000 0.916987 -0.376525
v -0.930000 0.916987 0.376525
v -0.930000 0.917990 -0.376561
v -0.930000 0.917990 0.376561
v -0.930000 0.918994 -0.376582
v -0.930000 0.918994 0.376582
v -0.930000 0.920000 -0.376589
v -0.930000 0.920000 -0.375000
v -0.930000 0.920000 0.375000
v -0.930000 0.920000 0.376589
v -0.930000 1.001884 0.374670
v -0.930000 1.060995 -0.370868
v -0.930000 1.083450 0.368898
v -0.930000 1.130127 -0.363782
v -0.930000 1.164002 0.359251
v -0.930000 1.197812 -0.353936
v -0.930000 1.242843 0.345706
v -0.930000 1.263647 -0.341374
v -0.930000 1.319276 0.328241
v -0.930000 1.327229 -0.326139
v -0.930000 1.388157 -0.308274
v -0.930000 1.392571 0.306844
v -0.930000 1.446026 -0.287824
v -0.930000 1.460953 0.281915
v -0.930000 1.499987 -0.265036
v -0.930000 1.523325 0.253843
v -0.930000 1.549082 -0.240357
v -0.930000 1.579161 0.222866
v -0.930000 1.593107 -0.213995
v -0.930000 1.627745 0.189373
v -0.930000 1.631863 -0.186151
v -0.930000 1.665590 -0.156603
v -0.930000 1.667516 0.154713
v -0.930000 1.695576 -0.123327
v -0.930000 1.698527 0.119486
v -0.930000 1.720000 -0.086191
v -0.930000 1.722120 0.082136
v -0.930000 1.736540 -0.045595
v -0.930000 1.737774 0.040960
v -0.930000 1.742910 -0.002249
v -0.924543 0.180103 -0.460000
v -0.924543 0.180103 -0.410000
v -0.924543 0.180103 0.410000
v -0.924543 0.180103 0.460000
v -0.924543 0.599897 -0.460000
v -0.924543 0.599897 -0.410000
v -0.924543 0.599897 0.410000
v -0.924543 0.599897 0.460000
v -0.921129 0.644294 -0.375000
v -0.921129 0.644294 0.375000
v -0.906999 0.120144 -0.460000
v -0.906999 0.120144 0.460000
v -0.906999 0.659856 -0.460000
v -0.906999 0.659856 0.460000
v -0.905000 0.661926 -0.375000
v -0.905000 0.661926 -0.365000
v -0.905000 0.661926 0.365000
v -0.905000 0.661926 0.375000
v -0.905000 0.717500 -0.375000
v -0.905000 0.717500 -0.365000
v -0.905000 0.717500 0.365000
v -0.905000 0.717500 0.375000
v -0.905000 0.742500 -0.375000
v -0.905000 0.742500 -0.365000
v -0.905000 0.742500 0.365000
v -0.905000 0.742500 0.375000
v -0.905000 0.826913 -0.365000
v -0.905000 0.826913 0.365000
v -0.905000 0.837543 -0.375000
v -0.905000 0.837543 0.375000
v -0.905000 0.879517 -0.365000
v -0.905000 0.879517 0.365000
v -0.905000 0.880353 -0.365474
v -0.905000 0.880355 0.365475
v -0.905000 0.881194 -0.365940
v -0.905000 0.881198 0.365942
v -0.905000 0.882040 -0.366398
v -0.905000 0.882044 0.366401
v -0.905000 0.882889 -0.366849
v -0.905000 0.882895 0.366852
v -0.905000 0.883743 -0.367291
v -0.905000 0.883749 0.367295
v -0.905000 0.884600 -0.367725
v -0.905000 0.884607 0.367729
v -0.905000 0.885462 -0.368151
v -0.905000 0.885469 0.368155
v -0.905000 0.886328 -0.368568
v -0.905000 0.886335 0.368572
v -0.905000 0.887198 -0.368976
v -0.905000 0.887205 0.368980
v -0.905000 0.888072 -0.369376
v -0.905000 0.888078 0.369379
v -0.905000 0.888949 -0.369767
v -0.905000 0.888956 0.369769
v -0.905000 0.889831 -0.370148
v -0.905000 0.889837 0.370150
v -0.905000 0.890717 -0.370520
v -0.905000 0.890721 0.370522
v -0.905000 0.891607 -0.370882
v -0.905000 0.891610 0.370884
v -0.905000 0.892500 -0.371235
v -0.905000 0.892500 -0.365000
v -0.905000 0.892500 0.365000
v -0.905000 0.892500 0.371235
v -0.902991 0.116024 -0.290000
v -0.902991 0.116024 0.290000
v -0.890791 0.138786 -0.460000
v -0.890791 0.138786 -0.410000
v -0.890791 0.138786 0.410000
v -0.890791 0.138786 0.460000
v -0.890791 0.641214 -0.460000
v -0.890791 0.641214 -0.410000
v -0.890791 0.641214 0.410000
v -0.890791 0.641214 0.460000
v -0.883813 0.682132 -0.365000
v -0.883813 0.682132 0.365000
v -0.876649 0.124644 -0.460000
v -0.876649 0.124644 -0.410000
v -0.876649 0.124644 0.410000
v -0.876649 0.124644 0.460000
v -0.876649 0.655356 -0.460000
v -0.876649 0.655356 -0.410000
v -0.876649 0.655356 0.410000
v -0.876649 0.655356 0.460000
v -0.861170 0.700691 -0.365000
v -0.861170 0.700691 0.365000
v -0.857343 0.076441 -0.460000
v -0.857343 0.076441 0.460000
v -0.857343 0.703559 -0.460000
v -0.857343 0.703559 0.460000
v -0.852376 0.072828 -0.290000
v -0.852376 0.072828 0.290000
v -0.837199 0.717500 -0.375000
v -0.837199 0.717500 -0.365000
v -0.837199 0.717500 0.365000
v -0.837199 0.717500 0.375000
v -0.835333 0.090893 -0.460000
v -0.835333 0.090893 -0.410000
v -0.835333 0.090893 0.410000
v -0.835333 0.090893 0.460000
v -0.835333 0.689107 -0.460000
v -0.835333 0.689107 -0.410000
v -0.835333 0.689107 0.410000
v -0.835333 0.689107 0.460000
v -0.822604 0.726489 -0.375000
v -0.822604 0.726489 0.375000
v -0.807628 0.734827 -0.375000
v -0.807628 0.734827 0.375000
v -0.801015 0.041759 -0.460000
v -0.801015 0.041759 0.460000
v -0.801015 0.738241 -0.460000
v -0.801015 0.738241 0.460000
v -0.795155 0.038866 -0.290000
v -0.795155 0.038866 0.290000
v -0.792300 0.742500 -0.375000
v -0.792300 0.742500 -0.365000
v -0.792300 0.742500 0.365000
v -0.792300 0.742500 0.375000
v -0.789542 0.063517 -0.460000
v -0.789542 0.063517 -0.410000
v -0.789542 0.063517 0.410000
v -0.789542 0.063517 0.460000
v -0.789542 0.716483 -0.460000
v -0.789542 0.716483 -0.410000
v -0.789542 0.716483 0.410000
v -0.789542 0.716483 0.460000
v -0.740253 0.043101 -0.460000
v -0.740253 0.043101 -0.410000
v -0.740253 0.043101 0.410000
v -0.740253 0.043101 0.460000
v -0.740253 0.736899 -0.460000
v -0.740253 0.736899 -0.410000
v -0.740253 0.736899 0.410000
v -0.740253 0.736899 0.460000
v -0.739637 0.017095 -0.460000
v -0.739637 0.017095 0.460000
v -0.739637 0.762905 -0.460000
v -0.739637 0.762905 0.460000
v -0.737297 0.763614 -0.365000
v -0.737297 0.763614 0.365000
v -0.732993 0.015125 -0.290000
v -0.732993 0.015125 0.290000
v -0.688517 0.030080 -0.460000
v -0.688517 0.030080 -0.410000
v -0.688517 0.030080 0.410000
v -0.688517 0.030080 0.460000
v -0.688517 0.749920 -0.460000
v -0.688517 0.749920 -0.410000
v -0.688517 0.749920 0.410000
v -0.688517 0.749920 0.460000
v -0.679740 0.776201 -0.365000
v -0.679740 0.776201 0.365000
v -0.674973 0.003159 -0.460000
v -0.674973 0.003159 0.460000
v -0.674973 0.776841 -0.460000
v -0.674973 0.776841 0.460000
v -0.667700 0.002297 -0.290000
v -0.667700 0.002297 0.290000
v -0.649578 0.380000 -0.460000
v -0.649578 0.380000 -0.410000
v -0.649578 0.380000 0.410000
v -0.649578 0.380000 0.460000
v -0.649578 0.400000 -0.460000
v -0.649578 0.400000 -0.410000
v -0.649578 0.400000 0.410000
v -0.649578 0.400000 0.460000
v -0.635436 0.024730 -0.460000
v -0.635436 0.024730 -0.410000
v -0.635436 0.024730 0.410000
v -0.635436 0.024730 0.460000
v -0.635436 0.365858 -0.460000
v -0.635436 0.365858 -0.410000
v -0.635436 0.365858 0.410000
v -0.635436 0.365858 0.460000
v -0.635436 0.414142 -0.460000
v -0.635436 0.414142 -0.410000
v -0.635436 0.414142 0.410000
v -0.635436 0.414142 0.460000
v -0.635436 0.755270 -0.460000
v -0.635436 0.755270 -0.410000
v -0.635436 0.755270 0.410000
v -0.635436 0.755270 0.460000
v -0.620944 0.779974 -0.365000
v -0.620944 0.779974 0.365000
v -0.615436 0.024730 -0.460000
v -0.615436 0.024730 -0.410000
v -0.615436 0.024730 0.410000
v -0.615436 0.024730 0.460000
v -0.615436 0.365858 -0.460000
v -0.615436 0.365858 -0.410000
v -0.615436 0.365858 0.410000
v -0.615436 0.365858 0.460000
v -0.615436 0.414142 -0.460000
v -0.615436 0.414142 -0.410000
v -0.615436 0.414142 0.410000
v -0.615436 0.414142 0.460000
v -0.615436 0.755270 -0.460000
v -0.615436 0.755270 -0.410000
v -0.615436 0.755270 0.410000
v -0.615436 0.755270 0.460000
v -0.608884 0.000351 -0.460000
v -0.608884 0.000351 0.460000
v -0.608884 0.779649 -0.460000
v -0.608884 0.779649 0.460000
v -0.601294 0.380000 -0.460000
v -0.601294 0.380000 -0.410000
v -0.601294 0.380000 0.410000
v -0.601294 0.380000 0.460000
v -0.601294 0.400000 -0.460000
v -0.601294 0.400000 -0.410000
v -0.601294 0.400000 0.410000
v -0.601294 0.400000 0.460000
v -0.601176 0.000755 -0.290000
v -0.601176 0.000755 0.290000
v -0.562355 0.030080 -0.460000
v -0.562355 0.030080 -0.410000
v -0.562355 0.030080 0.410000
v -0.562355 0.030080 0.460000
v -0.562355 0.749920 -0.460000
v -0.562355 0.749920 -0.410000
v -0.562355 0.749920 0.410000
v -0.562355 0.749920 0.460000
v -0.562251 0.774848 -0.365000
v -0.562251 0.774848 0.365000
v -0.543271 0.008753 -0.460000
v -0.543271 0.008753 0.460000
v -0.543271 0.771247 -0.460000
v -0.543271 0.771247 0.460000
v -0.535359 0.010545 -0.290000
v -0.535359 0.010545 0.290000
v -0.510618 0.043101 -0.460000
v -0.510618 0.043101 -0.410000
v -0.510618 0.043101 0.410000
v -0.510618 0.043101 0.460000
v -0.510618 0.736899 -0.460000
v -0.510618 0.736899 -0.410000
v -0.510618 0.736899 0.410000
v -0.510618 0.736899 0.460000
v -0.505000 0.760938 -0.375000
v -0.505000 0.760938 -0.365000
v -0.505000 0.760938 0.365000
v -0.505000 0.760938 0.375000
v -0.505000 0.826913 -0.365000
v -0.505000 0.826913 0.365000
v -0.505000 0.837543 -0.375000
v -0.505000 0.837543 0.375000
v -0.505000 0.879517 -0.365000
v -0.505000 0.879517 0.365000
v -0.505000 0.880355 -0.365475
v -0.505000 0.880353 0.365474
v -0.505000 0.881198 -0.365942
v -0.505000 0.881194 0.365940
v -0.505000 0.882044 -0.366401
v -0.505000 0.882040 0.366398
v -0.505000 0.882895 -0.366852
v -0.505000 0.882889 0.366849
v -0.505000 0.883749 -0.367295
v -0.505000 0.883743 0.367291
v -0.505000 0.884607 -0.367729
v -0.505000 0.884600 0.367725
v -0.505000 0.885469 -0.368155
v -0.505000 0.885462 0.368151
v -0.505000 0.886335 -0.368572
v -0.505000 0.886328 0.368568
v -0.505000 0.887205 -0.368980
v -0.505000 0.887198 0.368976
v -0.505000 0.888078 -0.369379
v -0.505000 0.888072 0.369376
v -0.505000 0.888956 -0.369769
v -0.505000 0.888949 0.369767
v -0.505000 0.889837 -0.370150
v -0.505000 0.889831 0.370148
v -0.505000 0.890721 -0.370522
v -0.505000 0.890717 0.370520
v -0.505000 0.891610 -0.370884
v -0.505000 0.891607 0.370882
v -0.505000 0.892500 -0.371235
v -0.505000 0.892500 -0.365000
v -0.505000 0.892500 0.365000
v -0.505000 0.892500 0.371235
v -0.480022 0.028123 -0.460000
v -0.480022 0.028123 0.460000
v -0.480022 0.751877 -0.460000
v -0.480022 0.751877 0.460000
v -0.473339 0.749119 -0.375000
v -0.473339 0.749119 0.375000
v -0.472164 0.031381 -0.290000
v -0.472164 0.031381 0.290000
v -0.461329 0.063517 -0.460000
v -0.461329 0.063517 -0.410000
v -0.461329 0.063517 0.410000
v -0.461329 0.063517 0.460000
v -0.461329 0.716483 -0.460000
v -0.461329 0.716483 -0.410000
v -0.461329 0.716483 0.410000
v -0.461329 0.716483 0.460000
v -0.442820 0.734603 -0.375000
v -0.442820 0.734603 0.375000
v -0.435000 0.742500 -0.375000
v -0.435000 0.742500 -0.365000
v -0.435000 0.742500 0.365000
v -0.435000 0.742500 0.375000
v -0.435000 0.826913 -0.365000
v -0.435000 0.826913 0.365000
v -0.435000 0.837543 -0.375000
v -0.435000 0.837543 0.375000
v -0.435000 0.879517 -0.365000
v -0.435000 0.879517 0.365000
v -0.435000 0.880353 -0.365474
v -0.435000 0.880355 0.365475
v -0.435000 0.881194 -0.365940
v -0.435000 0.881198 0.365942
v -0.435000 0.882040 -0.366398
v -0.435000 0.882044 0.366401
v -0.435000 0.882889 -0.366849
v -0.435000 0.882895 0.366852
v -0.435000 0.883743 -0.367291
v -0.435000 0.883749 0.367295
v -0.435000 0.884600 -0.367725
v -0.435000 0.884607 0.367729
v -0.435000 0.885462 -0.368151
v -0.435000 0.885469 0.368155
v -0.435000 0.886328 -0.368568
v -0.435000 0.886335 0.368572
v -0.435000 0.887198 -0.368976
v -0.435000 0.887205 0.368980
v -0.435000 0.888072 -0.369376
v -0.435000 0.888078 0.369379
v -0.435000 0.888949 -0.369767
v -0.435000 0.888956 0.369769
v -0.435000 0.889831 -0.370148
v -0.435000 0.889837 0.370150
v -0.435000 0.890717 -0.370520
v -0.435000 0.890721 0.370522
v -0.435000 0.891607 -0.370882
v -0.435000 0.891610 0.370884
v -0.435000 0.892500 -0.371235
v -0.435000 0.892500 -0.365000
v -0.435000 0.892500 0.365000
v -0.435000 0.892500 0.371235
v -0.420956 0.057904 -0.460000
v -0.420956 0.057904 0.460000
v -0.420956 0.722096 -0.460000
v -0.420956 0.722096 0.460000
v -0.415539 0.090893 -0.460000
v -0.415539 0.090893 -0.410000
v -0.415539 0.090893 0.410000
v -0.415539 0.090893 0.460000
v -0.415539 0.689107 -0.460000
v -0.415539 0.689107 -0.410000
v -0.415539 0.689107 0.410000
v -0.415539 0.689107 0.460000
v -0.413672 0.717500 -0.375000
v -0.413672 0.717500 -0.365000
v -0.413672 0.717500 0.365000
v -0.413672 0.717500 0.375000
v -0.413431 0.062656 -0.290000
v -0.413431 0.062656 0.290000
v -0.374222 0.124644 -0.460000
v -0.374222 0.124644 -0.410000
v -0.374222 0.124644 0.410000
v -0.374222 0.124644 0.460000
v -0.374222 0.655356 -0.460000
v -0.374222 0.655356 -0.410000
v -0.374222 0.655356 0.410000
v -0.374222 0.655356 0.460000
v -0.372685 0.687014 -0.365000
v -0.372685 0.687014 0.365000
v -0.367773 0.097238 -0.460000
v -0.367773 0.097238 0.460000
v -0.367773 0.682762 -0.460000
v -0.367773 0.682762 0.460000
v -0.360869 0.103461 -0.290000
v -0.360869 0.103461 0.290000
v -0.360080 0.138786 -0.460000
v -0.360080 0.138786 -0.410000
v -0.360080 0.138786 0.410000
v -0.360080 0.138786 0.460000
v -0.360080 0.641214 -0.460000
v -0.360080 0.641214 -0.410000
v -0.360080 0.641214 0.410000
v -0.360080 0.641214 0.460000
v -0.336034 0.651432 -0.365000
v -0.336034 0.651432 0.365000
v -0.326328 0.180103 -0.460000
v -0.326328 0.180103 -0.410000
v -0.326328 0.180103 0.410000
v -0.326328 0.180103 0.460000
v -0.326328 0.599897 -0.460000
v -0.326328 0.599897 -0.410000
v -0.326328 0.599897 0.410000
v -0.326328 0.599897 0.460000
v -0.322002 0.144994 -0.460000
v -0.322002 0.144994 0.460000
v -0.322002 0.635006 -0.460000
v -0.322002 0.635006 0.460000
v -0.316009 0.152607 -0.290000
v -0.316009 0.152607 0.290000
v -0.304347 0.611365 -0.365000
v -0.304347 0.611365 0.365000
v -0.298953 0.225894 -0.460000
v -0.298953 0.225894 -0.410000
v -0.298953 0.225894 0.410000
v -0.298953 0.225894 0.460000
v -0.298953 0.554106 -0.460000
v -0.298953 0.554106 -0.410000
v -0.298953 0.554106 0.410000
v -0.298953 0.554106 0.460000
v -0.284960 0.199799 -0.460000
v -0.284960 0.199799 0.460000
v -0.284960 0.580201 -0.460000
v -0.284960 0.580201 0.460000
v -0.280157 0.208664 -0.290000
v -0.280157 0.208664 0.290000
v -0.278537 0.275183 -0.460000
v -0.278537 0.275183 -0.410000
v -0.278537 0.275183 0.410000
v -0.278537 0.275183 0.460000
v -0.278537 0.504817 -0.460000
v -0.278537 0.504817 -0.410000
v -0.278537 0.504817 0.410000
v -0.278537 0.504817 0.460000
v -0.278170 0.567500 -0.375000
v -0.278170 0.567500 -0.365000
v -0.278170 0.567500 0.365000
v -0.278170 0.567500 0.375000
v -0.273688 0.558444 -0.375000
v -0.273688 0.558444 0.375000
v -0.269442 0.549276 -0.375000
v -0.269442 0.549276 0.375000
v -0.265515 0.326919 -0.460000
v -0.265515 0.326919 -0.410000
v -0.265515 0.326919 0.410000
v -0.265515 0.326919 0.460000
v -0.265515 0.453081 -0.460000
v -0.265515 0.453081 -0.410000
v -0.265515 0.453081 0.410000
v -0.265515 0.453081 0.460000
v -0.265436 0.540000 -0.375000
v -0.265436 0.540000 -0.290000
v -0.265436 0.540000 0.290000
v -0.265436 0.540000 0.375000
v -0.260166 0.380000 -0.460000
v -0.260166 0.380000 -0.410000
v -0.260166 0.380000 0.410000
v -0.260166 0.380000 0.460000
v -0.260166 0.400000 -0.460000
v -0.260166 0.400000 -0.410000
v -0.260166 0.400000 0.410000
v -0.260166 0.400000 0.460000
v -0.257714 0.260075 -0.460000
v -0.257714 0.260075 0.460000
v -0.257714 0.519925 -0.460000
v -0.257714 0.519925 0.460000
v -0.254356 0.270000 -0.290000
v -0.254356 0.270000 0.290000
v -0.247878 0.487726 -0.290000
v -0.247878 0.487726 0.290000
v -0.241141 0.323536 -0.290000
v -0.241141 0.323536 0.290000
v -0.241046 0.324090 -0.460000
v -0.241046 0.324090 0.460000
v -0.241046 0.455910 -0.460000
v -0.241046 0.455910 0.460000
v -0.237869 0.433499 -0.290000
v -0.237869 0.433499 0.290000
v -0.235608 0.378402 -0.290000
v -0.235608 0.378402 0.290000
v -0.235436 0.390000 -0.460000
v -0.235436 0.390000 0.460000
v -0.152978 0.270000 -0.290000
v -0.152978 0.270000 0.290000
v -0.152978 0.305000 -0.256422
v -0.152978 0.305000 0.254927
v -0.152978 0.540000 -0.290000
v -0.152978 0.540000 -0.256422
v -0.152978 0.540000 0.254927
v -0.152978 0.540000 0.290000
v -0.035000 0.567500 -0.375000
v -0.035000 0.567500 -0.365000
v -0.035000 0.567500 0.365000
v -0.035000 0.567500 0.375000
v -0.035000 0.717500 -0.375000
v -0.035000 0.717500 -0.365000
v -0.035000 0.717500 0.365000
v -0.035000 0.717500 0.375000
v -0.035000 0.742500 -0.375000
v -0.035000 0.742500 -0.365000
v -0.035000 0.742500 0.365000
v -0.035000 0.742500 0.375000
v -0.035000 0.826913 -0.365000
v -0.035000 0.826913 0.365000
v -0.035000 0.837543 -0.375000
v -0.035000 0.837543 0.375000
v -0.035000 0.879517 -0.365000
v -0.035000 0.879517 0.365000
v -0.035000 0.880355 -0.365475
v -0.035000 0.880353 0.365474
v -0.035000 0.881198 -0.365942
v -0.035000 0.881194 0.365940
v -0.035000 0.882044 -0.366401
v -0.035000 0.882040 0.366398
v -0.035000 0.882895 -0.366852
v -0.035000 0.882889 0.366849
v -0.035000 0.883749 -0.367295
v -0.035000 0.883743 0.367291
v -0.035000 0.884607 -0.367729
v -0.035000 0.884600 0.367725
v -0.035000 0.885469 -0.368155
v -0.035000 0.885462 0.368151
v -0.035000 0.886335 -0.368572
v -0.035000 0.886328 0.368568
v -0.035000 0.887205 -0.368980
v -0.035000 0.887198 0.368976
v -0.035000 0.888078 -0.369379
v -0.035000 0.888072 0.369376
v -0.035000 0.888956 -0.369769
v -0.035000 0.888949 0.369767
v -0.035000 0.889837 -0.370150
v -0.035000 0.889831 0.370148
v -0.035000 0.890721 -0.370522
v -0.035000 0.890717 0.370520
v -0.035000 0.891610 -0.370884
v -0.035000 0.891607 0.370882
v -0.035000 0.892500 -0.371235
v -0.035000 0.892500 -0.365000
v -0.035000 0.892500 0.365000
v -0.035000 0.892500 0.371235
v 0.035000 0.567500 -0.375000
v 0.035000 0.567500 -0.365000
v 0.035000 0.567500 0.365000
v 0.035000 0.567500 0.375000
v 0.035000 0.717500 -0.375000
v 0.035000 0.717500 -0.365000
v 0.035000 0.717500 0.365000
v 0.035000 0.717500 0.375000
v 0.035000 0.742500 -0.375000
v 0.035000 0.742500 -0.365000
v 0.035000 0.742500 0.365000
v 0.035000 0.742500 0.375000
v 0.035000 0.826913 -0.365000
v 0.035000 0.826913 0.365000
v 0.035000 0.837543 -0.375000
v 0.035000 0.837543 0.375000
v 0.035000 0.879517 -0.365000
v 0.035000 0.879517 0.365000
v 0.035000 0.880353 -0.365474
v 0.035000 0.880355 0.365475
v 0.035000 0.881194 -0.365940
v 0.035000 0.881198 0.365942
v 0.035000 0.882040 -0.366398
v 0.035000 0.882044 0.366401
v 0.035000 0.882889 -0.366849
v 0.035000 0.882895 0.366852
v 0.035000 0.883743 -0.367291
v 0.035000 0.883749 0.367295
v 0.035000 0.884600 -0.367725
v 0.035000 0.884607 0.367729
v 0.035000 0.885462 -0.368151
v 0.035000 0.885469 0.368155
v 0.035000 0.886328 -0.368568
v 0.035000 0.886335 0.368572
v 0.035000 0.887198 -0.368976
v 0.035000 0.887205 0.368980
v 0.035000 0.888072 -0.369376
v 0.035000 0.888078 0.369379
v 0.035000 0.888949 -0.369767
v 0.035000 0.888956 0.369769
v 0.035000 0.889831 -0.370148
v 0.035000 0.889837 0.370150
v 0.035000 0.890717 -0.370520
v 0.035000 0.890721 0.370522
v 0.035000 0.891607 -0.370882
v 0.035000 0.891610 0.370884
v 0.035000 0.892500 -0.371235
v 0.035000 0.892500 -0.365000
v 0.035000 0.892500 0.365000
v 0.035000 0.892500 0.371235
v 0.281110 0.270000 -0.290000
v 0.281110 0.270000 0.290000
v 0.281110 0.305000 -0.256422
v 0.281110 0.305000 0.254927
v 0.281110 0.540000 -0.290000
v 0.281110 0.540000 -0.256422
v 0.281110 0.540000 0.254927
v 0.281110 0.540000 0.290000
v 0.361095 0.290000 -0.460000
v 0.361095 0.290000 0.460000
v 0.361785 0.270000 -0.290000
v 0.361785 0.270000 0.290000
v 0.363034 0.323480 -0.290000
v 0.363034 0.323480 0.290000
v 0.366667 0.233424 -0.460000
v 0.366667 0.233424 0.460000
v 0.366667 0.346576 -0.460000
v 0.366667 0.346576 0.460000
v 0.371544 0.212856 -0.290000
v 0.371544 0.212856 0.290000
v 0.374084 0.375821 -0.290000
v 0.374084 0.375821 0.290000
v 0.383170 0.179022 -0.460000
v 0.383170 0.179022 0.460000
v 0.383170 0.400978 -0.460000
v 0.383170 0.400978 0.460000
v 0.385060 0.280000 -0.460000
v 0.385060 0.280000 -0.410000
v 0.385060 0.280000 0.410000
v 0.385060 0.280000 0.460000
v 0.385060 0.300000 -0.460000
v 0.385060 0.300000 -0.410000
v 0.385060 0.300000 0.410000
v 0.385060 0.300000 0.460000
v 0.391010 0.233167 -0.460000
v 0.391010 0.233167 -0.410000
v 0.391010 0.233167 0.410000
v 0.391010 0.233167 0.460000
v 0.391010 0.346833 -0.460000
v 0.391010 0.346833 -0.410000
v 0.391010 0.346833 0.410000
v 0.391010 0.346833 0.460000
v 0.392473 0.158794 -0.290000
v 0.392473 0.158794 0.290000
v 0.394560 0.425241 -0.290000
v 0.394560 0.425241 0.290000
v 0.405137 0.188121 -0.460000
v 0.405137 0.188121 -0.410000
v 0.405137 0.188121 0.410000
v 0.405137 0.188121 0.460000
v 0.405137 0.391879 -0.460000
v 0.405137 0.391879 -0.410000
v 0.405137 0.391879 0.410000
v 0.405137 0.391879 0.460000
v 0.409968 0.128885 -0.460000
v 0.409968 0.128885 0.460000
v 0.409968 0.451115 -0.460000
v 0.409968 0.451115 0.460000
v 0.423738 0.109975 -0.290000
v 0.423738 0.109975 0.290000
v 0.423766 0.470060 -0.290000
v 0.423766 0.470060 0.290000
v 0.427000 0.146279 -0.460000
v 0.427000 0.146279 -0.410000
v 0.427000 0.146279 0.410000
v 0.427000 0.146279 0.460000
v 0.427000 0.433721 -0.460000
v 0.427000 0.433721 -0.410000
v 0.427000 0.433721 0.410000
v 0.427000 0.433721 0.460000
v 0.435000 0.567500 -0.375000
v 0.435000 0.567500 -0.365000
v 0.435000 0.567500 0.365000
v 0.435000 0.567500 0.375000
v 0.435000 0.717500 -0.375000
v 0.435000 0.717500 -0.365000
v 0.435000 0.717500 0.365000
v 0.435000 0.717500 0.375000
v 0.435000 0.742500 -0.375000
v 0.435000 0.742500 -0.365000
v 0.435000 0.742500 0.365000
v 0.435000 0.742500 0.375000
v 0.435000 0.826913 -0.365000
v 0.435000 0.826913 0.365000
v 0.435000 0.837543 -0.375000
v 0.435000 0.837543 0.375000
v 0.435000 0.879517 -0.365000
v 0.435000 0.879517 0.365000
v 0.435000 0.880355 -0.365475
v 0.435000 0.880353 0.365474
v 0.435000 0.881198 -0.365942
v 0.435000 0.881194 0.365940
v 0.435000 0.882044 -0.366401
v 0.435000 0.882040 0.366398
v 0.435000 0.882895 -0.366852
v 0.435000 0.882889 0.366849
v 0.435000 0.883749 -0.367295
v 0.435000 0.883743 0.367291
v 0.435000 0.884607 -0.367729
v 0.435000 0.884600 0.367725
v 0.435000 0.885469 -0.368155
v 0.435000 0.885462 0.368151
v 0.435000 0.886335 -0.368572
v 0.435000 0.886328 0.368568
v 0.435000 0.887205 -0.368980
v 0.435000 0.887198 0.368976
v 0.435000 0.888078 -0.369379
v 0.435000 0.888072 0.369376
v 0.435000 0.888956 -0.369769
v 0.435000 0.888949 0.369767
v 0.435000 0.889837 -0.370150
v 0.435000 0.889831 0.370148
v 0.435000 0.890721 -0.370522
v 0.435000 0.890717 0.370520
v 0.435000 0.891610 -0.370884
v 0.435000 0.891607 0.370882
v 0.435000 0.892500 -0.371235
v 0.435000 0.892500 -0.365000
v 0.435000 0.892500 0.365000
v 0.435000 0.892500 0.371235
v 0.446034 0.084939 -0.460000
v 0.446034 0.084939 0.460000
v 0.446034 0.495061 -0.460000
v 0.446034 0.495061 0.460000
v 0.455909 0.108956 -0.460000
v 0.455909 0.108956 -0.410000
v 0.455909 0.108956 0.410000
v 0.455909 0.108956 0.460000
v 0.455909 0.471044 -0.460000
v 0.455909 0.471044 -0.410000
v 0.455909 0.471044 0.410000
v 0.455909 0.471044 0.460000
v 0.460706 0.508752 -0.290000
v 0.460706 0.508752 0.290000
v 0.464088 0.068351 -0.290000
v 0.464088 0.068351 0.290000
v 0.470051 0.094814 -0.460000
v 0.470051 0.094814 -0.410000
v 0.470051 0.094814 0.410000
v 0.470051 0.094814 0.460000
v 0.470051 0.485186 -0.460000
v 0.470051 0.485186 -0.410000
v 0.470051 0.485186 0.410000
v 0.470051 0.485186 0.460000
v 0.489979 0.048874 -0.460000
v 0.489979 0.048874 0.460000
v 0.489979 0.531126 -0.460000
v 0.489979 0.531126 0.460000
v 0.504125 0.540000 -0.375000
v 0.504125 0.540000 -0.290000
v 0.504125 0.540000 0.290000
v 0.504125 0.540000 0.375000
v 0.505000 0.567500 -0.375000
v 0.505000 0.567500 -0.365000
v 0.505000 0.567500 0.365000
v 0.505000 0.567500 0.375000
v 0.505000 0.717500 -0.375000
v 0.505000 0.717500 -0.365000
v 0.505000 0.717500 0.365000
v 0.505000 0.717500 0.375000
v 0.505000 0.742500 -0.375000
v 0.505000 0.742500 -0.365000
v 0.505000 0.742500 0.365000
v 0.505000 0.742500 0.375000
v 0.505000 0.826913 -0.365000
v 0.505000 0.826913 0.365000
v 0.505000 0.837543 -0.375000
v 0.505000 0.837543 0.375000
v 0.505000 0.879517 -0.365000
v 0.505000 0.879517 0.365000
v 0.505000 0.880353 -0.365474
v 0.505000 0.880355 0.365475
v 0.505000 0.881194 -0.365940
v 0.505000 0.881198 0.365942
v 0.505000 0.882040 -0.366398
v 0.505000 0.882044 0.366401
v 0.505000 0.882889 -0.366849
v 0.505000 0.882895 0.366852
v 0.505000 0.883743 -0.367291
v 0.505000 0.883749 0.367295
v 0.505000 0.884600 -0.367725
v 0.505000 0.884607 0.367729
v 0.505000 0.885462 -0.368151
v 0.505000 0.885469 0.368155
v 0.505000 0.886328 -0.368568
v 0.505000 0.886335 0.368572
v 0.505000 0.887198 -0.368976
v 0.505000 0.887205 0.368980
v 0.505000 0.888072 -0.369376
v 0.505000 0.888078 0.369379
v 0.505000 0.888949 -0.369767
v 0.505000 0.888956 0.369769
v 0.505000 0.889831 -0.370148
v 0.505000 0.889837 0.370150
v 0.505000 0.890717 -0.370520
v 0.505000 0.890721 0.370522
v 0.505000 0.891607 -0.370882
v 0.505000 0.891610 0.370884
v 0.505000 0.892500 -0.371235
v 0.505000 0.892500 -0.365000
v 0.505000 0.892500 0.365000
v 0.505000 0.892500 0.371235
v 0.507374 0.065905 -0.460000
v 0.507374 0.065905 -0.410000
v 0.507374 0.065905 0.410000
v 0.507374 0.065905 0.460000
v 0.507374 0.514095 -0.460000
v 0.507374 0.514095 -0.410000
v 0.507374 0.514095 0.410000
v 0.507374 0.514095 0.460000
v 0.511911 0.035583 -0.290000
v 0.511911 0.035583 0.290000
v 0.524294 0.550810 -0.375000
v 0.524294 0.550810 0.375000
v 0.540116 0.022075 -0.460000
v 0.540116 0.022075 0.460000
v 0.540116 0.557925 -0.460000
v 0.540116 0.557925 0.460000
v 0.545253 0.559995 -0.375000
v 0.545253 0.559995 0.375000
v 0.549216 0.044043 -0.460000
v 0.549216 0.044043 -0.410000
v 0.549216 0.044043 0.410000
v 0.549216 0.044043 0.460000
v 0.549216 0.535957 -0.460000
v 0.549216 0.535957 -0.410000
v 0.549216 0.535957 0.410000
v 0.549216 0.535957 0.460000
v 0.565295 0.012983 -0.290000
v 0.565295 0.012983 0.290000
v 0.566870 0.567500 -0.375000
v 0.566870 0.567500 -0.365000
v 0.566870 0.567500 0.365000
v 0.566870 0.567500 0.375000
v 0.594262 0.029915 -0.460000
v 0.594262 0.029915 -0.410000
v 0.594262 0.029915 0.410000
v 0.594262 0.029915 0.460000
v 0.594262 0.550085 -0.460000
v 0.594262 0.550085 -0.410000
v 0.594262 0.550085 0.410000
v 0.594262 0.550085 0.460000
v 0.594518 0.005572 -0.460000
v 0.594518 0.005572 0.460000
v 0.594518 0.574428 -0.460000
v 0.594518 0.574428 0.460000
v 0.622109 0.001452 -0.290000
v 0.622109 0.001452 0.290000
v 0.622655 0.578602 -0.365000
v 0.622655 0.578602 0.365000
v 0.626952 0.280000 -0.460000
v 0.626952 0.280000 -0.410000
v 0.626952 0.280000 0.410000
v 0.626952 0.280000 0.460000
v 0.626952 0.300000 -0.460000
v 0.626952 0.300000 -0.410000
v 0.626952 0.300000 0.410000
v 0.626952 0.300000 0.460000
v 0.641095 0.023966 -0.460000
v 0.641095 0.023966 -0.410000
v 0.641095 0.023966 0.410000
v 0.641095 0.023966 0.460000
v 0.641095 0.265858 -0.460000
v 0.641095 0.265858 -0.410000
v 0.641095 0.265858 0.410000
v 0.641095 0.265858 0.460000
v 0.641095 0.314142 -0.460000
v 0.641095 0.314142 -0.410000
v 0.641095 0.314142 0.410000
v 0.641095 0.314142 0.460000
v 0.641095 0.556034 -0.460000
v 0.641095 0.556034 -0.410000
v 0.641095 0.556034 0.410000
v 0.641095 0.556034 0.460000
v 0.641095 0.826913 -0.365000
v 0.641095 0.826913 0.365000
v 0.641095 0.849038 -0.384213
v 0.641095 0.849038 0.384213
v 0.641095 0.872142 -0.398128
v 0.641095 0.872142 0.398128
v 0.641095 0.879517 -0.365000
v 0.641095 0.879517 0.365000
v 0.641095 0.880354 -0.365474
v 0.641095 0.880355 0.365475
v 0.641095 0.881196 -0.365941
v 0.641095 0.881198 0.365942
v 0.641095 0.882042 -0.366400
v 0.641095 0.882044 0.366401
v 0.641095 0.882892 -0.366851
v 0.641095 0.882895 0.366852
v 0.641095 0.883746 -0.367293
v 0.641095 0.883749 0.367295
v 0.641095 0.884604 -0.367727
v 0.641095 0.884607 0.367729
v 0.641095 0.885466 -0.368153
v 0.641095 0.885469 0.368155
v 0.641095 0.886332 -0.368570
v 0.641095 0.886335 0.368572
v 0.641095 0.887202 -0.368978
v 0.641095 0.887205 0.368980
v 0.641095 0.888075 -0.369378
v 0.641095 0.888078 0.369379
v 0.641095 0.888952 -0.369768
v 0.641095 0.888956 0.369769
v 0.641095 0.889834 -0.370149
v 0.641095 0.889837 0.370150
v 0.641095 0.890719 -0.370521
v 0.641095 0.890721 0.370522
v 0.641095 0.891607 -0.370883
v 0.641095 0.891610 0.370884
v 0.641095 0.892500 -0.375000
v 0.641095 0.892500 -0.371235
v 0.641095 0.892500 0.371235
v 0.641095 0.892500 0.375000
v 0.641095 0.895905 -0.406555
v 0.641095 0.895905 0.406555
v 0.641095 0.905030 -0.375000
v 0.641095 0.905030 0.375000
v 0.641095 0.906161 -0.375231
v 0.641095 0.906159 0.375231
v 0.641095 0.907274 -0.375441
v 0.641095 0.907270 0.375440
v 0.641095 0.908368 -0.375630
v 0.641095 0.908362 0.375629
v 0.641095 0.909443 -0.375799
v 0.641095 0.909436 0.375798
v 0.641095 0.910499 -0.375950
v 0.641095 0.910492 0.375949
v 0.641095 0.911537 -0.376082
v 0.641095 0.911529 0.376081
v 0.641095 0.912555 -0.376197
v 0.641095 0.912547 0.376196
v 0.641095 0.913554 -0.376295
v 0.641095 0.913546 0.376295
v 0.641095 0.914534 -0.376378
v 0.641095 0.914526 0.376378
v 0.641095 0.915495 -0.376446
v 0.641095 0.915487 0.376446
v 0.641095 0.916435 -0.376500
v 0.641095 0.916429 0.376499
v 0.641095 0.917356 -0.376540
v 0.641095 0.917351 0.376540
v 0.641095 0.918258 -0.376568
v 0.641095 0.918254 0.376568
v 0.641095 0.919139 -0.376584
v 0.641095 0.919137 0.376584
v 0.641095 0.920000 -0.409377
v 0.641095 0.920000 -0.376589
v 0.641095 0.920000 0.376589
v 0.641095 0.920000 0.409377
v 0.641095 1.001884 0.374670
v 0.641095 1.003875 -0.407406
v 0.641095 1.003875 0.407406
v 0.641095 1.060995 -0.370868
v 0.641095 1.083450 0.368898
v 0.641095 1.086941 -0.401511
v 0.641095 1.086941 0.401511
v 0.641095 1.130127 -0.363782
v 0.641095 1.164002 0.359251
v 0.641095 1.168401 -0.391750
v 0.641095 1.168401 0.391750
v 0.641095 1.197812 -0.353936
v 0.641095 1.242843 0.345706
v 0.641095 1.247467 -0.378215
v 0.641095 1.247467 0.378215
v 0.641095 1.263647 -0.341374
v 0.641095 1.319276 0.328241
v 0.641095 1.323380 -0.361039
v 0.641095 1.323380 0.361039
v 0.641095 1.327229 -0.326139
v 0.641095 1.388157 -0.308274
v 0.641095 1.392571 0.306844
v 0.641095 1.395409 -0.340385
v 0.641095 1.395409 0.340385
v 0.641095 1.446026 -0.287824
v 0.641095 1.460953 0.281915
v 0.641095 1.462859 -0.316453
v 0.641095 1.462859 0.316453
v 0.641095 1.499987 -0.265036
v 0.641095 1.523325 0.253843
v 0.641095 1.525081 -0.289473
v 0.641095 1.525081 0.289473
v 0.641095 1.549082 -0.240357
v 0.641095 1.579161 0.222866
v 0.641095 1.581475 -0.259706
v 0.641095 1.581475 0.259706
v 0.641095 1.593107 -0.213995
v 0.641095 1.627745 0.189373
v 0.641095 1.631500 -0.227438
v 0.641095 1.631500 0.227438
v 0.641095 1.631863 -0.186151
v 0.641095 1.665590 -0.156603
v 0.641095 1.667516 0.154713
v 0.641095 1.674672 -0.192979
v 0.641095 1.674672 0.192979
v 0.641095 1.695576 -0.123327
v 0.641095 1.698527 0.119486
v 0.641095 1.710576 -0.156662
v 0.641095 1.710576 0.156662
v 0.641095 1.720000 -0.086191
v 0.641095 1.722120 0.082136
v 0.641095 1.736540 -0.045595
v 0.641095 1.737774 0.040960
v 0.641095 1.738867 -0.118836
v 0.641095 1.738867 0.118836
v 0.641095 1.742910 -0.002249
v 0.641095 1.759271 -0.079866
v 0.641095 1.759271 0.079866
v 0.641095 1.771593 -0.040126
v 0.641095 1.771593 0.040126
v 0.641095 1.775713 0.000000
v 0.651095 0.000000 -0.460000
v 0.651095 0.000000 0.460000
v 0.651095 0.580000 -0.460000
v 0.651095 0.580000 0.460000
v 0.651095 0.920000 -0.290000
v 0.651095 0.920000 0.290000
v 0.651095 1.267119 -0.290000
v 0.651095 1.267119 0.290000
v 0.661095 0.023966 -0.460000
v 0.661095 0.023966 -0.410000
v 0.661095 0.023966 0.410000
v 0.661095 0.023966 0.460000
v 0.661095 0.265858 -0.460000
v 0.661095 0.265858 -0.410000
v 0.661095 0.265858 0.410000
v 0.661095 0.265858 0.460000
v 0.661095 0.314142 -0.460000
v 0.661095 0.314142 -0.410000
v 0.661095 0.314142 0.410000
v 0.661095 0.314142 0.460000
v 0.661095 0.556034 -0.460000
v 0.661095 0.556034 -0.410000
v 0.661095 0.556034 0.410000
v 0.661095 0.556034 0.460000
v 0.672614 1.095981 -0.290000
v 0.672614 1.095981 0.290000
v 0.672614 1.267119 -0.290000
v 0.672614 1.267119 0.290000
v 0.675237 0.280000 -0.460000
v 0.675237 0.280000 -0.410000
v 0.675237 0.280000 0.410000
v 0.675237 0.280000 0.460000
v 0.675237 0.300000 -0.460000
v 0.675237 0.300000 -0.410000
v 0.675237 0.300000 0.410000
v 0.675237 0.300000 0.460000
v 0.679534 0.578602 -0.365000
v 0.679534 0.578602 0.365000
v 0.680080 0.001452 -0.290000
v 0.680080 0.001452 0.290000
v 0.707671 0.005572 -0.460000
v 0.707671 0.005572 0.460000
v 0.707671 0.574428 -0.460000
v 0.707671 0.574428 0.460000
v 0.707928 0.029915 -0.460000
v 0.707928 0.029915 -0.410000
v 0.707928 0.029915 0.410000
v 0.707928 0.029915 0.460000
v 0.707928 0.550085 -0.460000
v 0.707928 0.550085 -0.410000
v 0.707928 0.550085 0.410000
v 0.707928 0.550085 0.460000
v 0.735319 0.567500 -0.375000
v 0.735319 0.567500 -0.365000
v 0.735319 0.567500 0.365000
v 0.735319 0.567500 0.375000
v 0.736894 0.012983 -0.290000
v 0.736894 0.012983 0.290000
v 0.752973 0.044043 -0.460000
v 0.752973 0.044043 -0.410000
v 0.752973 0.044043 0.410000
v 0.752973 0.044043 0.460000
v 0.752973 0.535957 -0.460000
v 0.752973 0.535957 -0.410000
v 0.752973 0.535957 0.410000
v 0.752973 0.535957 0.460000
v 0.756936 0.559995 -0.375000
v 0.756936 0.559995 0.375000
v 0.762073 0.022075 -0.460000
v 0.762073 0.022075 0.460000
v 0.762073 0.557925 -0.460000
v 0.762073 0.557925 0.460000
v 0.777895 0.550810 -0.375000
v 0.777895 0.550810 0.375000
v 0.790279 0.035583 -0.290000
v 0.790279 0.035583 0.290000
v 0.794816 0.065905 -0.460000
v 0.794816 0.065905 -0.410000
v 0.794816 0.065905 0.410000
v 0.794816 0.065905 0.460000
v 0.794816 0.514095 -0.460000
v 0.794816 0.514095 -0.410000
v 0.794816 0.514095 0.410000
v 0.794816 0.514095 0.460000
v 0.798064 0.540000 -0.375000
v 0.798064 0.540000 -0.290000
v 0.798064 0.540000 0.290000
v 0.798064 0.540000 0.375000
v 0.812210 0.048874 -0.460000
v 0.812210 0.048874 0.460000
v 0.812210 0.531126 -0.460000
v 0.812210 0.531126 0.460000
v 0.832138 0.094814 -0.460000
v 0.832138 0.094814 -0.410000
v 0.832138 0.094814 0.410000
v 0.832138 0.094814 0.460000
v 0.832138 0.485186 -0.460000
v 0.832138 0.485186 -0.410000
v 0.832138 0.485186 0.410000
v 0.832138 0.485186 0.460000
v 0.834950 0.920000 -0.290000
v 0.834950 0.920000 0.290000
v 0.834950 1.095981 -0.290000
v 0.834950 1.095981 0.290000
v 0.838102 0.068351 -0.290000
v 0.838102 0.068351 0.290000
v 0.841483 0.508752 -0.290000
v 0.841483 0.508752 0.290000
v 0.846280 0.108956 -0.460000
v 0.846280 0.108956 -0.410000
v 0.846280 0.108956 0.410000
v 0.846280 0.108956 0.460000
v 0.846280 0.471044 -0.460000
v 0.846280 0.471044 -0.410000
v 0.846280 0.471044 0.410000
v 0.846280 0.471044 0.460000
v 0.856156 0.084939 -0.460000
v 0.856156 0.084939 0.460000
v 0.856156 0.495061 -0.460000
v 0.856156 0.495061 0.460000
v 0.875190 0.146279 -0.460000
v 0.875190 0.146279 -0.410000
v 0.875190 0.146279 0.410000
v 0.875190 0.146279 0.460000
v 0.875190 0.433721 -0.460000
v 0.875190 0.433721 -0.410000
v 0.875190 0.433721 0.410000
v 0.875190 0.433721 0.460000
v 0.878451 0.109975 -0.290000
v 0.878451 0.109975 0.290000
v 0.878424 0.470060 -0.290000
v 0.878424 0.470060 0.290000
v 0.892221 0.128885 -0.460000
v 0.892221 0.128885 0.460000
v 0.892221 0.451115 -0.460000
v 0.892221 0.451115 0.460000
v 0.897052 0.188121 -0.460000
v 0.897052 0.188121 -0.410000
v 0.897052 0.188121 0.410000
v 0.897052 0.188121 0.460000
v 0.897052 0.391879 -0.460000
v 0.897052 0.391879 -0.410000
v 0.897052 0.391879 0.410000
v 0.897052 0.391879 0.460000
v 0.905000 0.567500 -0.375000
v 0.905000 0.567500 -0.365000
v 0.905000 0.567500 0.365000
v 0.905000 0.567500 0.375000
v 0.905000 0.717500 -0.375000
v 0.905000 0.717500 -0.365000
v 0.905000 0.717500 0.365000
v 0.905000 0.717500 0.375000
v 0.905000 0.742500 -0.375000
v 0.905000 0.742500 -0.365000
v 0.905000 0.742500 0.365000
v 0.905000 0.742500 0.375000
v 0.905000 0.892500 -0.375000
v 0.905000 0.892500 -0.365000
v 0.905000 0.892500 0.365000
v 0.905000 0.892500 0.375000
v 0.907629 0.425241 -0.290000
v 0.907629 0.425241 0.290000
v 0.909716 0.158794 -0.290000
v 0.909716 0.158794 0.290000
v 0.911180 0.233167 -0.460000
v 0.911180 0.233167 -0.410000
v 0.911180 0.233167 0.410000
v 0.911180 0.233167 0.460000
v 0.911180 0.346833 -0.460000
v 0.911180 0.346833 -0.410000
v 0.911180 0.346833 0.410000
v 0.911180 0.346833 0.460000
v 0.917129 0.280000 -0.460000
v 0.917129 0.280000 -0.410000
v 0.917129 0.280000 0.410000
v 0.917129 0.280000 0.460000
v 0.917129 0.300000 -0.460000
v 0.917129 0.300000 -0.410000
v 0.917129 0.300000 0.410000
v 0.917129 0.300000 0.460000
v 0.919020 0.179022 -0.460000
v 0.919020 0.179022 0.460000
v 0.919020 0.400978 -0.460000
v 0.919020 0.400978 0.460000
v 0.928105 0.375821 -0.290000
v 0.928105 0.375821 0.290000
v 0.930646 0.212856 -0.290000
v 0.930646 0.212856 0.290000
v 0.935522 0.233424 -0.460000
v 0.935522 0.233424 0.460000
v 0.935522 0.346576 -0.460000
v 0.935522 0.346576 0.460000
v 0.939156 0.323480 -0.290000
v 0.939156 0.323480 0.290000
v 0.940404 0.270000 -0.290000
v 0.940404 0.270000 0.290000
v 0.941095 0.290000 -0.460000
v 0.941095 0.290000 0.460000
v 0.950000 0.270000 -0.290000
v 0.950000 0.270000 0.290000
v 0.950000 0.288508 -0.237247
v 0.950000 0.288508 0.234540
v 0.950000 0.517994 -0.237247
v 0.950000 0.517994 0.234540
v 0.950000 0.540000 -0.375000
v 0.950000 0.540000 -0.290000
v 0.950000 0.540000 0.290000
v 0.950000 0.540000 0.375000
v 0.950000 0.809797 -0.375000
v 0.950000 0.809797 0.375000
v 0.950000 0.874257 -0.375000
v 0.950000 0.874257 0.375000
v 0.950000 0.920000 -0.375000
v 0.950000 0.920000 0.375000
v 0.990000 0.288508 -0.237247
v 0.990000 0.288508 0.234540
v 0.990000 0.517994 -0.237247
v 0.990000 0.517994 0.234540
v 1.074833 0.994632 -0.375000
v 1.074833 0.994632 0.375000
v 1.115074 0.952901 -0.375000
v 1.115074 0.952901 0.375000
vt -0.229198 0.000000 0.000000
vt -0.000000 0.000000 0.000000
vt -0.000000 0.010000 0.000000
vt -0.229198 0.010000 0.000000
vt -0.085000 0.000000 0.000000
vt -0.000000 0.000000 0.000000
vt -0.000000 0.010000 0.000000
vt -0.085000 0.010000 0.000000
vt -0.299888 0.000000 0.000000
vt -0.000000 0.000000 0.000000
vt -0.000000 0.010000 0.000000
vt -0.299888 0.010000 0.000000
vt -0.573232 0.000000 0.000000
vt -0.000000 0.000000 0.000000
vt -0.000000 0.010000 0.000000
vt -0.573232 0.010000 0.000000
vt -0.299888 0.000000 0.000000
vt -0.000000 0.000000 0.000000
vt -0.000000 0.010000 0.000000
vt -0.299888 0.010000 0.000000
vt -0.085000 0.000000 0.000000
vt -0.000000 0.000000 0.000000
vt -0.000000 0.010000 0.000000
vt -0.085000 0.010000 0.000000
vt -0.229198 0.000000 0.000000
vt -0.000000 0.000000 0.000000
vt -0.000000 0.010000 0.000000
vt -0.229198 0.010000 0.000000
vt 0.578515 0.000000 0.000000
vt 0.600390 0.000000 0.000000
vt 0.622265 0.000000 0.000000
vt 0.644140 0.000000 0.000000
vt 0.666015 0.000000 0.000000
vt 0.666015 0.010000 0.000000
vt 0.644140 0.010000 0.000000
vt 0.622265 0.010000 0.000000
vt 0.600390 0.010000 0.000000
vt 0.578515 0.010000 0.000000
vt 1.895814 0.000000 0.000000
vt 1.935310 0.000000 0.000000
vt 1.974806 0.000000 0.000000
vt 2.014302 0.000000 0.000000
vt 2.053798 0.000000 0.000000
vt 2.093294 0.000000 0.000000
vt 2.132790 0.000000 0.000000
vt 2.172287 0.000000 0.000000
vt 2.211783 0.000000 0.000000
vt 2.251279 0.000000 0.000000
vt 2.290775 0.000000 0.000000
vt 2.330271 0.000000 0.000000
vt 2.369767 0.000000 0.000000
vt 2.409263 0.000000 0.000000
vt 2.448760 0.000000 0.000000
vt 2.488256 0.000000 0.000000
vt 2.527752 0.000000 0.000000
vt 2.567248 0.000000 0.000000
vt 2.606744 0.000000 0.000000
vt 2.646240 0.000000 0.000000
vt 2.685736 0.000000 0.000000
vt 2.725232 0.000000 0.000000
vt 2.764728 0.000000 0.000000
vt 2.804224 0.000000 0.000000
vt 2.843721 0.000000 0.000000
vt 2.883217 0.000000 0.000000
vt 2.922713 0.000000 0.000000
vt 2.962209 0.000000 0.000000
vt 3.001705 0.000000 0.000000
vt 3.041201 0.000000 0.000000
vt 3.080697 0.000000 0.000000
vt 3.120193 0.000000 0.000000
vt 3.159689 0.000000 0.000000
vt 3.159689 0.010000 0.000000
vt 3.120193 0.010000 0.000000
vt 3.080697 0.010000 0.000000
vt 3.041201 0.010000 0.000000
vt 3.001705 0.010000 0.000000
vt 2.962209 0.010000 0.000000
vt 2.922713 0.010000 0.000000
vt 2.883217 0.010000 0.000000
vt 2.843721 0.010000 0.000000
vt 2.804224 0.010000 0.000000
vt 2.764728 0.010000 0.000000
vt 2.725232 0.010000 0.000000
vt 2.685736 0.010000 0.000000
vt 2.646240 0.010000 0.000000
vt 2.606744 0.010000 0.000000
vt 2.567248 0.010000 0.000000
vt 2.527752 0.010000 0.000000
vt 2.488256 0.010000 0.000000
vt 2.448760 0.010000 0.000000
vt 2.409263 0.010000 0.000000
vt 2.369767 0.010000 0.000000
vt 2.330271 0.010000 0.000000
vt 2.290775 0.010000 0.000000
vt 2.251279 0.010000 0.000000
vt 2.211783 0.010000 0.000000
vt 2.172287 0.010000 0.000000
vt 2.132790 0.010000 0.000000
vt 2.093294 0.010000 0.000000
vt 2.053798 0.010000 0.000000
vt 2.014302 0.010000 0.000000
vt 1.974806 0.010000 0.000000
vt 1.935310 0.010000 0.000000
vt 1.895814 0.010000 0.000000
vt -0.000000 0.000000 0.000000
vt 0.021875 0.000000 0.000000
vt 0.043750 0.000000 0.000000
vt 0.065625 0.000000 0.000000
vt 0.087500 0.000000 0.000000
vt 0.087500 0.010000 0.000000
vt 0.065625 0.010000 0.000000
vt 0.043750 0.010000 0.000000
vt 0.021875 0.010000 0.000000
vt -0.000000 0.010000 0.000000
vt -0.405993 0.010566 0.000000
vt -0.403886 -0.009924 0.000000
vt -0.397568 -0.030254 0.000000
vt -0.387065 -0.050239 0.000000
vt -0.371616 -0.070616 0.000000
vt -0.371616 -0.299814 0.000000
vt -0.286616 -0.299814 0.000000
vt -0.286616 -0.599702 0.000000
vt 0.286616 -0.599702 0.000000
vt 0.286616 -0.299814 0.000000
vt 0.371616 -0.299814 0.000000
vt 0.371616 -0.070616 0.000000
vt 0.387065 -0.050239 0.000000
vt 0.397568 -0.030254 0.000000
vt 0.403886 -0.009924 0.000000
vt 0.405993 0.010566 0.000000
vt 0.404022 0.094282 0.000000
vt 0.398141 0.177189 0.000000
vt 0.388403 0.258483 0.000000
vt 0.374896 0.337376 0.000000
vt 0.357761 0.413109 0.000000
vt 0.337162 0.484945 0.000000
vt 0.313304 0.552189 0.000000
vt 0.286421 0.614187 0.000000
vt 0.256783 0.670339 0.000000
vt 0.224687 0.720096 0.000000
vt 0.190458 0.762983 0.000000
vt 0.154447 0.798584 0.000000
vt 0.117024 0.826575 0.000000
vt 0.078566 0.846713 0.000000
vt 0.039444 0.858845 0.000000
vt -0.000000 0.862896 0.000000
vt -0.039444 0.858845 0.000000
vt -0.078566 0.846713 0.000000
vt -0.117024 0.826575 0.000000
vt -0.154447 0.798584 0.000000
vt -0.190458 0.762983 0.000000
vt -0.224687 0.720096 0.000000
vt -0.256783 0.670339 0.000000
vt -0.286421 0.614187 0.000000
vt -0.313304 0.552189 0.000000
vt -0.337162 0.484945 0.000000
vt -0.357761 0.413109 0.000000
vt -0.374896 0.337376 0.000000
vt -0.388403 0.258483 0.000000
vt -0.398141 0.177189 0.000000
vt -0.404022 0.094282 0.000000
vt 0.021520 0.580000 0.000000
vt 0.000000 0.580000 0.000000
vt 0.000000 0.000000 0.000000
vt 0.021520 0.000000 0.000000
vt 0.171138 0.580000 0.000000
vt 0.000000 0.580000 0.000000
vt 0.000000 0.000000 0.000000
vt 0.171138 0.000000 0.000000
vt 0.162335 0.580000 0.000000
vt 0.000000 0.580000 0.000000
vt 0.000000 0.000000 0.000000
vt 0.162335 0.000000 0.000000
vt 0.000000 0.000000 0.000000
vt 0.580000 0.000000 0.000000
vt 0.580000 0.347119 0.000000
vt 0.000000 0.347119 0.000000
vt 0.000000 0.000000 0.000000
vt 0.183855 0.000000 0.000000
vt 0.183855 0.347119 0.000000
vt 0.162335 0.347119 0.000000
vt 0.162335 0.175980 0.000000
vt 0.000000 0.175980 0.000000
vt 0.000000 0.000000 0.000000
vt 0.580000 0.000000 0.000000
vt 0.580000 0.175980 0.000000
vt 0.000000 0.175980 0.000000
vt 0.000000 0.000000 0.000000
vt 0.183855 0.000000 0.000000
vt 0.183855 0.175980 0.000000
vt 0.021520 0.175980 0.000000
vt 0.021520 0.347119 0.000000
vt 0.000000 0.347119 0.000000
vt 0.375000 -0.314868 0.000000
vt 0.375203 -0.313880 0.000000
vt 0.375392 -0.312891 0.000000
vt 0.375567 -0.311900 0.000000
vt 0.375729 -0.310907 0.000000
vt 0.375878 -0.309913 0.000000
vt 0.376012 -0.308916 0.000000
vt 0.376133 -0.307918 0.000000
vt 0.376240 -0.306917 0.000000
vt 0.376332 -0.305916 0.000000
vt 0.376411 -0.304915 0.000000
vt 0.376475 -0.303913 0.000000
vt 0.376525 -0.302911 0.000000
vt 0.376561 -0.301908 0.000000
vt 0.376582 -0.300903 0.000000
vt 0.376589 -0.299898 0.000000
vt 0.370868 -0.158903 0.000000
vt 0.363782 -0.089771 0.000000
vt 0.353936 -0.022086 0.000000
vt 0.341374 0.043749 0.000000
vt 0.326139 0.107332 0.000000
vt 0.308274 0.168259 0.000000
vt 0.287824 0.226128 0.000000
vt 0.265036 0.280089 0.000000
vt 0.240357 0.329185 0.000000
vt 0.213995 0.373210 0.000000
vt 0.186151 0.411965 0.000000
vt 0.156603 0.445693 0.000000
vt 0.123327 0.475678 0.000000
vt 0.086191 0.500102 0.000000
vt 0.045595 0.516643 0.000000
vt 0.002249 0.523012 0.000000
vt -0.040960 0.517877 0.000000
vt -0.082136 0.502223 0.000000
vt -0.119486 0.478629 0.000000
vt -0.154713 0.447618 0.000000
vt -0.189373 0.407847 0.000000
vt -0.222866 0.359263 0.000000
vt -0.253843 0.303427 0.000000
vt -0.281915 0.241056 0.000000
vt -0.306844 0.172673 0.000000
vt -0.328241 0.099378 0.000000
vt -0.345706 0.022945 0.000000
vt -0.359251 -0.055896 0.000000
vt -0.368898 -0.136448 0.000000
vt -0.374670 -0.218014 0.000000
vt -0.376589 -0.299898 0.000000
vt -0.376582 -0.300903 0.000000
vt -0.376561 -0.301908 0.000000
vt -0.376525 -0.302911 0.000000
vt -0.376475 -0.303913 0.000000
vt -0.376411 -0.304915 0.000000
vt -0.376332 -0.305916 0.000000
vt -0.376240 -0.306917 0.000000
vt -0.376133 -0.307918 0.000000
vt -0.376012 -0.308916 0.000000
vt -0.375878 -0.309913 0.000000
vt -0.375729 -0.310907 0.000000
vt -0.375567 -0.311900 0.000000
vt -0.375392 -0.312891 0.000000
vt -0.375203 -0.313880 0.000000
vt -0.375000 -0.314868 0.000000
vt -0.375000 -0.299898 0.000000
vt 0.375000 -0.299898 0.000000
vt -0.000000 0.643048 0.000000
vt -1.591095 0.643048 0.000000
vt -1.591095 0.602858 0.000000
vt -1.591095 0.562667 0.000000
vt -1.591095 0.522477 0.000000
vt -1.591095 0.482286 0.000000
vt -1.591095 0.442096 0.000000
vt -1.591095 0.401905 0.000000
vt -1.591095 0.361715 0.000000
vt -1.591095 0.321524 0.000000
vt -1.591095 0.281334 0.000000
vt -1.591095 0.241143 0.000000
vt -1.591095 0.200953 0.000000
vt -1.591095 0.160762 0.000000
vt -1.591095 0.120572 0.000000
vt -1.591095 0.080381 0.000000
vt -1.591095 0.040191 0.000000
vt -1.591095 0.000000 0.000000
vt -1.591095 -0.040191 0.000000
vt -1.591095 -0.080381 0.000000
vt -1.591095 -0.120572 0.000000
vt -1.591095 -0.160762 0.000000
vt -1.591095 -0.200953 0.000000
vt -1.591095 -0.241143 0.000000
vt -1.591095 -0.281334 0.000000
vt -1.591095 -0.321524 0.000000
vt -1.591095 -0.361715 0.000000
vt -1.591095 -0.401905 0.000000
vt -1.591095 -0.442096 0.000000
vt -1.591095 -0.482286 0.000000
vt -1.591095 -0.522477 0.000000
vt -1.591095 -0.562667 0.000000
vt -1.591095 -0.602858 0.000000
vt -1.591095 -0.643048 0.000000
vt -0.000000 -0.643048 0.000000
vt -0.000000 -0.602858 0.000000
vt -0.000000 -0.562667 0.000000
vt -0.000000 -0.522477 0.000000
vt -0.000000 -0.482286 0.000000
vt -0.000000 -0.442096 0.000000
vt -0.000000 -0.401905 0.000000
vt -0.000000 -0.361715 0.000000
vt -0.000000 -0.321524 0.000000
vt -0.000000 -0.281334 0.000000
vt -0.000000 -0.241143 0.000000
vt -0.000000 -0.200953 0.000000
vt -0.000000 -0.160762 0.000000
vt -0.000000 -0.120572 0.000000
vt -0.000000 -0.080381 0.000000
vt -0.000000 -0.040191 0.000000
vt -0.000000 0.000000 0.000000
vt -0.000000 0.040191 0.000000
vt -0.000000 0.080381 0.000000
vt -0.000000 0.120572 0.000000
vt -0.000000 0.160762 0.000000
vt -0.000000 0.200953 0.000000
vt -0.000000 0.241143 0.000000
vt -0.000000 0.281334 0.000000
vt -0.000000 0.321524 0.000000
vt -0.000000 0.361715 0.000000
vt -0.000000 0.401905 0.000000
vt -0.000000 0.442096 0.000000
vt -0.000000 0.482286 0.000000
vt -0.000000 0.522477 0.000000
vt -0.000000 0.562667 0.000000
vt -0.000000 0.602858 0.000000
vt 0.435000 -0.012500 0.000000
vt 0.435000 -0.162500 0.000000
vt 0.035000 -0.162500 0.000000
vt 0.035000 -0.012500 0.000000
vt -0.930000 0.190000 0.000000
vt -0.930000 0.175030 0.000000
vt 0.641095 0.175030 0.000000
vt 0.641095 0.162500 0.000000
vt 0.905000 0.162500 0.000000
vt 0.905000 0.012500 0.000000
vt 0.505000 0.012500 0.000000
vt 0.505000 0.107543 0.000000
vt 0.435000 0.107543 0.000000
vt 0.435000 0.012500 0.000000
vt 0.035000 0.012500 0.000000
vt 0.035000 0.107543 0.000000
vt -0.035000 0.107543 0.000000
vt -0.035000 0.012500 0.000000
vt -0.435000 0.012500 0.000000
vt -0.435000 0.107543 0.000000
vt -0.505000 0.107543 0.000000
vt -0.505000 0.030938 0.000000
vt -0.473339 0.019119 0.000000
vt -0.442820 0.004603 0.000000
vt -0.413672 -0.012500 0.000000
vt -0.035000 -0.012500 0.000000
vt -0.035000 -0.162500 0.000000
vt -0.278170 -0.162500 0.000000
vt -0.273688 -0.171556 0.000000
vt -0.269442 -0.180724 0.000000
vt -0.265436 -0.190000 0.000000
vt 0.504125 -0.190000 0.000000
vt 0.524294 -0.179190 0.000000
vt 0.545253 -0.170005 0.000000
vt 0.566870 -0.162500 0.000000
vt 0.505000 -0.162500 0.000000
vt 0.505000 -0.012500 0.000000
vt 0.905000 -0.012500 0.000000
vt 0.905000 -0.162500 0.000000
vt 0.735319 -0.162500 0.000000
vt 0.756936 -0.170005 0.000000
vt 0.777895 -0.179190 0.000000
vt 0.798064 -0.190000 0.000000
vt 0.950000 -0.190000 0.000000
vt 0.950000 0.079797 0.000000
vt 1.115074 0.222901 0.000000
vt 1.074833 0.264632 0.000000
vt 0.950000 0.144257 0.000000
vt 0.950000 0.190000 0.000000
vt -0.460087 0.020000 0.000000
vt -0.459105 0.020000 0.000000
vt -0.458119 0.020000 0.000000
vt -0.457130 0.020000 0.000000
vt -0.456137 0.020000 0.000000
vt -0.455141 0.020000 0.000000
vt -0.454142 0.020000 0.000000
vt -0.453139 0.020000 0.000000
vt -0.452133 0.020000 0.000000
vt -0.451126 0.020000 0.000000
vt -0.450117 0.020000 0.000000
vt -0.449107 0.020000 0.000000
vt -0.448095 0.020000 0.000000
vt -0.447083 0.020000 0.000000
vt -0.446068 0.020000 0.000000
vt -0.445053 0.020000 0.000000
vt -0.445053 1.591095 0.000000
vt -0.445925 1.591095 0.000000
vt -0.446817 1.591095 0.000000
vt -0.447728 1.591095 0.000000
vt -0.448659 1.591095 0.000000
vt -0.449608 1.591095 0.000000
vt -0.450577 1.591095 0.000000
vt -0.451564 1.591095 0.000000
vt -0.452569 1.591095 0.000000
vt -0.453592 1.591095 0.000000
vt -0.454633 1.591095 0.000000
vt -0.455691 1.591095 0.000000
vt -0.456765 1.591095 0.000000
vt -0.457856 1.591095 0.000000
vt -0.458964 1.591095 0.000000
vt -0.460087 1.591095 0.000000
vt -1.070784 0.020000 0.000000
vt -1.037505 0.020000 0.000000
vt -1.004020 0.020000 0.000000
vt -0.970266 0.020000 0.000000
vt -0.936165 0.020000 0.000000
vt -0.901612 0.020000 0.000000
vt -0.866479 0.020000 0.000000
vt -0.831149 0.020000 0.000000
vt -0.795746 0.020000 0.000000
vt -0.760103 0.020000 0.000000
vt -0.724153 0.020000 0.000000
vt -0.688712 0.020000 0.000000
vt -0.653700 0.020000 0.000000
vt -0.616955 0.020000 0.000000
vt -0.576259 0.020000 0.000000
vt -0.533143 0.020000 0.000000
vt -0.489922 0.020000 0.000000
vt -0.449839 0.020000 0.000000
vt -0.413296 0.020000 0.000000
vt -0.380169 0.020000 0.000000
vt -0.349986 0.020000 0.000000
vt -0.320416 0.020000 0.000000
vt -0.290905 0.020000 0.000000
vt -0.261350 0.020000 0.000000
vt -0.231660 0.020000 0.000000
vt -0.202120 0.020000 0.000000
vt -0.172879 0.020000 0.000000
vt -0.143857 0.020000 0.000000
vt -0.114988 0.020000 0.000000
vt -0.086216 0.020000 0.000000
vt -0.057493 0.020000 0.000000
vt -0.000000 0.020000 0.000000
vt -0.000000 1.591095 0.000000
vt -0.057493 1.591095 0.000000
vt -0.086216 1.591095 0.000000
vt -0.114988 1.591095 0.000000
vt -0.143857 1.591095 0.000000
vt -0.172879 1.591095 0.000000
vt -0.202120 1.591095 0.000000
vt -0.231660 1.591095 0.000000
vt -0.261350 1.591095 0.000000
vt -0.290905 1.591095 0.000000
vt -0.320416 1.591095 0.000000
vt -0.349986 1.591095 0.000000
vt -0.380169 1.591095 0.000000
vt -0.413296 1.591095 0.000000
vt -0.449839 1.591095 0.000000
vt -0.489922 1.591095 0.000000
vt -0.533143 1.591095 0.000000
vt -0.576259 1.591095 0.000000
vt -0.616955 1.591095 0.000000
vt -0.653700 1.591095 0.000000
vt -0.688712 1.591095 0.000000
vt -0.724153 1.591095 0.000000
vt -0.760103 1.591095 0.000000
vt -0.795746 1.591095 0.000000
vt -0.831149 1.591095 0.000000
vt -0.866479 1.591095 0.000000
vt -0.901612 1.591095 0.000000
vt -0.936165 1.591095 0.000000
vt -0.970266 1.591095 0.000000
vt -1.004020 1.591095 0.000000
vt -1.037505 1.591095 0.000000
vt -1.070784 1.591095 0.000000
vt -1.591095 -0.104079 0.000000
vt -1.455000 -0.104079 0.000000
vt -1.455000 -0.091411 0.000000
vt -1.385000 -0.091411 0.000000
vt -1.385000 -0.104079 0.000000
vt -0.985000 -0.104079 0.000000
vt -0.985000 -0.091411 0.000000
vt -0.915000 -0.091411 0.000000
vt -0.915000 -0.104079 0.000000
vt -0.515000 -0.104079 0.000000
vt -0.515000 -0.091411 0.000000
vt -0.445000 -0.091411 0.000000
vt -0.445000 -0.104079 0.000000
vt -0.045000 -0.104079 0.000000
vt -0.045000 -0.091411 0.000000
vt -0.000000 -0.091411 0.000000
vt -0.000000 -0.068559 0.000000
vt -0.000000 -0.045706 0.000000
vt -0.000000 -0.022853 0.000000
vt -0.000000 0.000000 0.000000
vt -1.591095 0.000000 0.000000
vt -1.591095 -0.026020 0.000000
vt -1.591095 -0.052039 0.000000
vt -1.591095 -0.078059 0.000000
vt -0.365000 -0.418160 0.000000
vt -0.365000 -0.365556 0.000000
vt -0.365475 -0.364718 0.000000
vt -0.365942 -0.363875 0.000000
vt -0.366401 -0.363029 0.000000
vt -0.366852 -0.362178 0.000000
vt -0.367295 -0.361324 0.000000
vt -0.367729 -0.360466 0.000000
vt -0.368155 -0.359604 0.000000
vt -0.368572 -0.358738 0.000000
vt -0.368980 -0.357868 0.000000
vt -0.369379 -0.356995 0.000000
vt -0.369769 -0.356117 0.000000
vt -0.370150 -0.355236 0.000000
vt -0.370522 -0.354352 0.000000
vt -0.370884 -0.353463 0.000000
vt -0.371235 -0.352573 0.000000
vt -0.375000 -0.352573 0.000000
vt -0.375000 -0.340043 0.000000
vt -0.375231 -0.338914 0.000000
vt -0.375440 -0.337803 0.000000
vt -0.375629 -0.336711 0.000000
vt -0.375798 -0.335637 0.000000
vt -0.375949 -0.334581 0.000000
vt -0.376081 -0.333544 0.000000
vt -0.376196 -0.332526 0.000000
vt -0.376295 -0.331527 0.000000
vt -0.376378 -0.330547 0.000000
vt -0.376446 -0.329586 0.000000
vt -0.376499 -0.328644 0.000000
vt -0.376540 -0.327722 0.000000
vt -0.376568 -0.326819 0.000000
vt -0.376584 -0.325936 0.000000
vt -0.376589 -0.325073 0.000000
vt -0.374670 -0.243189 0.000000
vt -0.368898 -0.161623 0.000000
vt -0.359251 -0.081071 0.000000
vt -0.345706 -0.002230 0.000000
vt -0.328241 0.074203 0.000000
vt -0.306844 0.147498 0.000000
vt -0.281915 0.215880 0.000000
vt -0.253843 0.278252 0.000000
vt -0.222866 0.334088 0.000000
vt -0.189373 0.382672 0.000000
vt -0.154713 0.422443 0.000000
vt -0.119486 0.453454 0.000000
vt -0.082136 0.477047 0.000000
vt -0.040960 0.492701 0.000000
vt 0.002249 0.497837 0.000000
vt 0.045595 0.491467 0.000000
vt 0.086191 0.474927 0.000000
vt 0.123327 0.450503 0.000000
vt 0.156603 0.420518 0.000000
vt 0.186151 0.386790 0.000000
vt 0.213995 0.348034 0.000000
vt 0.240357 0.304009 0.000000
vt 0.265036 0.254914 0.000000
vt 0.287824 0.200953 0.000000
vt 0.308274 0.143084 0.000000
vt 0.326139 0.082157 0.000000
vt 0.341374 0.018574 0.000000
vt 0.353936 -0.047261 0.000000
vt 0.363782 -0.114946 0.000000
vt 0.370868 -0.184078 0.000000
vt 0.376589 -0.325073 0.000000
vt 0.376584 -0.325934 0.000000
vt 0.376568 -0.326815 0.000000
vt 0.376540 -0.327717 0.000000
vt 0.376500 -0.328638 0.000000
vt 0.376446 -0.329578 0.000000
vt 0.376378 -0.330539 0.000000
vt 0.376295 -0.331519 0.000000
vt 0.376197 -0.332518 0.000000
vt 0.376082 -0.333536 0.000000
vt 0.375950 -0.334574 0.000000
vt 0.375799 -0.335630 0.000000
vt 0.375630 -0.336705 0.000000
vt 0.375441 -0.337799 0.000000
vt 0.375231 -0.338912 0.000000
vt 0.375000 -0.340043 0.000000
vt 0.375000 -0.352573 0.000000
vt 0.371235 -0.352573 0.000000
vt 0.370883 -0.353465 0.000000
vt 0.370521 -0.354354 0.000000
vt 0.370149 -0.355239 0.000000
vt 0.369768 -0.356120 0.000000
vt 0.369378 -0.356998 0.000000
vt 0.368978 -0.357871 0.000000
vt 0.368570 -0.358741 0.000000
vt 0.368153 -0.359607 0.000000
vt 0.367727 -0.360469 0.000000
vt 0.367293 -0.361327 0.000000
vt 0.366851 -0.362181 0.000000
vt 0.366400 -0.363031 0.000000
vt 0.365941 -0.363877 0.000000
vt 0.365474 -0.364718 0.000000
vt 0.365000 -0.365556 0.000000
vt 0.365000 -0.418160 0.000000
vt 0.384213 -0.396035 0.000000
vt 0.398128 -0.372931 0.000000
vt 0.406555 -0.349168 0.000000
vt 0.409377 -0.325073 0.000000
vt 0.407406 -0.241198 0.000000
vt 0.401511 -0.158132 0.000000
vt 0.391750 -0.076672 0.000000
vt 0.378215 0.002394 0.000000
vt 0.361039 0.078308 0.000000
vt 0.340385 0.150336 0.000000
vt 0.316453 0.217786 0.000000
vt 0.289473 0.280008 0.000000
vt 0.259706 0.336402 0.000000
vt 0.227438 0.386427 0.000000
vt 0.192979 0.429599 0.000000
vt 0.156662 0.465503 0.000000
vt 0.118836 0.493794 0.000000
vt 0.079866 0.514198 0.000000
vt 0.040126 0.526520 0.000000
vt 0.000000 0.530640 0.000000
vt -0.040126 0.526520 0.000000
vt -0.079866 0.514198 0.000000
vt -0.118836 0.493794 0.000000
vt -0.156662 0.465503 0.000000
vt -0.192979 0.429599 0.000000
vt -0.227438 0.386427 0.000000
vt -0.259706 0.336402 0.000000
vt -0.289473 0.280008 0.000000
vt -0.316453 0.217786 0.000000
vt -0.340385 0.150336 0.000000
vt -0.361039 0.078308 0.000000
vt -0.378215 0.002394 0.000000
vt -0.391750 -0.076672 0.000000
vt -0.401511 -0.158132 0.000000
vt -0.407406 -0.241198 0.000000
vt -0.409377 -0.325073 0.000000
vt -0.406555 -0.349168 0.000000
vt -0.398128 -0.372931 0.000000
vt -0.384213 -0.396035 0.000000
vt -0.890106 0.020000 0.000000
vt -0.889090 0.020000 0.000000
vt -0.888076 0.020000 0.000000
vt -0.887063 0.020000 0.000000
vt -0.886052 0.020000 0.000000
vt -0.885042 0.020000 0.000000
vt -0.884033 0.020000 0.000000
vt -0.883026 0.020000 0.000000
vt -0.882020 0.020000 0.000000
vt -0.881017 0.020000 0.000000
vt -0.880018 0.020000 0.000000
vt -0.879022 0.020000 0.000000
vt -0.878029 0.020000 0.000000
vt -0.877040 0.020000 0.000000
vt -0.876054 0.020000 0.000000
vt -0.875072 0.020000 0.000000
vt -0.875072 1.591095 0.000000
vt -0.876197 1.591095 0.000000
vt -0.877306 1.591095 0.000000
vt -0.878399 1.591095 0.000000
vt -0.879475 1.591095 0.000000
vt -0.880533 1.591095 0.000000
vt -0.881575 1.591095 0.000000
vt -0.882598 1.591095 0.000000
vt -0.883603 1.591095 0.000000
vt -0.884590 1.591095 0.000000
vt -0.885558 1.591095 0.000000
vt -0.886507 1.591095 0.000000
vt -0.887436 1.591095 0.000000
vt -0.888346 1.591095 0.000000
vt -0.889236 1.591095 0.000000
vt -0.890106 1.591095 0.000000
vt -0.993388 1.455000 0.000000
vt -0.993388 1.591095 0.000000
vt -0.994305 1.591095 0.000000
vt -0.995227 1.591095 0.000000
vt -0.996156 1.591095 0.000000
vt -0.997091 1.591095 0.000000
vt -0.998032 1.591095 0.000000
vt -0.998980 1.591095 0.000000
vt -0.999933 1.591095 0.000000
vt -1.000893 1.591095 0.000000
vt -1.001859 1.591095 0.000000
vt -1.002831 1.591095 0.000000
vt -1.003810 1.591095 0.000000
vt -1.004795 1.591095 0.000000
vt -1.005787 1.591095 0.000000
vt -1.006785 1.591095 0.000000
vt -1.007789 1.591095 0.000000
vt -1.007789 1.455000 0.000000
vt -1.006784 1.455000 0.000000
vt -1.005785 1.455000 0.000000
vt -1.004793 1.455000 0.000000
vt -1.003807 1.455000 0.000000
vt -1.002827 1.455000 0.000000
vt -1.001855 1.455000 0.000000
vt -1.000888 1.455000 0.000000
vt -0.999928 1.455000 0.000000
vt -0.998975 1.455000 0.000000
vt -0.998028 1.455000 0.000000
vt -0.997087 1.455000 0.000000
vt -0.996153 1.455000 0.000000
vt -0.995225 1.455000 0.000000
vt -0.994303 1.455000 0.000000
vt -0.566138 1.591095 0.000000
vt -0.566138 1.455000 0.000000
vt -0.565221 1.455000 0.000000
vt -0.564297 1.455000 0.000000
vt -0.563368 1.455000 0.000000
vt -0.562432 1.455000 0.000000
vt -0.561491 1.455000 0.000000
vt -0.560543 1.455000 0.000000
vt -0.559589 1.455000 0.000000
vt -0.558629 1.455000 0.000000
vt -0.557663 1.455000 0.000000
vt -0.556691 1.455000 0.000000
vt -0.555712 1.455000 0.000000
vt -0.554727 1.455000 0.000000
vt -0.553736 1.455000 0.000000
vt -0.552738 1.455000 0.000000
vt -0.551737 1.455000 0.000000
vt -0.551737 1.591095 0.000000
vt -0.552738 1.591095 0.000000
vt -0.553736 1.591095 0.000000
vt -0.554727 1.591095 0.000000
vt -0.555712 1.591095 0.000000
vt -0.556691 1.591095 0.000000
vt -0.557663 1.591095 0.000000
vt -0.558629 1.591095 0.000000
vt -0.559589 1.591095 0.000000
vt -0.560543 1.591095 0.000000
vt -0.561491 1.591095 0.000000
vt -0.562432 1.591095 0.000000
vt -0.563368 1.591095 0.000000
vt -0.564297 1.591095 0.000000
vt -0.565221 1.591095 0.000000
vt -1.455000 -0.591705 0.000000
vt -1.591095 -0.591705 0.000000
vt -1.591095 -0.617725 0.000000
vt -1.591095 -0.643744 0.000000
vt -1.591095 -0.669764 0.000000
vt -1.591095 -0.695784 0.000000
vt -0.000000 -0.695784 0.000000
vt -0.000000 -0.672931 0.000000
vt -0.000000 -0.650078 0.000000
vt -0.000000 -0.627225 0.000000
vt -0.000000 -0.604372 0.000000
vt -0.045000 -0.604372 0.000000
vt -0.045000 -0.591705 0.000000
vt -0.445000 -0.591705 0.000000
vt -0.445000 -0.604372 0.000000
vt -0.515000 -0.604372 0.000000
vt -0.515000 -0.591705 0.000000
vt -0.915000 -0.591705 0.000000
vt -0.915000 -0.604372 0.000000
vt -0.985000 -0.604372 0.000000
vt -0.985000 -0.591705 0.000000
vt -1.385000 -0.591705 0.000000
vt -1.385000 -0.604372 0.000000
vt -1.455000 -0.604372 0.000000
vt 0.200000 0.009413 0.000000
vt -0.200000 0.009413 0.000000
vt -0.200000 -0.075000 0.000000
vt 0.200000 -0.075000 0.000000
vt -0.054957 0.000000 0.000000
vt -0.065587 0.010000 0.000000
vt -0.150000 0.010000 0.000000
vt -0.150000 0.000000 0.000000
vt -0.084413 0.010000 0.000000
vt -0.095043 0.000000 0.000000
vt -0.000000 0.000000 0.000000
vt -0.000000 0.010000 0.000000
vt -0.054957 0.000000 0.000000
vt -0.065587 0.010000 0.000000
vt -0.150000 0.010000 0.000000
vt -0.150000 0.000000 0.000000
vt 0.200000 0.009413 0.000000
vt -0.200000 0.009413 0.000000
vt -0.200000 -0.075000 0.000000
vt 0.200000 -0.075000 0.000000
vt -0.084413 0.010000 0.000000
vt -0.095043 0.000000 0.000000
vt -0.000000 0.000000 0.000000
vt -0.000000 0.010000 0.000000
vt -0.150000 0.003765 0.000000
vt -0.149110 0.004116 0.000000
vt -0.148221 0.004478 0.000000
vt -0.147337 0.004850 0.000000
vt -0.146456 0.005231 0.000000
vt -0.145578 0.005621 0.000000
vt -0.144705 0.006020 0.000000
vt -0.143835 0.006428 0.000000
vt -0.142969 0.006845 0.000000
vt -0.142107 0.007271 0.000000
vt -0.141249 0.007705 0.000000
vt -0.140395 0.008148 0.000000
vt -0.139544 0.008599 0.000000
vt -0.138698 0.009058 0.000000
vt -0.137855 0.009525 0.000000
vt -0.137017 0.010000 0.000000
vt -0.150000 0.010000 0.000000
vt -0.054957 0.000000 0.000000
vt -0.065587 0.010000 0.000000
vt -0.131562 0.010000 0.000000
vt -0.131562 0.000000 0.000000
vt 0.000000 0.003765 0.000000
vt 0.136095 0.003765 0.000000
vt 0.136095 0.000000 0.000000
vt 0.400000 0.000000 0.000000
vt 0.400000 0.010000 0.000000
vt 0.000000 0.010000 0.000000
vt 0.200000 0.009413 0.000000
vt -0.200000 0.009413 0.000000
vt -0.200000 -0.075000 0.000000
vt -0.087300 -0.075000 0.000000
vt -0.032297 -0.053886 0.000000
vt 0.025260 -0.041299 0.000000
vt 0.084056 -0.037526 0.000000
vt 0.142749 -0.042652 0.000000
vt 0.200000 -0.056562 0.000000
vt 0.095043 0.000000 0.000000
vt 0.084413 0.010000 0.000000
vt 0.000000 0.010000 0.000000
vt 0.000000 0.000000 0.000000
vt 0.137017 0.010000 0.000000
vt 0.137853 0.009526 0.000000
vt 0.138694 0.009060 0.000000
vt 0.139540 0.008602 0.000000
vt 0.140389 0.008151 0.000000
vt 0.141243 0.007709 0.000000
vt 0.142100 0.007275 0.000000
vt 0.142962 0.006849 0.000000
vt 0.143828 0.006432 0.000000
vt 0.144698 0.006024 0.000000
vt 0.145572 0.005624 0.000000
vt 0.146449 0.005233 0.000000
vt 0.147331 0.004852 0.000000
vt 0.148217 0.004480 0.000000
vt 0.149107 0.004118 0.000000
vt 0.150000 0.003765 0.000000
vt 0.150000 0.010000 0.000000
vt -0.084413 0.010000 0.000000
vt -0.095043 0.000000 0.000000
vt -0.000000 0.000000 0.000000
vt -0.000000 0.010000 0.000000
vt -0.905000 0.107543 0.000000
vt -0.950000 0.107543 0.000000
vt -0.950000 -0.123764 0.000000
vt -0.936148 -0.104292 0.000000
vt -0.921129 -0.085706 0.000000
vt -0.905000 -0.068074 0.000000
vt -0.905000 -0.012500 0.000000
vt -0.837199 -0.012500 0.000000
vt -0.822604 -0.003511 0.000000
vt -0.807628 0.004827 0.000000
vt -0.792300 0.012500 0.000000
vt -0.905000 0.012500 0.000000
vt 0.065587 0.010000 0.000000
vt 0.054957 0.000000 0.000000
vt 0.150000 0.000000 0.000000
vt 0.150000 0.010000 0.000000
vt 0.200000 0.009413 0.000000
vt -0.200000 0.009413 0.000000
vt -0.200000 -0.075000 0.000000
vt 0.200000 -0.075000 0.000000
vt 0.095043 0.000000 0.000000
vt 0.084413 0.010000 0.000000
vt 0.000000 0.010000 0.000000
vt 0.000000 0.000000 0.000000
vt 0.095043 0.000000 0.000000
vt 0.084413 0.010000 0.000000
vt 0.000000 0.010000 0.000000
vt 0.000000 0.000000 0.000000
vt 0.200000 0.009413 0.000000
vt -0.200000 0.009413 0.000000
vt -0.200000 -0.056562 0.000000
vt -0.142749 -0.042652 0.000000
vt -0.084056 -0.037526 0.000000
vt -0.025260 -0.041299 0.000000
vt 0.032297 -0.053886 0.000000
vt 0.087300 -0.075000 0.000000
vt 0.200000 -0.075000 0.000000
vt 0.065587 0.010000 0.000000
vt 0.054957 0.000000 0.000000
vt 0.150000 0.000000 0.000000
vt 0.150000 0.010000 0.000000
vt 0.065587 0.010000 0.000000
vt 0.054957 0.000000 0.000000
vt 0.131562 0.000000 0.000000
vt 0.131562 0.010000 0.000000
vt 0.200000 0.009413 0.000000
vt -0.200000 0.009413 0.000000
vt -0.200000 -0.075000 0.000000
vt 0.200000 -0.075000 0.000000
vt 0.950000 0.107543 0.000000
vt 0.905000 0.107543 0.000000
vt 0.905000 0.012500 0.000000
vt 0.792300 0.012500 0.000000
vt 0.807628 0.004827 0.000000
vt 0.822604 -0.003511 0.000000
vt 0.837199 -0.012500 0.000000
vt 0.905000 -0.012500 0.000000
vt 0.905000 -0.068074 0.000000
vt 0.921129 -0.085706 0.000000
vt 0.936148 -0.104292 0.000000
vt 0.950000 -0.123764 0.000000
vt 0.930000 0.175030 0.000000
vt 0.930000 0.190000 0.000000
vt -0.950000 0.190000 0.000000
vt -0.950000 0.144257 0.000000
vt -1.074833 0.264632 0.000000
vt -1.115074 0.222901 0.000000
vt -0.950000 0.079797 0.000000
vt -0.950000 -0.190000 0.000000
vt -0.798064 -0.190000 0.000000
vt -0.777895 -0.179190 0.000000
vt -0.756936 -0.170005 0.000000
vt -0.735319 -0.162500 0.000000
vt -0.905000 -0.162500 0.000000
vt -0.905000 -0.012500 0.000000
vt -0.505000 -0.012500 0.000000
vt -0.505000 -0.162500 0.000000
vt -0.566870 -0.162500 0.000000
vt -0.545253 -0.170005 0.000000
vt -0.524294 -0.179190 0.000000
vt -0.504125 -0.190000 0.000000
vt 0.265436 -0.190000 0.000000
vt 0.269442 -0.180724 0.000000
vt 0.273688 -0.171556 0.000000
vt 0.278170 -0.162500 0.000000
vt 0.035000 -0.162500 0.000000
vt 0.035000 -0.012500 0.000000
vt 0.413672 -0.012500 0.000000
vt 0.442820 0.004603 0.000000
vt 0.473339 0.019119 0.000000
vt 0.505000 0.030938 0.000000
vt 0.505000 0.107543 0.000000
vt 0.435000 0.107543 0.000000
vt 0.435000 0.012500 0.000000
vt 0.035000 0.012500 0.000000
vt 0.035000 0.107543 0.000000
vt -0.035000 0.107543 0.000000
vt -0.035000 0.012500 0.000000
vt -0.435000 0.012500 0.000000
vt -0.435000 0.107543 0.000000
vt -0.505000 0.107543 0.000000
vt -0.505000 0.012500 0.000000
vt -0.905000 0.012500 0.000000
vt -0.905000 0.162500 0.000000
vt -0.641095 0.162500 0.000000
vt -0.641095 0.175030 0.000000
vt -0.435000 -0.162500 0.000000
vt -0.435000 -0.012500 0.000000
vt -0.035000 -0.012500 0.000000
vt -0.035000 -0.162500 0.000000
vt 0.095043 0.000000 0.000000
vt 0.084413 0.010000 0.000000
vt 0.000000 0.010000 0.000000
vt 0.000000 0.000000 0.000000
vt 0.218467 0.000000 0.000000
vt 0.218467 0.750000 0.000000
vt 0.000000 0.750000 0.000000
vt 0.000000 0.000000 0.000000
vt 0.057973 0.750000 0.000000
vt 0.000000 0.750000 0.000000
vt 0.000000 0.000000 0.000000
vt 0.057973 0.000000 0.000000
vt 0.006093 0.750000 0.000000
vt 0.006093 0.000000 0.000000
vt 0.179510 0.000000 0.000000
vt 0.179510 0.750000 0.000000
vt 0.334257 0.375000 0.000000
vt 0.334257 -0.375000 0.000000
vt 0.380000 -0.375000 0.000000
vt 0.380000 0.375000 0.000000
vt 0.000000 0.000000 0.000000
vt 0.229487 0.000000 0.000000
vt 0.229487 0.040000 0.000000
vt 0.000000 0.040000 0.000000
vt 0.000000 0.000000 0.000000
vt 0.471787 0.000000 0.000000
vt 0.471787 0.040000 0.000000
vt 0.000000 0.040000 0.000000
vt 0.000000 0.000000 0.000000
vt 0.229487 0.000000 0.000000
vt 0.229487 0.040000 0.000000
vt 0.000000 0.040000 0.000000
vt 0.000000 0.000000 0.000000
vt 0.471787 0.000000 0.000000
vt 0.471787 0.040000 0.000000
vt 0.000000 0.040000 0.000000
vt -0.235894 -0.114743 0.000000
vt 0.235894 -0.114743 0.000000
vt 0.235894 0.114743 0.000000
vt -0.235894 0.114743 0.000000
vt 0.000000 0.000000 0.000000
vt 0.580000 0.000000 0.000000
vt 0.580000 0.040000 0.000000
vt 0.000000 0.040000 0.000000
vt -0.290000 -0.018174 0.000000
vt 0.290000 -0.018174 0.000000
vt 0.290000 0.018174 0.000000
vt -0.290000 0.018174 0.000000
vt 0.371080 -0.120000 0.000000
vt -0.364564 -0.120000 0.000000
vt -0.364564 -0.083652 0.000000
vt -0.324564 -0.083652 0.000000
vt -0.324564 0.216236 0.000000
vt -0.356600 0.157914 0.000000
vt -0.378254 0.094994 0.000000
vt -0.388897 0.029310 0.000000
vt -0.388219 -0.037228 0.000000
vt -0.376240 -0.102682 0.000000
vt -0.353308 -0.165147 0.000000
vt -0.320091 -0.222805 0.000000
vt -0.277556 -0.273976 0.000000
vt -0.226941 -0.317172 0.000000
vt -0.169719 -0.351134 0.000000
vt -0.107557 -0.374875 0.000000
vt -0.042264 -0.387703 0.000000
vt 0.024260 -0.389245 0.000000
vt 0.090077 -0.379455 0.000000
vt 0.153272 -0.358619 0.000000
vt 0.212005 -0.327344 0.000000
vt 0.264567 -0.286539 0.000000
vt 0.309427 -0.237393 0.000000
vt 0.345279 -0.181336 0.000000
vt 0.310380 -0.371616 0.000000
vt 0.081182 -0.371616 0.000000
vt 0.060805 -0.387065 0.000000
vt 0.040820 -0.397568 0.000000
vt 0.020490 -0.403886 0.000000
vt 0.000000 -0.405993 0.000000
vt -0.083715 -0.404022 0.000000
vt -0.166623 -0.398141 0.000000
vt -0.247917 -0.388403 0.000000
vt -0.326810 -0.374896 0.000000
vt -0.402543 -0.357761 0.000000
vt -0.474379 -0.337162 0.000000
vt -0.541623 -0.313304 0.000000
vt -0.603620 -0.286421 0.000000
vt -0.659773 -0.256783 0.000000
vt -0.709530 -0.224687 0.000000
vt -0.752416 -0.190458 0.000000
vt -0.788018 -0.154447 0.000000
vt -0.816009 -0.117024 0.000000
vt -0.836147 -0.078566 0.000000
vt -0.848279 -0.039444 0.000000
vt -0.852330 0.000000 0.000000
vt -0.848279 0.039444 0.000000
vt -0.836147 0.078566 0.000000
vt -0.816009 0.117024 0.000000
vt -0.788018 0.154447 0.000000
vt -0.752416 0.190458 0.000000
vt -0.709530 0.224687 0.000000
vt -0.659773 0.256783 0.000000
vt -0.603620 0.286421 0.000000
vt -0.541623 0.313304 0.000000
vt -0.474379 0.337162 0.000000
vt -0.402543 0.357761 0.000000
vt -0.326810 0.374896 0.000000
vt -0.247917 0.388403 0.000000
vt -0.166623 0.398141 0.000000
vt -0.083715 0.404022 0.000000
vt 0.000000 0.405993 0.000000
vt 0.020490 0.403886 0.000000
vt 0.040820 0.397568 0.000000
vt 0.060805 0.387065 0.000000
vt 0.081182 0.371616 0.000000
vt 0.310380 0.371616 0.000000
vt 0.310380 0.286616 0.000000
vt 0.610269 0.286616 0.000000
vt 0.610269 -0.286616 0.000000
vt 0.310380 -0.286616 0.000000
vt 0.000000 -0.409377 0.000000
vt 0.021174 -0.407200 0.000000
vt 0.042122 -0.400691 0.000000
vt 0.062623 -0.389919 0.000000
vt 0.082457 -0.375000 0.000000
vt 0.313764 -0.375000 0.000000
vt 0.313764 -0.290000 0.000000
vt 0.613652 -0.290000 0.000000
vt 0.613652 0.290000 0.000000
vt 0.313764 0.290000 0.000000
vt 0.313764 0.375000 0.000000
vt 0.082457 0.375000 0.000000
vt 0.062623 0.389919 0.000000
vt 0.042122 0.400691 0.000000
vt 0.021174 0.407200 0.000000
vt 0.000000 0.409377 0.000000
vt -0.083875 0.407406 0.000000
vt -0.166941 0.401511 0.000000
vt -0.248400 0.391750 0.000000
vt -0.327467 0.378215 0.000000
vt -0.403381 0.361039 0.000000
vt -0.475409 0.340385 0.000000
vt -0.542859 0.316453 0.000000
vt -0.605081 0.289473 0.000000
vt -0.661475 0.259706 0.000000
vt -0.711500 0.227438 0.000000
vt -0.754672 0.192979 0.000000
vt -0.790576 0.156662 0.000000
vt -0.818867 0.118836 0.000000
vt -0.839271 0.079866 0.000000
vt -0.851593 0.040126 0.000000
vt -0.855713 0.000000 0.000000
vt -0.851593 -0.040126 0.000000
vt -0.839271 -0.079866 0.000000
vt -0.818867 -0.118836 0.000000
vt -0.790576 -0.156662 0.000000
vt -0.754672 -0.192979 0.000000
vt -0.711500 -0.227438 0.000000
vt -0.661475 -0.259706 0.000000
vt -0.605081 -0.289473 0.000000
vt -0.542859 -0.316453 0.000000
vt -0.475409 -0.340385 0.000000
vt -0.403381 -0.361039 0.000000
vt -0.327467 -0.378215 0.000000
vt -0.248400 -0.391750 0.000000
vt -0.166941 -0.401511 0.000000
vt -0.083875 -0.407406 0.000000
vt 0.434088 0.000000 0.000000
vt 0.434088 0.235000 0.000000
vt 0.000000 0.235000 0.000000
vt 0.000000 0.000000 0.000000
vt 0.051861 0.235000 0.000000
vt 0.051861 0.000000 0.000000
vt 0.485949 0.000000 0.000000
vt 0.485949 0.235000 0.000000
vt -0.255674 -0.191114 0.000000
vt 0.255674 -0.191114 0.000000
vt 0.255674 0.242974 0.000000
vt -0.255674 0.242974 0.000000
vt 0.797022 0.254927 0.000000
vt 1.231110 0.254927 0.000000
vt 1.231110 0.290000 0.000000
vt 1.454125 0.290000 0.000000
vt 1.454125 0.375000 0.000000
vt 0.684564 0.375000 0.000000
vt 0.684564 0.290000 0.000000
vt 0.797022 0.290000 0.000000
vt 1.231110 -0.256422 0.000000
vt 0.797022 -0.256422 0.000000
vt 0.797022 -0.290000 0.000000
vt 0.684564 -0.290000 0.000000
vt 0.684564 -0.375000 0.000000
vt 1.454125 -0.375000 0.000000
vt 1.454125 -0.290000 0.000000
vt 1.231110 -0.290000 0.000000
vt 0.033578 0.000000 0.000000
vt 0.033578 0.235000 0.000000
vt 0.544927 0.235000 0.000000
vt 0.544927 0.000000 0.000000
vt 0.580000 0.000000 0.000000
vt 0.580000 0.270000 0.000000
vt 0.000000 0.270000 0.000000
vt 0.000000 0.000000 0.000000
vt 0.151936 0.000000 0.000000
vt 0.108517 0.031248 0.000000
vt 0.071576 0.069940 0.000000
vt 0.042371 0.114759 0.000000
vt 0.021895 0.164179 0.000000
vt 0.010844 0.216520 0.000000
vt 0.009596 0.270000 0.000000
vt 0.000000 0.270000 0.000000
vt 0.000000 0.000000 0.000000
vt 0.588215 0.270000 0.000000
vt 0.586966 0.216520 0.000000
vt 0.575916 0.164179 0.000000
vt 0.555440 0.114759 0.000000
vt 0.526234 0.069940 0.000000
vt 0.489294 0.031248 0.000000
vt 0.445875 0.000000 0.000000
vt 0.668890 0.000000 0.000000
vt 0.668890 0.270000 0.000000
vt 0.659294 0.270000 0.000000
vt 0.658045 0.216520 0.000000
vt 0.646995 0.164179 0.000000
vt 0.626518 0.114759 0.000000
vt 0.597313 0.069940 0.000000
vt 0.560373 0.031248 0.000000
vt 0.516954 0.000000 0.000000
vt 0.668890 0.000000 0.000000
vt 0.668890 0.270000 0.000000
vt 0.223015 0.000000 0.000000
vt 0.179596 0.031248 0.000000
vt 0.142655 0.069940 0.000000
vt 0.113450 0.114759 0.000000
vt 0.092974 0.164179 0.000000
vt 0.081923 0.216520 0.000000
vt 0.080675 0.270000 0.000000
vt 0.000000 0.270000 0.000000
vt 0.000000 0.000000 0.000000
vt 0.546422 0.235000 0.000000
vt 0.546422 0.000000 0.000000
vt 0.580000 0.000000 0.000000
vt 0.580000 0.270000 0.000000
vt 0.000000 0.270000 0.000000
vt 0.000000 0.000000 0.000000
vt 0.035073 0.000000 0.000000
vt 0.035073 0.235000 0.000000
vt -0.290000 0.334445 0.000000
vt -0.290000 0.324849 0.000000
vt -0.290000 -0.253770 0.000000
vt -0.290000 -0.334445 0.000000
vt 0.290000 -0.334445 0.000000
vt 0.290000 -0.253770 0.000000
vt 0.290000 0.324849 0.000000
vt 0.290000 0.334445 0.000000
vt 0.695644 0.270000 0.000000
vt 0.708859 0.216464 0.000000
vt 0.714392 0.161598 0.000000
vt 0.712131 0.106501 0.000000
vt 0.702122 0.052274 0.000000
vt 0.684564 0.000000 0.000000
vt 0.797022 0.000000 0.000000
vt 0.797022 0.270000 0.000000
vt 0.112458 0.000000 0.000000
vt 0.094901 0.052274 0.000000
vt 0.084892 0.106501 0.000000
vt 0.082631 0.161598 0.000000
vt 0.088163 0.216464 0.000000
vt 0.101379 0.270000 0.000000
vt 0.000000 0.270000 0.000000
vt 0.000000 0.000000 0.000000
vt 0.290000 -0.438511 0.000000
vt 0.290000 0.297133 0.000000
vt 0.290000 0.398511 0.000000
vt -0.290000 0.398511 0.000000
vt -0.290000 0.297133 0.000000
vt -0.290000 -0.438511 0.000000
vt 0.289310 -0.020000 0.000000
vt -0.289310 -0.020000 0.000000
vt -0.279551 -0.077144 0.000000
vt -0.258621 -0.131206 0.000000
vt -0.227357 -0.180025 0.000000
vt -0.187007 -0.221649 0.000000
vt -0.139184 -0.254417 0.000000
vt -0.085799 -0.277017 0.000000
vt -0.028986 -0.288548 0.000000
vt 0.028986 -0.288548 0.000000
vt 0.085799 -0.277017 0.000000
vt 0.139184 -0.254417 0.000000
vt 0.187007 -0.221649 0.000000
vt 0.227357 -0.180025 0.000000
vt 0.258621 -0.131206 0.000000
vt 0.279551 -0.077144 0.000000
vt 1.900000 -0.290000 0.000000
vt 1.748064 -0.290000 0.000000
vt 1.748064 -0.375000 0.000000
vt 1.900000 -0.375000 0.000000
vt 1.748064 0.290000 0.000000
vt 1.900000 0.290000 0.000000
vt 1.900000 0.375000 0.000000
vt 1.748064 0.375000 0.000000
vt 0.000000 0.000000 0.000000
vt 0.241892 0.000000 0.000000
vt 0.241892 0.050000 0.000000
vt 0.000000 0.050000 0.000000
vt -0.000000 0.647276 0.000000
vt -0.000000 0.694547 0.000000
vt -0.000000 0.741819 0.000000
vt -0.000000 0.789090 0.000000
vt -0.000000 0.836362 0.000000
vt -0.050000 0.836362 0.000000
vt -0.050000 0.789090 0.000000
vt -0.050000 0.741819 0.000000
vt -0.050000 0.694547 0.000000
vt -0.050000 0.647276 0.000000
vt 0.000000 0.000000 0.000000
vt 0.241892 0.000000 0.000000
vt 0.241892 0.050000 0.000000
vt 0.000000 0.050000 0.000000
vt 0.128950 0.053413 0.000000
vt -0.112942 0.053413 0.000000
vt -0.106993 0.006580 0.000000
vt -0.092865 -0.038466 0.000000
vt -0.071003 -0.080308 0.000000
vt -0.042094 -0.117631 0.000000
vt -0.000000 -0.189086 0.000000
vt -0.000000 -0.141814 0.000000
vt -0.000000 -0.094543 0.000000
vt -0.000000 -0.047271 0.000000
vt -0.000000 0.000000 0.000000
vt -0.050000 0.000000 0.000000
vt -0.050000 -0.047271 0.000000
vt -0.050000 -0.094543 0.000000
vt -0.050000 -0.141814 0.000000
vt -0.050000 -0.189086 0.000000
vt 0.000000 0.000000 0.000000
vt 0.241892 0.000000 0.000000
vt 0.241892 0.050000 0.000000
vt 0.000000 0.050000 0.000000
vt 0.000000 0.000000 0.000000
vt 0.241892 0.000000 0.000000
vt 0.241892 0.050000 0.000000
vt 0.000000 0.050000 0.000000
vt 0.112942 0.053413 0.000000
vt -0.128950 0.053413 0.000000
vt 0.042094 -0.117631 0.000000
vt 0.071003 -0.080308 0.000000
vt 0.092865 -0.038466 0.000000
vt 0.106993 0.006580 0.000000
vt 0.000000 0.000000 0.000000
vt 0.241892 0.000000 0.000000
vt 0.241892 0.050000 0.000000
vt 0.000000 0.050000 0.000000
vt -0.000000 0.647276 0.000000
vt -0.000000 0.694547 0.000000
vt -0.000000 0.741819 0.000000
vt -0.000000 0.789090 0.000000
vt -0.000000 0.836362 0.000000
vt -0.050000 0.836362 0.000000
vt -0.050000 0.789090 0.000000
vt -0.050000 0.741819 0.000000
vt -0.050000 0.694547 0.000000
vt -0.050000 0.647276 0.000000
vt 0.000000 0.000000 0.000000
vt 0.241892 0.000000 0.000000
vt 0.241892 0.050000 0.000000
vt 0.000000 0.050000 0.000000
vt -0.128950 -0.053413 0.000000
vt 0.112942 -0.053413 0.000000
vt 0.106993 -0.006580 0.000000
vt 0.092865 0.038466 0.000000
vt 0.071003 0.080308 0.000000
vt 0.042094 0.117631 0.000000
vt 0.000000 0.000000 0.000000
vt 0.241892 0.000000 0.000000
vt 0.241892 0.050000 0.000000
vt 0.000000 0.050000 0.000000
vt -0.000000 0.647276 0.000000
vt -0.000000 0.694547 0.000000
vt -0.000000 0.741819 0.000000
vt -0.000000 0.789090 0.000000
vt -0.000000 0.836362 0.000000
vt -0.050000 0.836362 0.000000
vt -0.050000 0.789090 0.000000
vt -0.050000 0.741819 0.000000
vt -0.050000 0.694547 0.000000
vt -0.050000 0.647276 0.000000
vt 0.000000 0.000000 0.000000
vt 0.241892 0.000000 0.000000
vt 0.241892 0.050000 0.000000
vt 0.000000 0.050000 0.000000
vt 0.053413 -0.128950 0.000000
vt 0.053413 0.112942 0.000000
vt 0.006580 0.106993 0.000000
vt -0.038466 0.092865 0.000000
vt -0.080308 0.071003 0.000000
vt -0.117631 0.042094 0.000000
vt 0.000000 0.000000 0.000000
vt 0.341128 0.000000 0.000000
vt 0.341128 0.050000 0.000000
vt 0.000000 0.050000 0.000000
vt -0.000000 0.880971 0.000000
vt -0.000000 0.934369 0.000000
vt -0.000000 0.987766 0.000000
vt -0.000000 1.041164 0.000000
vt -0.000000 1.094561 0.000000
vt -0.000000 1.147959 0.000000
vt -0.050000 1.147959 0.000000
vt -0.050000 1.094561 0.000000
vt -0.050000 1.041164 0.000000
vt -0.050000 0.987766 0.000000
vt -0.050000 0.934369 0.000000
vt -0.050000 0.880971 0.000000
vt 0.000000 0.000000 0.000000
vt 0.341128 0.000000 0.000000
vt 0.341128 0.050000 0.000000
vt 0.000000 0.050000 0.000000
vt -0.075379 0.181982 0.000000
vt -0.075379 -0.159146 0.000000
vt -0.022298 -0.153797 0.000000
vt 0.029438 -0.140775 0.000000
vt 0.078727 -0.120359 0.000000
vt 0.124518 -0.092984 0.000000
vt 0.165834 -0.059232 0.000000
vt -0.000000 -0.266987 0.000000
vt -0.000000 -0.213590 0.000000
vt -0.000000 -0.160192 0.000000
vt -0.000000 -0.106795 0.000000
vt -0.000000 -0.053397 0.000000
vt -0.000000 0.000000 0.000000
vt -0.050000 0.000000 0.000000
vt -0.050000 -0.053397 0.000000
vt -0.050000 -0.106795 0.000000
vt -0.050000 -0.160192 0.000000
vt -0.050000 -0.213590 0.000000
vt -0.050000 -0.266987 0.000000
vt 0.000000 0.000000 0.000000
vt 0.341128 0.000000 0.000000
vt 0.341128 0.050000 0.000000
vt 0.000000 0.050000 0.000000
vt 0.000000 0.000000 0.000000
vt 0.341128 0.000000 0.000000
vt 0.341128 0.050000 0.000000
vt 0.000000 0.050000 0.000000
vt 0.059232 0.165834 0.000000
vt -0.181982 -0.075379 0.000000
vt 0.159146 -0.075379 0.000000
vt 0.153797 -0.022298 0.000000
vt 0.140775 0.029438 0.000000
vt 0.120359 0.078727 0.000000
vt 0.092984 0.124518 0.000000
vt -0.000000 -0.266987 0.000000
vt -0.000000 -0.213590 0.000000
vt -0.000000 -0.160192 0.000000
vt -0.000000 -0.106795 0.000000
vt -0.000000 -0.053397 0.000000
vt -0.000000 0.000000 0.000000
vt -0.050000 0.000000 0.000000
vt -0.050000 -0.053397 0.000000
vt -0.050000 -0.106795 0.000000
vt -0.050000 -0.160192 0.000000
vt -0.050000 -0.213590 0.000000
vt -0.050000 -0.266987 0.000000
vt 0.000000 0.000000 0.000000
vt 0.341128 0.000000 0.000000
vt 0.341128 0.050000 0.000000
vt 0.000000 0.050000 0.000000
vt 0.000000 0.000000 0.000000
vt 0.341128 0.000000 0.000000
vt 0.341128 0.050000 0.000000
vt 0.000000 0.050000 0.000000
vt -0.059232 -0.165834 0.000000
vt 0.181982 0.075379 0.000000
vt -0.159146 0.075379 0.000000
vt -0.153797 0.022298 0.000000
vt -0.140775 -0.029438 0.000000
vt -0.120359 -0.078727 0.000000
vt -0.092984 -0.124518 0.000000
vt 0.000000 0.000000 0.000000
vt 0.341128 0.000000 0.000000
vt 0.341128 0.050000 0.000000
vt 0.000000 0.050000 0.000000
vt -0.000000 0.880971 0.000000
vt -0.000000 0.934369 0.000000
vt -0.000000 0.987766 0.000000
vt -0.000000 1.041164 0.000000
vt -0.000000 1.094561 0.000000
vt -0.000000 1.147959 0.000000
vt -0.050000 1.147959 0.000000
vt -0.050000 1.094561 0.000000
vt -0.050000 1.041164 0.000000
vt -0.050000 0.987766 0.000000
vt -0.050000 0.934369 0.000000
vt -0.050000 0.880971 0.000000
vt 0.000000 0.000000 0.000000
vt 0.341128 0.000000 0.000000
vt 0.341128 0.050000 0.000000
vt 0.000000 0.050000 0.000000
vt 0.181982 -0.075379 0.000000
vt -0.059232 0.165834 0.000000
vt -0.092984 0.124518 0.000000
vt -0.120359 0.078727 0.000000
vt -0.140775 0.029438 0.000000
vt -0.153797 -0.022298 0.000000
vt -0.159146 -0.075379 0.000000
vt 0.000000 0.000000 0.000000
vt 0.341128 0.000000 0.000000
vt 0.341128 0.050000 0.000000
vt 0.000000 0.050000 0.000000
vt -0.000000 0.880971 0.000000
vt -0.000000 0.934369 0.000000
vt -0.000000 0.987766 0.000000
vt -0.000000 1.041164 0.000000
vt -0.000000 1.094561 0.000000
vt -0.000000 1.147959 0.000000
vt -0.050000 1.147959 0.000000
vt -0.050000 1.094561 0.000000
vt -0.050000 1.041164 0.000000
vt -0.050000 0.987766 0.000000
vt -0.050000 0.934369 0.000000
vt -0.050000 0.880971 0.000000
vt 0.000000 0.000000 0.000000
vt 0.341128 0.000000 0.000000
vt 0.341128 0.050000 0.000000
vt 0.000000 0.050000 0.000000
vt 0.075379 -0.181982 0.000000
vt 0.075379 0.159146 0.000000
vt 0.022298 0.153797 0.000000
vt -0.029438 0.140775 0.000000
vt -0.078727 0.120359 0.000000
vt -0.124518 0.092984 0.000000
vt -0.165834 0.059232 0.000000
vt -0.000000 -0.266987 0.000000
vt -0.000000 -0.213590 0.000000
vt -0.000000 -0.160192 0.000000
vt -0.000000 -0.106795 0.000000
vt -0.000000 -0.053397 0.000000
vt -0.000000 0.000000 0.000000
vt -0.050000 0.000000 0.000000
vt -0.050000 -0.053397 0.000000
vt -0.050000 -0.106795 0.000000
vt -0.050000 -0.160192 0.000000
vt -0.050000 -0.213590 0.000000
vt -0.050000 -0.266987 0.000000
vt 0.000000 0.000000 0.000000
vt 0.341128 0.000000 0.000000
vt 0.341128 0.050000 0.000000
vt 0.000000 0.050000 0.000000
vt 0.000000 0.000000 0.000000
vt 0.341128 0.000000 0.000000
vt 0.341128 0.050000 0.000000
vt 0.000000 0.050000 0.000000
vt 0.075379 -0.159146 0.000000
vt 0.075379 0.181982 0.000000
vt -0.165834 -0.059232 0.000000
vt -0.124518 -0.092984 0.000000
vt -0.078727 -0.120359 0.000000
vt -0.029438 -0.140775 0.000000
vt 0.022298 -0.153797 0.000000
vt -0.000000 -0.266987 0.000000
vt -0.000000 -0.213590 0.000000
vt -0.000000 -0.160192 0.000000
vt -0.000000 -0.106795 0.000000
vt -0.000000 -0.053397 0.000000
vt -0.000000 0.000000 0.000000
vt -0.050000 0.000000 0.000000
vt -0.050000 -0.053397 0.000000
vt -0.050000 -0.106795 0.000000
vt -0.050000 -0.160192 0.000000
vt -0.050000 -0.213590 0.000000
vt -0.050000 -0.266987 0.000000
vt 0.000000 0.000000 0.000000
vt 0.341128 0.000000 0.000000
vt 0.341128 0.050000 0.000000
vt 0.000000 0.050000 0.000000
vt 0.000000 0.000000 0.000000
vt 0.341128 0.000000 0.000000
vt 0.341128 0.050000 0.000000
vt 0.000000 0.050000 0.000000
vt -0.075379 0.159146 0.000000
vt -0.075379 -0.181982 0.000000
vt 0.165834 0.059232 0.000000
vt 0.124518 0.092984 0.000000
vt 0.078727 0.120359 0.000000
vt 0.029438 0.140775 0.000000
vt -0.022298 0.153797 0.000000
vt 0.000000 0.000000 0.000000
vt 0.341128 0.000000 0.000000
vt 0.341128 0.050000 0.000000
vt 0.000000 0.050000 0.000000
vt -0.000000 0.880971 0.000000
vt -0.000000 0.934369 0.000000
vt -0.000000 0.987766 0.000000
vt -0.000000 1.041164 0.000000
vt -0.000000 1.094561 0.000000
vt -0.000000 1.147959 0.000000
vt -0.050000 1.147959 0.000000
vt -0.050000 1.094561 0.000000
vt -0.050000 1.041164 0.000000
vt -0.050000 0.987766 0.000000
vt -0.050000 0.934369 0.000000
vt -0.050000 0.880971 0.000000
vt 0.000000 0.000000 0.000000
vt 0.341128 0.000000 0.000000
vt 0.341128 0.050000 0.000000
vt 0.000000 0.050000 0.000000
vt -0.181982 0.075379 0.000000
vt 0.059232 -0.165834 0.000000
vt 0.092984 -0.124518 0.000000
vt 0.120359 -0.078727 0.000000
vt 0.140775 -0.029438 0.000000
vt 0.153797 0.022298 0.000000
vt 0.159146 0.075379 0.000000
vt -0.000000 -0.189086 0.000000
vt -0.000000 -0.141814 0.000000
vt -0.000000 -0.094543 0.000000
vt -0.000000 -0.047271 0.000000
vt -0.000000 0.000000 0.000000
vt -0.050000 0.000000 0.000000
vt -0.050000 -0.047271 0.000000
vt -0.050000 -0.094543 0.000000
vt -0.050000 -0.141814 0.000000
vt -0.050000 -0.189086 0.000000
vt 0.000000 0.000000 0.000000
vt 0.241892 0.000000 0.000000
vt 0.241892 0.050000 0.000000
vt 0.000000 0.050000 0.000000
vt 0.000000 0.000000 0.000000
vt 0.241892 0.000000 0.000000
vt 0.241892 0.050000 0.000000
vt 0.000000 0.050000 0.000000
vt -0.112942 -0.053413 0.000000
vt 0.128950 -0.053413 0.000000
vt -0.042094 0.117631 0.000000
vt -0.071003 0.080308 0.000000
vt -0.092865 0.038466 0.000000
vt -0.106993 -0.006580 0.000000
vt -0.000000 -0.189086 0.000000
vt -0.000000 -0.141814 0.000000
vt -0.000000 -0.094543 0.000000
vt -0.000000 -0.047271 0.000000
vt -0.000000 0.000000 0.000000
vt -0.050000 0.000000 0.000000
vt -0.050000 -0.047271 0.000000
vt -0.050000 -0.094543 0.000000
vt -0.050000 -0.141814 0.000000
vt -0.050000 -0.189086 0.000000
vt 0.000000 0.000000 0.000000
vt 0.241892 0.000000 0.000000
vt 0.241892 0.050000 0.000000
vt 0.000000 0.050000 0.000000
vt 0.000000 0.000000 0.000000
vt 0.241892 0.000000 0.000000
vt 0.241892 0.050000 0.000000
vt 0.000000 0.050000 0.000000
vt -0.053413 0.112942 0.000000
vt -0.053413 -0.128950 0.000000
vt 0.117631 0.042094 0.000000
vt 0.080308 0.071003 0.000000
vt 0.038466 0.092865 0.000000
vt -0.006580 0.106993 0.000000
vt 0.000000 0.000000 0.000000
vt 0.241892 0.000000 0.000000
vt 0.241892 0.050000 0.000000
vt 0.000000 0.050000 0.000000
vt -0.000000 0.647276 0.000000
vt -0.000000 0.694547 0.000000
vt -0.000000 0.741819 0.000000
vt -0.000000 0.789090 0.000000
vt -0.000000 0.836362 0.000000
vt -0.050000 0.836362 0.000000
vt -0.050000 0.789090 0.000000
vt -0.050000 0.741819 0.000000
vt -0.050000 0.694547 0.000000
vt -0.050000 0.647276 0.000000
vt 0.000000 0.000000 0.000000
vt 0.241892 0.000000 0.000000
vt 0.241892 0.050000 0.000000
vt 0.000000 0.050000 0.000000
vt -0.053413 0.128950 0.000000
vt -0.053413 -0.112942 0.000000
vt -0.006580 -0.106993 0.000000
vt 0.038466 -0.092865 0.000000
vt 0.080308 -0.071003 0.000000
vt 0.117631 -0.042094 0.000000
vt -0.000000 -0.189086 0.000000
vt -0.000000 -0.141814 0.000000
vt -0.000000 -0.094543 0.000000
vt -0.000000 -0.047271 0.000000
vt -0.000000 0.000000 0.000000
vt -0.050000 0.000000 0.000000
vt -0.050000 -0.047271 0.000000
vt -0.050000 -0.094543 0.000000
vt -0.050000 -0.141814 0.000000
vt -0.050000 -0.189086 0.000000
vt 0.000000 0.000000 0.000000
vt 0.241892 0.000000 0.000000
vt 0.241892 0.050000 0.000000
vt 0.000000 0.050000 0.000000
vt 0.000000 0.000000 0.000000
vt 0.241892 0.000000 0.000000
vt 0.241892 0.050000 0.000000
vt 0.000000 0.050000 0.000000
vt 0.053413 -0.112942 0.000000
vt 0.053413 0.128950 0.000000
vt -0.117631 -0.042094 0.000000
vt -0.080308 -0.071003 0.000000
vt -0.038466 -0.092865 0.000000
vt 0.006580 -0.106993 0.000000
vt 0.085000 -0.911062 0.000000
vt 0.085000 -0.854120 0.000000
vt 0.085000 -0.797179 0.000000
vt 0.085000 -0.740238 0.000000
vt 0.085000 -0.683296 0.000000
vt 0.085000 -0.626355 0.000000
vt 0.085000 -0.569414 0.000000
vt 0.085000 -0.512472 0.000000
vt 0.085000 -0.455531 0.000000
vt 0.085000 -0.398590 0.000000
vt 0.085000 -0.341648 0.000000
vt 0.085000 -0.284707 0.000000
vt 0.085000 -0.227765 0.000000
vt 0.085000 -0.170824 0.000000
vt 0.085000 -0.113883 0.000000
vt 0.085000 -0.056941 0.000000
vt 0.085000 0.000000 0.000000
vt 0.085000 0.056941 0.000000
vt 0.085000 0.113883 0.000000
vt 0.085000 0.170824 0.000000
vt 0.085000 0.227765 0.000000
vt 0.085000 0.284707 0.000000
vt 0.085000 0.341648 0.000000
vt 0.085000 0.398590 0.000000
vt 0.085000 0.455531 0.000000
vt 0.085000 0.512472 0.000000
vt 0.085000 0.569414 0.000000
vt 0.085000 0.626355 0.000000
vt 0.085000 0.683296 0.000000
vt 0.085000 0.740238 0.000000
vt 0.085000 0.797179 0.000000
vt 0.085000 0.854120 0.000000
vt -0.085000 -0.301408 0.000000
vt 0.000000 -0.301408 0.000000
vt 0.000000 -0.324297 0.000000
vt 0.000000 -0.347186 0.000000
vt 0.000000 -0.370075 0.000000
vt -0.010000 -0.370075 0.000000
vt -0.010000 -0.427046 0.000000
vt -0.010000 -0.484016 0.000000
vt -0.010000 -0.540987 0.000000
vt 0.000000 -0.540987 0.000000
vt 0.000000 -0.563876 0.000000
vt 0.000000 -0.586765 0.000000
vt 0.000000 -0.609654 0.000000
vt -0.085000 -0.609654 0.000000
vt -0.085000 -0.663224 0.000000
vt -0.085000 -0.716795 0.000000
vt -0.085000 -0.770366 0.000000
vt -0.085000 -0.823936 0.000000
vt -0.085000 0.944617 0.000000
vt -0.085000 0.891046 0.000000
vt -0.085000 0.832977 0.000000
vt -0.085000 0.774909 0.000000
vt -0.085000 0.716840 0.000000
vt -0.085000 0.658771 0.000000
vt -0.085000 0.600703 0.000000
vt -0.085000 0.542634 0.000000
vt -0.085000 0.484565 0.000000
vt -0.085000 0.426497 0.000000
vt -0.085000 0.368428 0.000000
vt -0.085000 0.310359 0.000000
vt -0.085000 0.252291 0.000000
vt -0.085000 0.194222 0.000000
vt -0.085000 0.136153 0.000000
vt -0.085000 0.078085 0.000000
vt -0.085000 0.020016 0.000000
vt -0.085000 -0.033555 0.000000
vt -0.085000 -0.087125 0.000000
vt -0.085000 -0.140696 0.000000
vt -0.085000 -0.194267 0.000000
vt -0.085000 -0.247837 0.000000
vt -0.085000 -0.877507 0.000000
vt 0.085000 0.911062 0.000000
vt 0.085000 0.911062 0.000000
vt -0.085000 -0.877507 0.000000
vt 0.289310 -0.020000 0.000000
vt -0.289310 -0.020000 0.000000
vt -0.279551 -0.077144 0.000000
vt -0.258621 -0.131206 0.000000
vt -0.227357 -0.180025 0.000000
vt -0.187007 -0.221649 0.000000
vt -0.139184 -0.254417 0.000000
vt -0.085799 -0.277017 0.000000
vt -0.028986 -0.288548 0.000000
vt 0.028986 -0.288548 0.000000
vt 0.085799 -0.277017 0.000000
vt 0.139184 -0.254417 0.000000
vt 0.187007 -0.221649 0.000000
vt 0.227357 -0.180025 0.000000
vt 0.258621 -0.131206 0.000000
vt 0.279551 -0.077144 0.000000
vt -0.024142 -0.010000 0.000000
vt -0.195186 -0.181044 0.000000
vt -0.224095 -0.143721 0.000000
vt -0.245957 -0.101879 0.000000
vt -0.260085 -0.056833 0.000000
vt -0.266034 -0.010000 0.000000
vt 0.266034 -0.010000 0.000000
vt 0.260085 -0.056833 0.000000
vt 0.245957 -0.101879 0.000000
vt 0.224095 -0.143721 0.000000
vt 0.195186 -0.181044 0.000000
vt 0.024142 -0.010000 0.000000
vt 0.024142 0.010000 0.000000
vt 0.195186 0.181044 0.000000
vt 0.224095 0.143721 0.000000
vt 0.245957 0.101879 0.000000
vt 0.260085 0.056833 0.000000
vt 0.266034 0.010000 0.000000
vt -0.010000 0.024142 0.000000
vt -0.181044 0.195186 0.000000
vt -0.143721 0.224095 0.000000
vt -0.101879 0.245957 0.000000
vt -0.056833 0.260085 0.000000
vt -0.010000 0.266034 0.000000
vt -0.266034 0.010000 0.000000
vt -0.260085 0.056833 0.000000
vt -0.245957 0.101879 0.000000
vt -0.224095 0.143721 0.000000
vt -0.195186 0.181044 0.000000
vt -0.024142 0.010000 0.000000
vt 0.010000 0.266034 0.000000
vt 0.056833 0.260085 0.000000
vt 0.101879 0.245957 0.000000
vt 0.143721 0.224095 0.000000
vt 0.181044 0.195186 0.000000
vt 0.010000 0.024142 0.000000
vt 0.010000 -0.024142 0.000000
vt 0.181044 -0.195186 0.000000
vt 0.143721 -0.224095 0.000000
vt 0.101879 -0.245957 0.000000
vt 0.056833 -0.260085 0.000000
vt 0.010000 -0.266034 0.000000
vt -0.010000 -0.266034 0.000000
vt -0.056833 -0.260085 0.000000
vt -0.101879 -0.245957 0.000000
vt -0.143721 -0.224095 0.000000
vt -0.181044 -0.195186 0.000000
vt -0.010000 -0.024142 0.000000
vt -0.290000 0.000000 0.000000
vt -0.284428 -0.056576 0.000000
vt -0.267925 -0.110978 0.000000
vt -0.241126 -0.161115 0.000000
vt -0.205061 -0.205061 0.000000
vt -0.161115 -0.241126 0.000000
vt -0.110978 -0.267925 0.000000
vt -0.056576 -0.284428 0.000000
vt -0.000000 -0.290000 0.000000
vt 0.056576 -0.284428 0.000000
vt 0.110978 -0.267925 0.000000
vt 0.161115 -0.241126 0.000000
vt 0.205061 -0.205061 0.000000
vt 0.241126 -0.161115 0.000000
vt 0.267925 -0.110978 0.000000
vt 0.284428 -0.056576 0.000000
vt 0.290000 0.000000 0.000000
vt 0.284428 0.056576 0.000000
vt 0.267925 0.110978 0.000000
vt 0.241126 0.161115 0.000000
vt 0.205061 0.205061 0.000000
vt 0.161115 0.241126 0.000000
vt 0.110978 0.267925 0.000000
vt 0.056576 0.284428 0.000000
vt -0.000000 0.290000 0.000000
vt -0.056576 0.284428 0.000000
vt -0.110978 0.267925 0.000000
vt -0.161115 0.241126 0.000000
vt -0.205061 0.205061 0.000000
vt -0.241126 0.161115 0.000000
vt -0.267925 0.110978 0.000000
vt -0.284428 0.056576 0.000000
vt 0.000000 -1.071253 0.000000
vt -0.085000 -1.071253 0.000000
vt -0.085000 -1.126442 0.000000
vt -0.085000 1.268811 0.000000
vt -0.085000 1.213621 0.000000
vt -0.085000 1.158432 0.000000
vt -0.085000 1.103242 0.000000
vt -0.085000 1.036620 0.000000
vt -0.085000 0.969997 0.000000
vt -0.085000 0.903375 0.000000
vt -0.085000 0.836753 0.000000
vt -0.085000 0.770130 0.000000
vt -0.085000 0.703508 0.000000
vt -0.085000 0.636886 0.000000
vt -0.085000 0.570264 0.000000
vt -0.085000 0.503641 0.000000
vt -0.085000 0.437019 0.000000
vt -0.085000 0.370396 0.000000
vt -0.085000 0.303774 0.000000
vt -0.085000 0.237152 0.000000
vt -0.085000 0.170530 0.000000
vt -0.085000 0.103907 0.000000
vt -0.085000 0.037285 0.000000
vt -0.085000 -0.029337 0.000000
vt -0.085000 -0.095960 0.000000
vt -0.085000 -0.162582 0.000000
vt -0.085000 -0.229204 0.000000
vt 0.000000 -0.229204 0.000000
vt 0.000000 -0.253104 0.000000
vt 0.000000 -0.277004 0.000000
vt 0.000000 -0.300904 0.000000
vt -0.010000 -0.300904 0.000000
vt -0.010000 -0.330188 0.000000
vt -0.010000 -0.359472 0.000000
vt -0.010000 -0.388756 0.000000
vt 0.000000 -0.388756 0.000000
vt 0.000000 -0.405899 0.000000
vt 0.000000 -0.423041 0.000000
vt 0.000000 -0.440183 0.000000
vt -0.010000 -0.440183 0.000000
vt -0.010000 -0.499156 0.000000
vt -0.010000 -0.558129 0.000000
vt -0.010000 -0.617102 0.000000
vt -0.010000 -0.676075 0.000000
vt -0.010000 -0.735048 0.000000
vt 0.000000 -0.735048 0.000000
vt 0.000000 -0.768853 0.000000
vt 0.000000 -0.802659 0.000000
vt 0.000000 -0.836465 0.000000
vt -0.010000 -0.836465 0.000000
vt -0.010000 -0.887584 0.000000
vt -0.010000 -0.938702 0.000000
vt -0.010000 -0.989821 0.000000
vt -0.010000 -1.040940 0.000000
vt 0.000000 -1.040940 0.000000
vt 0.000000 -1.051044 0.000000
vt 0.000000 -1.061148 0.000000
vt 0.085000 -1.225221 0.000000
vt 0.085000 -1.158993 0.000000
vt 0.085000 -1.092765 0.000000
vt 0.085000 -1.026537 0.000000
vt 0.085000 -0.960308 0.000000
vt 0.085000 -0.894080 0.000000
vt 0.085000 -0.827852 0.000000
vt 0.085000 -0.761624 0.000000
vt 0.085000 -0.695396 0.000000
vt 0.085000 -0.629168 0.000000
vt 0.085000 -0.562939 0.000000
vt 0.085000 -0.496711 0.000000
vt 0.085000 -0.430483 0.000000
vt 0.085000 -0.364255 0.000000
vt 0.085000 -0.298027 0.000000
vt 0.085000 -0.231799 0.000000
vt 0.085000 -0.165570 0.000000
vt 0.085000 -0.099342 0.000000
vt 0.085000 -0.033114 0.000000
vt 0.085000 0.033114 0.000000
vt 0.085000 0.099342 0.000000
vt 0.085000 0.165570 0.000000
vt 0.085000 0.231799 0.000000
vt 0.085000 0.298027 0.000000
vt 0.085000 0.364255 0.000000
vt 0.085000 0.430483 0.000000
vt 0.085000 0.496711 0.000000
vt 0.085000 0.562939 0.000000
vt 0.085000 0.629168 0.000000
vt 0.085000 0.695396 0.000000
vt 0.085000 0.761624 0.000000
vt 0.085000 0.827852 0.000000
vt 0.085000 0.894080 0.000000
vt 0.085000 0.960308 0.000000
vt 0.085000 1.026537 0.000000
vt 0.085000 1.092765 0.000000
vt 0.085000 1.158993 0.000000
vt -0.085000 -1.181632 0.000000
vt -0.085000 -1.181632 0.000000
vt 0.085000 1.225221 0.000000
vt 0.085000 1.225221 0.000000
vt 0.010000 -0.024142 0.000000
vt 0.251214 -0.265356 0.000000
vt 0.209897 -0.299107 0.000000
vt 0.164106 -0.326483 0.000000
vt 0.114817 -0.346899 0.000000
vt 0.063081 -0.359920 0.000000
vt 0.010000 -0.365270 0.000000
vt 0.265356 0.251214 0.000000
vt 0.299107 0.209897 0.000000
vt 0.326483 0.164106 0.000000
vt 0.346899 0.114817 0.000000
vt 0.359920 0.063081 0.000000
vt 0.365270 0.010000 0.000000
vt 0.024142 0.010000 0.000000
vt -0.265356 -0.251214 0.000000
vt -0.299107 -0.209897 0.000000
vt -0.326483 -0.164106 0.000000
vt -0.346899 -0.114817 0.000000
vt -0.359920 -0.063081 0.000000
vt -0.365270 -0.010000 0.000000
vt -0.024142 -0.010000 0.000000
vt -0.024142 0.010000 0.000000
vt -0.365270 0.010000 0.000000
vt -0.359920 0.063081 0.000000
vt -0.346899 0.114817 0.000000
vt -0.326483 0.164106 0.000000
vt -0.299107 0.209897 0.000000
vt -0.265356 0.251214 0.000000
vt -0.010000 0.024142 0.000000
vt -0.251214 0.265356 0.000000
vt -0.209897 0.299107 0.000000
vt -0.164106 0.326483 0.000000
vt -0.114817 0.346899 0.000000
vt -0.063081 0.359920 0.000000
vt -0.010000 0.365270 0.000000
vt -0.010000 -0.365270 0.000000
vt -0.063081 -0.359920 0.000000
vt -0.114817 -0.346899 0.000000
vt -0.164106 -0.326483 0.000000
vt -0.209897 -0.299107 0.000000
vt -0.251214 -0.265356 0.000000
vt -0.010000 -0.024142 0.000000
vt 0.010000 0.365270 0.000000
vt 0.063081 0.359920 0.000000
vt 0.114817 0.346899 0.000000
vt 0.164106 0.326483 0.000000
vt 0.209897 0.299107 0.000000
vt 0.251214 0.265356 0.000000
vt 0.010000 0.024142 0.000000
vt 0.024142 -0.010000 0.000000
vt 0.365270 -0.010000 0.000000
vt 0.359920 -0.063081 0.000000
vt 0.346899 -0.114817 0.000000
vt 0.326483 -0.164106 0.000000
vt 0.299107 -0.209897 0.000000
vt 0.265356 -0.251214 0.000000
vt -0.390000 0.000000 0.000000
vt -0.384390 -0.065910 0.000000
vt -0.367722 -0.129925 0.000000
vt -0.340475 -0.190201 0.000000
vt -0.303434 -0.245006 0.000000
vt -0.257663 -0.292762 0.000000
vt -0.204480 -0.332096 0.000000
vt -0.145414 -0.361877 0.000000
vt -0.082165 -0.381247 0.000000
vt -0.016552 -0.389649 0.000000
vt 0.049537 -0.386841 0.000000
vt 0.114201 -0.372905 0.000000
vt 0.175579 -0.348241 0.000000
vt 0.231907 -0.313559 0.000000
vt 0.281563 -0.269856 0.000000
vt 0.323119 -0.218390 0.000000
vt 0.355379 -0.160641 0.000000
vt 0.377416 -0.098271 0.000000
vt 0.388595 -0.033074 0.000000
vt 0.388595 0.033074 0.000000
vt 0.377416 0.098271 0.000000
vt 0.355379 0.160641 0.000000
vt 0.323119 0.218390 0.000000
vt 0.281563 0.269856 0.000000
vt 0.231907 0.313559 0.000000
vt 0.175579 0.348241 0.000000
vt 0.114201 0.372905 0.000000
vt 0.049537 0.386841 0.000000
vt -0.016552 0.389649 0.000000
vt -0.082165 0.381247 0.000000
vt -0.145414 0.361877 0.000000
vt -0.204480 0.332096 0.000000
vt -0.257663 0.292762 0.000000
vt -0.303434 0.245006 0.000000
vt -0.340475 0.190201 0.000000
vt -0.367722 0.129925 0.000000
vt -0.384390 0.065910 0.000000
vt 0.169681 0.000000 0.000000
vt 0.169681 0.010000 0.000000
vt 0.000000 0.010000 0.000000
vt 0.000000 0.000000 0.000000
vt 0.243170 0.000000 0.000000
vt 0.243170 0.010000 0.000000
vt 0.000000 0.010000 0.000000
vt 0.000000 0.000000 0.000000
vt 0.043170 -0.075000 0.000000
vt 0.069347 -0.031135 0.000000
vt 0.101034 0.008932 0.000000
vt 0.137685 0.044514 0.000000
vt 0.178672 0.075000 0.000000
vt -0.200000 0.075000 0.000000
vt -0.200000 -0.075000 0.000000
vt 0.021328 0.010000 0.000000
vt 0.021328 0.000000 0.000000
vt 0.400000 0.000000 0.000000
vt 0.400000 0.010000 0.000000
vt -0.241892 0.000000 0.000000
vt -0.000000 0.000000 0.000000
vt -0.000000 0.050000 0.000000
vt -0.241892 0.050000 0.000000
vt 0.000000 0.836362 0.000000
vt 0.000000 0.789090 0.000000
vt 0.000000 0.741819 0.000000
vt 0.000000 0.694547 0.000000
vt 0.000000 0.647276 0.000000
vt 0.050000 0.647276 0.000000
vt 0.050000 0.694547 0.000000
vt 0.050000 0.741819 0.000000
vt 0.050000 0.789090 0.000000
vt 0.050000 0.836362 0.000000
vt -0.241892 0.000000 0.000000
vt -0.000000 0.000000 0.000000
vt -0.000000 0.050000 0.000000
vt -0.241892 0.050000 0.000000
vt 0.112942 0.053413 0.000000
vt -0.128950 0.053413 0.000000
vt 0.042094 -0.117631 0.000000
vt 0.071003 -0.080308 0.000000
vt 0.092865 -0.038466 0.000000
vt 0.106993 0.006580 0.000000
vt 0.000000 0.000000 0.000000
vt 0.000000 -0.047271 0.000000
vt 0.000000 -0.094543 0.000000
vt 0.000000 -0.141814 0.000000
vt 0.000000 -0.189086 0.000000
vt 0.050000 -0.189086 0.000000
vt 0.050000 -0.141814 0.000000
vt 0.050000 -0.094543 0.000000
vt 0.050000 -0.047271 0.000000
vt 0.050000 0.000000 0.000000
vt -0.241892 0.000000 0.000000
vt -0.000000 0.000000 0.000000
vt -0.000000 0.050000 0.000000
vt -0.241892 0.050000 0.000000
vt -0.241892 0.000000 0.000000
vt -0.000000 0.000000 0.000000
vt -0.000000 0.050000 0.000000
vt -0.241892 0.050000 0.000000
vt 0.128950 0.053413 0.000000
vt -0.112942 0.053413 0.000000
vt -0.106993 0.006580 0.000000
vt -0.092865 -0.038466 0.000000
vt -0.071003 -0.080308 0.000000
vt -0.042094 -0.117631 0.000000
vt -0.241892 0.000000 0.000000
vt -0.000000 0.000000 0.000000
vt -0.000000 0.050000 0.000000
vt -0.241892 0.050000 0.000000
vt 0.000000 0.836362 0.000000
vt 0.000000 0.789090 0.000000
vt 0.000000 0.741819 0.000000
vt 0.000000 0.694547 0.000000
vt 0.000000 0.647276 0.000000
vt 0.050000 0.647276 0.000000
vt 0.050000 0.694547 0.000000
vt 0.050000 0.741819 0.000000
vt 0.050000 0.789090 0.000000
vt 0.050000 0.836362 0.000000
vt -0.241892 0.000000 0.000000
vt -0.000000 0.000000 0.000000
vt -0.000000 0.050000 0.000000
vt -0.241892 0.050000 0.000000
vt -0.112942 -0.053413 0.000000
vt 0.128950 -0.053413 0.000000
vt -0.042094 0.117631 0.000000
vt -0.071003 0.080308 0.000000
vt -0.092865 0.038466 0.000000
vt -0.106993 -0.006580 0.000000
vt -0.241892 0.000000 0.000000
vt -0.000000 0.000000 0.000000
vt -0.000000 0.050000 0.000000
vt -0.241892 0.050000 0.000000
vt 0.000000 0.836362 0.000000
vt 0.000000 0.789090 0.000000
vt 0.000000 0.741819 0.000000
vt 0.000000 0.694547 0.000000
vt 0.000000 0.647276 0.000000
vt 0.050000 0.647276 0.000000
vt 0.050000 0.694547 0.000000
vt 0.050000 0.741819 0.000000
vt 0.050000 0.789090 0.000000
vt 0.050000 0.836362 0.000000
vt -0.241892 0.000000 0.000000
vt -0.000000 0.000000 0.000000
vt -0.000000 0.050000 0.000000
vt -0.241892 0.050000 0.000000
vt -0.053413 0.112942 0.000000
vt -0.053413 -0.128950 0.000000
vt 0.117631 0.042094 0.000000
vt 0.080308 0.071003 0.000000
vt 0.038466 0.092865 0.000000
vt -0.006580 0.106993 0.000000
vt -0.341128 0.000000 0.000000
vt -0.000000 0.000000 0.000000
vt -0.000000 0.050000 0.000000
vt -0.341128 0.050000 0.000000
vt 0.000000 1.147959 0.000000
vt 0.000000 1.094561 0.000000
vt 0.000000 1.041164 0.000000
vt 0.000000 0.987766 0.000000
vt 0.000000 0.934369 0.000000
vt 0.000000 0.880971 0.000000
vt 0.050000 0.880971 0.000000
vt 0.050000 0.934369 0.000000
vt 0.050000 0.987766 0.000000
vt 0.050000 1.041164 0.000000
vt 0.050000 1.094561 0.000000
vt 0.050000 1.147959 0.000000
vt -0.341128 0.000000 0.000000
vt -0.000000 0.000000 0.000000
vt -0.000000 0.050000 0.000000
vt -0.341128 0.050000 0.000000
vt 0.075379 -0.159146 0.000000
vt 0.075379 0.181982 0.000000
vt -0.165834 -0.059232 0.000000
vt -0.124518 -0.092984 0.000000
vt -0.078727 -0.120359 0.000000
vt -0.029438 -0.140775 0.000000
vt 0.022298 -0.153797 0.000000
vt 0.000000 0.000000 0.000000
vt 0.000000 -0.053397 0.000000
vt 0.000000 -0.106795 0.000000
vt 0.000000 -0.160192 0.000000
vt 0.000000 -0.213590 0.000000
vt 0.000000 -0.266987 0.000000
vt 0.050000 -0.266987 0.000000
vt 0.050000 -0.213590 0.000000
vt 0.050000 -0.160192 0.000000
vt 0.050000 -0.106795 0.000000
vt 0.050000 -0.053397 0.000000
vt 0.050000 0.000000 0.000000
vt -0.341128 0.000000 0.000000
vt -0.000000 0.000000 0.000000
vt -0.000000 0.050000 0.000000
vt -0.341128 0.050000 0.000000
vt -0.341128 0.000000 0.000000
vt -0.000000 0.000000 0.000000
vt -0.000000 0.050000 0.000000
vt -0.341128 0.050000 0.000000
vt 0.181982 -0.075379 0.000000
vt -0.059232 0.165834 0.000000
vt -0.092984 0.124518 0.000000
vt -0.120359 0.078727 0.000000
vt -0.140775 0.029438 0.000000
vt -0.153797 -0.022298 0.000000
vt -0.159146 -0.075379 0.000000
vt 0.000000 0.000000 0.000000
vt 0.000000 -0.053397 0.000000
vt 0.000000 -0.106795 0.000000
vt 0.000000 -0.160192 0.000000
vt 0.000000 -0.213590 0.000000
vt 0.000000 -0.266987 0.000000
vt 0.050000 -0.266987 0.000000
vt 0.050000 -0.213590 0.000000
vt 0.050000 -0.160192 0.000000
vt 0.050000 -0.106795 0.000000
vt 0.050000 -0.053397 0.000000
vt 0.050000 0.000000 0.000000
vt -0.341128 0.000000 0.000000
vt -0.000000 0.000000 0.000000
vt -0.000000 0.050000 0.000000
vt -0.341128 0.050000 0.000000
vt -0.341128 0.000000 0.000000
vt -0.000000 0.000000 0.000000
vt -0.000000 0.050000 0.000000
vt -0.341128 0.050000 0.000000
vt -0.181982 0.075379 0.000000
vt 0.059232 -0.165834 0.000000
vt 0.092984 -0.124518 0.000000
vt 0.120359 -0.078727 0.000000
vt 0.140775 -0.029438 0.000000
vt 0.153797 0.022298 0.000000
vt 0.159146 0.075379 0.000000
vt -0.341128 0.000000 0.000000
vt -0.000000 0.000000 0.000000
vt -0.000000 0.050000 0.000000
vt -0.341128 0.050000 0.000000
vt 0.000000 1.147959 0.000000
vt 0.000000 1.094561 0.000000
vt 0.000000 1.041164 0.000000
vt 0.000000 0.987766 0.000000
vt 0.000000 0.934369 0.000000
vt 0.000000 0.880971 0.000000
vt 0.050000 0.880971 0.000000
vt 0.050000 0.934369 0.000000
vt 0.050000 0.987766 0.000000
vt 0.050000 1.041164 0.000000
vt 0.050000 1.094561 0.000000
vt 0.050000 1.147959 0.000000
vt -0.341128 0.000000 0.000000
vt -0.000000 0.000000 0.000000
vt -0.000000 0.050000 0.000000
vt -0.341128 0.050000 0.000000
vt 0.059232 0.165834 0.000000
vt -0.181982 -0.075379 0.000000
vt 0.159146 -0.075379 0.000000
vt 0.153797 -0.022298 0.000000
vt 0.140775 0.029438 0.000000
vt 0.120359 0.078727 0.000000
vt 0.092984 0.124518 0.000000
vt -0.341128 0.000000 0.000000
vt -0.000000 0.000000 0.000000
vt -0.000000 0.050000 0.000000
vt -0.341128 0.050000 0.000000
vt 0.000000 1.147959 0.000000
vt 0.000000 1.094561 0.000000
vt 0.000000 1.041164 0.000000
vt 0.000000 0.987766 0.000000
vt 0.000000 0.934369 0.000000
vt 0.000000 0.880971 0.000000
vt 0.050000 0.880971 0.000000
vt 0.050000 0.934369 0.000000
vt 0.050000 0.987766 0.000000
vt 0.050000 1.041164 0.000000
vt 0.050000 1.094561 0.000000
vt 0.050000 1.147959 0.000000
vt -0.341128 0.000000 0.000000
vt -0.000000 0.000000 0.000000
vt -0.000000 0.050000 0.000000
vt -0.341128 0.050000 0.000000
vt -0.075379 0.159146 0.000000
vt -0.075379 -0.181982 0.000000
vt 0.165834 0.059232 0.000000
vt 0.124518 0.092984 0.000000
vt 0.078727 0.120359 0.000000
vt 0.029438 0.140775 0.000000
vt -0.022298 0.153797 0.000000
vt 0.000000 0.000000 0.000000
vt 0.000000 -0.053397 0.000000
vt 0.000000 -0.106795 0.000000
vt 0.000000 -0.160192 0.000000
vt 0.000000 -0.213590 0.000000
vt 0.000000 -0.266987 0.000000
vt 0.050000 -0.266987 0.000000
vt 0.050000 -0.213590 0.000000
vt 0.050000 -0.160192 0.000000
vt 0.050000 -0.106795 0.000000
vt 0.050000 -0.053397 0.000000
vt 0.050000 0.000000 0.000000
vt -0.341128 0.000000 0.000000
vt -0.000000 0.000000 0.000000
vt -0.000000 0.050000 0.000000
vt -0.341128 0.050000 0.000000
vt -0.341128 0.000000 0.000000
vt -0.000000 0.000000 0.000000
vt -0.000000 0.050000 0.000000
vt -0.341128 0.050000 0.000000
vt -0.075379 0.181982 0.000000
vt -0.075379 -0.159146 0.000000
vt -0.022298 -0.153797 0.000000
vt 0.029438 -0.140775 0.000000
vt 0.078727 -0.120359 0.000000
vt 0.124518 -0.092984 0.000000
vt 0.165834 -0.059232 0.000000
vt 0.000000 0.000000 0.000000
vt 0.000000 -0.053397 0.000000
vt 0.000000 -0.106795 0.000000
vt 0.000000 -0.160192 0.000000
vt 0.000000 -0.213590 0.000000
vt 0.000000 -0.266987 0.000000
vt 0.050000 -0.266987 0.000000
vt 0.050000 -0.213590 0.000000
vt 0.050000 -0.160192 0.000000
vt 0.050000 -0.106795 0.000000
vt 0.050000 -0.053397 0.000000
vt 0.050000 0.000000 0.000000
vt -0.341128 0.000000 0.000000
vt -0.000000 0.000000 0.000000
vt -0.000000 0.050000 0.000000
vt -0.341128 0.050000 0.000000
vt -0.341128 0.000000 0.000000
vt -0.000000 0.000000 0.000000
vt -0.000000 0.050000 0.000000
vt -0.341128 0.050000 0.000000
vt 0.075379 -0.181982 0.000000
vt 0.075379 0.159146 0.000000
vt 0.022298 0.153797 0.000000
vt -0.029438 0.140775 0.000000
vt -0.078727 0.120359 0.000000
vt -0.124518 0.092984 0.000000
vt -0.165834 0.059232 0.000000
vt -0.341128 0.000000 0.000000
vt -0.000000 0.000000 0.000000
vt -0.000000 0.050000 0.000000
vt -0.341128 0.050000 0.000000
vt 0.000000 1.147959 0.000000
vt 0.000000 1.094561 0.000000
vt 0.000000 1.041164 0.000000
vt 0.000000 0.987766 0.000000
vt 0.000000 0.934369 0.000000
vt 0.000000 0.880971 0.000000
vt 0.050000 0.880971 0.000000
vt 0.050000 0.934369 0.000000
vt 0.050000 0.987766 0.000000
vt 0.050000 1.041164 0.000000
vt 0.050000 1.094561 0.000000
vt 0.050000 1.147959 0.000000
vt -0.341128 0.000000 0.000000
vt -0.000000 0.000000 0.000000
vt -0.000000 0.050000 0.000000
vt -0.341128 0.050000 0.000000
vt -0.059232 -0.165834 0.000000
vt 0.181982 0.075379 0.000000
vt -0.159146 0.075379 0.000000
vt -0.153797 0.022298 0.000000
vt -0.140775 -0.029438 0.000000
vt -0.120359 -0.078727 0.000000
vt -0.092984 -0.124518 0.000000
vt 0.000000 0.000000 0.000000
vt 0.000000 -0.047271 0.000000
vt 0.000000 -0.094543 0.000000
vt 0.000000 -0.141814 0.000000
vt 0.000000 -0.189086 0.000000
vt 0.050000 -0.189086 0.000000
vt 0.050000 -0.141814 0.000000
vt 0.050000 -0.094543 0.000000
vt 0.050000 -0.047271 0.000000
vt 0.050000 0.000000 0.000000
vt -0.241892 0.000000 0.000000
vt -0.000000 0.000000 0.000000
vt -0.000000 0.050000 0.000000
vt -0.241892 0.050000 0.000000
vt -0.241892 0.000000 0.000000
vt -0.000000 0.000000 0.000000
vt -0.000000 0.050000 0.000000
vt -0.241892 0.050000 0.000000
vt -0.128950 -0.053413 0.000000
vt 0.112942 -0.053413 0.000000
vt 0.106993 -0.006580 0.000000
vt 0.092865 0.038466 0.000000
vt 0.071003 0.080308 0.000000
vt 0.042094 0.117631 0.000000
vt 0.000000 0.000000 0.000000
vt 0.000000 -0.047271 0.000000
vt 0.000000 -0.094543 0.000000
vt 0.000000 -0.141814 0.000000
vt 0.000000 -0.189086 0.000000
vt 0.050000 -0.189086 0.000000
vt 0.050000 -0.141814 0.000000
vt 0.050000 -0.094543 0.000000
vt 0.050000 -0.047271 0.000000
vt 0.050000 0.000000 0.000000
vt -0.241892 0.000000 0.000000
vt -0.000000 0.000000 0.000000
vt -0.000000 0.050000 0.000000
vt -0.241892 0.050000 0.000000
vt -0.241892 0.000000 0.000000
vt -0.000000 0.000000 0.000000
vt -0.000000 0.050000 0.000000
vt -0.241892 0.050000 0.000000
vt 0.053413 -0.128950 0.000000
vt 0.053413 0.112942 0.000000
vt 0.006580 0.106993 0.000000
vt -0.038466 0.092865 0.000000
vt -0.080308 0.071003 0.000000
vt -0.117631 0.042094 0.000000
vt -0.241892 0.000000 0.000000
vt -0.000000 0.000000 0.000000
vt -0.000000 0.050000 0.000000
vt -0.241892 0.050000 0.000000
vt 0.000000 0.836362 0.000000
vt 0.000000 0.789090 0.000000
vt 0.000000 0.741819 0.000000
vt 0.000000 0.694547 0.000000
vt 0.000000 0.647276 0.000000
vt 0.050000 0.647276 0.000000
vt 0.050000 0.694547 0.000000
vt 0.050000 0.741819 0.000000
vt 0.050000 0.789090 0.000000
vt 0.050000 0.836362 0.000000
vt -0.241892 0.000000 0.000000
vt -0.000000 0.000000 0.000000
vt -0.000000 0.050000 0.000000
vt -0.241892 0.050000 0.000000
vt 0.053413 -0.112942 0.000000
vt 0.053413 0.128950 0.000000
vt -0.117631 -0.042094 0.000000
vt -0.080308 -0.071003 0.000000
vt -0.038466 -0.092865 0.000000
vt 0.006580 -0.106993 0.000000
vt 0.000000 0.000000 0.000000
vt 0.000000 -0.047271 0.000000
vt 0.000000 -0.094543 0.000000
vt 0.000000 -0.141814 0.000000
vt 0.000000 -0.189086 0.000000
vt 0.050000 -0.189086 0.000000
vt 0.050000 -0.141814 0.000000
vt 0.050000 -0.094543 0.000000
vt 0.050000 -0.047271 0.000000
vt 0.050000 0.000000 0.000000
vt -0.241892 0.000000 0.000000
vt -0.000000 0.000000 0.000000
vt -0.000000 0.050000 0.000000
vt -0.241892 0.050000 0.000000
vt -0.241892 0.000000 0.000000
vt -0.000000 0.000000 0.000000
vt -0.000000 0.050000 0.000000
vt -0.241892 0.050000 0.000000
vt -0.053413 0.128950 0.000000
vt -0.053413 -0.112942 0.000000
vt -0.006580 -0.106993 0.000000
vt 0.038466 -0.092865 0.000000
vt 0.080308 -0.071003 0.000000
vt 0.117631 -0.042094 0.000000
vt -0.000000 -0.301408 0.000000
vt 0.085000 -0.301408 0.000000
vt 0.085000 -0.247837 0.000000
vt 0.085000 -0.194267 0.000000
vt 0.085000 -0.140696 0.000000
vt 0.085000 -0.087125 0.000000
vt 0.085000 -0.033555 0.000000
vt 0.085000 0.020016 0.000000
vt 0.085000 0.078085 0.000000
vt 0.085000 0.136153 0.000000
vt 0.085000 0.194222 0.000000
vt 0.085000 0.252291 0.000000
vt 0.085000 0.310359 0.000000
vt 0.085000 0.368428 0.000000
vt 0.085000 0.426497 0.000000
vt 0.085000 0.484565 0.000000
vt 0.085000 0.542634 0.000000
vt 0.085000 0.600703 0.000000
vt 0.085000 0.658771 0.000000
vt 0.085000 0.716840 0.000000
vt 0.085000 0.774909 0.000000
vt 0.085000 0.832977 0.000000
vt 0.085000 -0.931078 0.000000
vt 0.085000 -0.877507 0.000000
vt 0.085000 -0.823936 0.000000
vt 0.085000 -0.770366 0.000000
vt 0.085000 -0.716795 0.000000
vt 0.085000 -0.663224 0.000000
vt 0.085000 -0.609654 0.000000
vt -0.000000 -0.609654 0.000000
vt -0.000000 -0.586765 0.000000
vt -0.000000 -0.563876 0.000000
vt -0.000000 -0.540987 0.000000
vt 0.010000 -0.540987 0.000000
vt 0.010000 -0.484016 0.000000
vt 0.010000 -0.427046 0.000000
vt 0.010000 -0.370075 0.000000
vt -0.000000 -0.370075 0.000000
vt -0.000000 -0.347186 0.000000
vt -0.000000 -0.324297 0.000000
vt -0.085000 0.911062 0.000000
vt -0.085000 0.854120 0.000000
vt -0.085000 0.797179 0.000000
vt -0.085000 0.740238 0.000000
vt -0.085000 0.683296 0.000000
vt -0.085000 0.626355 0.000000
vt -0.085000 0.569414 0.000000
vt -0.085000 0.512472 0.000000
vt -0.085000 0.455531 0.000000
vt -0.085000 0.398590 0.000000
vt -0.085000 0.341648 0.000000
vt -0.085000 0.284707 0.000000
vt -0.085000 0.227765 0.000000
vt -0.085000 0.170824 0.000000
vt -0.085000 0.113883 0.000000
vt -0.085000 0.056941 0.000000
vt -0.085000 0.000000 0.000000
vt -0.085000 -0.056941 0.000000
vt -0.085000 -0.113883 0.000000
vt -0.085000 -0.170824 0.000000
vt -0.085000 -0.227765 0.000000
vt -0.085000 -0.284707 0.000000
vt -0.085000 -0.341648 0.000000
vt -0.085000 -0.398590 0.000000
vt -0.085000 -0.455531 0.000000
vt -0.085000 -0.512472 0.000000
vt -0.085000 -0.569414 0.000000
vt -0.085000 -0.626355 0.000000
vt -0.085000 -0.683296 0.000000
vt -0.085000 -0.740238 0.000000
vt -0.085000 -0.797179 0.000000
vt -0.085000 -0.854120 0.000000
vt 0.085000 0.891046 0.000000
vt 0.085000 0.891046 0.000000
vt -0.085000 -0.911062 0.000000
vt -0.085000 -0.911062 0.000000
vt 0.195186 -0.181044 0.000000
vt 0.024142 -0.010000 0.000000
vt 0.266034 -0.010000 0.000000
vt 0.260085 -0.056833 0.000000
vt 0.245957 -0.101879 0.000000
vt 0.224095 -0.143721 0.000000
vt -0.195186 -0.181044 0.000000
vt -0.224095 -0.143721 0.000000
vt -0.245957 -0.101879 0.000000
vt -0.260085 -0.056833 0.000000
vt -0.266034 -0.010000 0.000000
vt -0.024142 -0.010000 0.000000
vt -0.195186 0.181044 0.000000
vt -0.024142 0.010000 0.000000
vt -0.266034 0.010000 0.000000
vt -0.260085 0.056833 0.000000
vt -0.245957 0.101879 0.000000
vt -0.224095 0.143721 0.000000
vt 0.181044 0.195186 0.000000
vt 0.010000 0.024142 0.000000
vt 0.010000 0.266034 0.000000
vt 0.056833 0.260085 0.000000
vt 0.101879 0.245957 0.000000
vt 0.143721 0.224095 0.000000
vt 0.195186 0.181044 0.000000
vt 0.224095 0.143721 0.000000
vt 0.245957 0.101879 0.000000
vt 0.260085 0.056833 0.000000
vt 0.266034 0.010000 0.000000
vt 0.024142 0.010000 0.000000
vt -0.181044 0.195186 0.000000
vt -0.143721 0.224095 0.000000
vt -0.101879 0.245957 0.000000
vt -0.056833 0.260085 0.000000
vt -0.010000 0.266034 0.000000
vt -0.010000 0.024142 0.000000
vt -0.181044 -0.195186 0.000000
vt -0.010000 -0.024142 0.000000
vt -0.010000 -0.266034 0.000000
vt -0.056833 -0.260085 0.000000
vt -0.101879 -0.245957 0.000000
vt -0.143721 -0.224095 0.000000
vt 0.181044 -0.195186 0.000000
vt 0.143721 -0.224095 0.000000
vt 0.101879 -0.245957 0.000000
vt 0.056833 -0.260085 0.000000
vt 0.010000 -0.266034 0.000000
vt 0.010000 -0.024142 0.000000
vt 0.290000 0.000000 0.000000
vt 0.284428 0.056576 0.000000
vt 0.267925 0.110978 0.000000
vt 0.241126 0.161115 0.000000
vt 0.205061 0.205061 0.000000
vt 0.161115 0.241126 0.000000
vt 0.110978 0.267925 0.000000
vt 0.056576 0.284428 0.000000
vt 0.000000 0.290000 0.000000
vt -0.056576 0.284428 0.000000
vt -0.110978 0.267925 0.000000
vt -0.161115 0.241126 0.000000
vt -0.205061 0.205061 0.000000
vt -0.241126 0.161115 0.000000
vt -0.267925 0.110978 0.000000
vt -0.284428 0.056576 0.000000
vt -0.290000 0.000000 0.000000
vt -0.284428 -0.056576 0.000000
vt -0.267925 -0.110978 0.000000
vt -0.241126 -0.161115 0.000000
vt -0.205061 -0.205061 0.000000
vt -0.161115 -0.241126 0.000000
vt -0.110978 -0.267925 0.000000
vt -0.056576 -0.284428 0.000000
vt 0.000000 -0.290000 0.000000
vt 0.056576 -0.284428 0.000000
vt 0.110978 -0.267925 0.000000
vt 0.161115 -0.241126 0.000000
vt 0.205061 -0.205061 0.000000
vt 0.241126 -0.161115 0.000000
vt 0.267925 -0.110978 0.000000
vt 0.284428 -0.056576 0.000000
vt -0.085000 1.225221 0.000000
vt -0.085000 1.158993 0.000000
vt -0.085000 1.092765 0.000000
vt -0.085000 1.026537 0.000000
vt -0.085000 0.960308 0.000000
vt -0.085000 0.894080 0.000000
vt -0.085000 0.827852 0.000000
vt -0.085000 0.761624 0.000000
vt -0.085000 0.695396 0.000000
vt -0.085000 0.629168 0.000000
vt -0.085000 0.562939 0.000000
vt -0.085000 0.496711 0.000000
vt -0.085000 0.430483 0.000000
vt -0.085000 0.364255 0.000000
vt -0.085000 0.298027 0.000000
vt -0.085000 0.231799 0.000000
vt -0.085000 0.165570 0.000000
vt -0.085000 0.099342 0.000000
vt -0.085000 0.033114 0.000000
vt -0.085000 -0.033114 0.000000
vt -0.085000 -0.099342 0.000000
vt -0.085000 -0.165570 0.000000
vt -0.085000 -0.231799 0.000000
vt -0.085000 -0.298027 0.000000
vt -0.085000 -0.364255 0.000000
vt -0.085000 -0.430483 0.000000
vt -0.085000 -0.496711 0.000000
vt -0.085000 -0.562939 0.000000
vt -0.085000 -0.629168 0.000000
vt -0.085000 -0.695396 0.000000
vt -0.085000 -0.761624 0.000000
vt -0.085000 -0.827852 0.000000
vt -0.085000 -0.894080 0.000000
vt -0.085000 -0.960308 0.000000
vt -0.085000 -1.026537 0.000000
vt -0.085000 -1.092765 0.000000
vt -0.085000 -1.158993 0.000000
vt 0.085000 -1.071253 0.000000
vt -0.000000 -1.071253 0.000000
vt -0.000000 -1.061148 0.000000
vt -0.000000 -1.051044 0.000000
vt -0.000000 -1.040940 0.000000
vt 0.010000 -1.040940 0.000000
vt 0.010000 -0.989821 0.000000
vt 0.010000 -0.938702 0.000000
vt 0.010000 -0.887584 0.000000
vt 0.010000 -0.836465 0.000000
vt -0.000000 -0.836465 0.000000
vt -0.000000 -0.802659 0.000000
vt -0.000000 -0.768853 0.000000
vt -0.000000 -0.735048 0.000000
vt 0.010000 -0.735048 0.000000
vt 0.010000 -0.676075 0.000000
vt 0.010000 -0.617102 0.000000
vt 0.010000 -0.558129 0.000000
vt 0.010000 -0.499156 0.000000
vt 0.010000 -0.440183 0.000000
vt -0.000000 -0.440183 0.000000
vt -0.000000 -0.423041 0.000000
vt -0.000000 -0.405899 0.000000
vt -0.000000 -0.388756 0.000000
vt 0.010000 -0.388756 0.000000
vt 0.010000 -0.359472 0.000000
vt 0.010000 -0.330188 0.000000
vt 0.010000 -0.300904 0.000000
vt -0.000000 -0.300904 0.000000
vt -0.000000 -0.277004 0.000000
vt -0.000000 -0.253104 0.000000
vt -0.000000 -0.229204 0.000000
vt 0.085000 -0.229204 0.000000
vt 0.085000 -0.162582 0.000000
vt 0.085000 -0.095960 0.000000
vt 0.085000 -0.029337 0.000000
vt 0.085000 0.037285 0.000000
vt 0.085000 0.103907 0.000000
vt 0.085000 0.170530 0.000000
vt 0.085000 0.237152 0.000000
vt 0.085000 0.303774 0.000000
vt 0.085000 0.370396 0.000000
vt 0.085000 0.437019 0.000000
vt 0.085000 0.503641 0.000000
vt 0.085000 0.570264 0.000000
vt 0.085000 0.636886 0.000000
vt 0.085000 0.703508 0.000000
vt 0.085000 0.770130 0.000000
vt 0.085000 0.836753 0.000000
vt 0.085000 0.903375 0.000000
vt 0.085000 0.969997 0.000000
vt 0.085000 1.036620 0.000000
vt 0.085000 1.103242 0.000000
vt 0.085000 1.158432 0.000000
vt 0.085000 -1.236821 0.000000
vt 0.085000 -1.181632 0.000000
vt 0.085000 -1.126442 0.000000
vt 0.085000 1.213621 0.000000
vt -0.085000 -1.225221 0.000000
vt -0.085000 -1.225221 0.000000
vt 0.085000 1.213621 0.000000
vt 0.364564 -0.120000 0.000000
vt -0.371080 -0.120000 0.000000
vt -0.345279 -0.181336 0.000000
vt -0.309427 -0.237393 0.000000
vt -0.264567 -0.286539 0.000000
vt -0.212005 -0.327344 0.000000
vt -0.153272 -0.358619 0.000000
vt -0.090077 -0.379455 0.000000
vt -0.024260 -0.389245 0.000000
vt 0.042264 -0.387703 0.000000
vt 0.107557 -0.374875 0.000000
vt 0.169719 -0.351134 0.000000
vt 0.226941 -0.317172 0.000000
vt 0.277556 -0.273976 0.000000
vt 0.320091 -0.222805 0.000000
vt 0.353308 -0.165147 0.000000
vt 0.376240 -0.102682 0.000000
vt 0.388219 -0.037228 0.000000
vt 0.388897 0.029310 0.000000
vt 0.378254 0.094994 0.000000
vt 0.356600 0.157914 0.000000
vt 0.324564 0.216236 0.000000
vt 0.324564 -0.083652 0.000000
vt 0.364564 -0.083652 0.000000
vt -0.251214 -0.265356 0.000000
vt -0.010000 -0.024142 0.000000
vt -0.010000 -0.365270 0.000000
vt -0.063081 -0.359920 0.000000
vt -0.114817 -0.346899 0.000000
vt -0.164106 -0.326483 0.000000
vt -0.209897 -0.299107 0.000000
vt -0.365270 0.010000 0.000000
vt -0.359920 0.063081 0.000000
vt -0.346899 0.114817 0.000000
vt -0.326483 0.164106 0.000000
vt -0.299107 0.209897 0.000000
vt -0.265356 0.251214 0.000000
vt -0.024142 0.010000 0.000000
vt 0.365270 -0.010000 0.000000
vt 0.359920 -0.063081 0.000000
vt 0.346899 -0.114817 0.000000
vt 0.326483 -0.164106 0.000000
vt 0.299107 -0.209897 0.000000
vt 0.265356 -0.251214 0.000000
vt 0.024142 -0.010000 0.000000
vt 0.365270 0.010000 0.000000
vt 0.024142 0.010000 0.000000
vt 0.265356 0.251214 0.000000
vt 0.299107 0.209897 0.000000
vt 0.326483 0.164106 0.000000
vt 0.346899 0.114817 0.000000
vt 0.359920 0.063081 0.000000
vt 0.251214 0.265356 0.000000
vt 0.010000 0.024142 0.000000
vt 0.010000 0.365270 0.000000
vt 0.063081 0.359920 0.000000
vt 0.114817 0.346899 0.000000
vt 0.164106 0.326483 0.000000
vt 0.209897 0.299107 0.000000
vt 0.251214 -0.265356 0.000000
vt 0.209897 -0.299107 0.000000
vt 0.164106 -0.326483 0.000000
vt 0.114817 -0.346899 0.000000
vt 0.063081 -0.359920 0.000000
vt 0.010000 -0.365270 0.000000
vt 0.010000 -0.024142 0.000000
vt -0.251214 0.265356 0.000000
vt -0.209897 0.299107 0.000000
vt -0.164106 0.326483 0.000000
vt -0.114817 0.346899 0.000000
vt -0.063081 0.359920 0.000000
vt -0.010000 0.365270 0.000000
vt -0.010000 0.024142 0.000000
vt -0.365270 -0.010000 0.000000
vt -0.024142 -0.010000 0.000000
vt -0.265356 -0.251214 0.000000
vt -0.299107 -0.209897 0.000000
vt -0.326483 -0.164106 0.000000
vt -0.346899 -0.114817 0.000000
vt -0.359920 -0.063081 0.000000
vt 0.390000 0.000000 0.000000
vt 0.384390 0.065910 0.000000
vt 0.367722 0.129925 0.000000
vt 0.340475 0.190201 0.000000
vt 0.303434 0.245006 0.000000
vt 0.257663 0.292762 0.000000
vt 0.204480 0.332096 0.000000
vt 0.145414 0.361877 0.000000
vt 0.082165 0.381247 0.000000
vt 0.016552 0.389649 0.000000
vt -0.049537 0.386841 0.000000
vt -0.114201 0.372905 0.000000
vt -0.175579 0.348241 0.000000
vt -0.231907 0.313559 0.000000
vt -0.281563 0.269856 0.000000
vt -0.323119 0.218390 0.000000
vt -0.355379 0.160641 0.000000
vt -0.377416 0.098271 0.000000
vt -0.388595 0.033074 0.000000
vt -0.388595 -0.033074 0.000000
vt -0.377416 -0.098271 0.000000
vt -0.355379 -0.160641 0.000000
vt -0.323119 -0.218390 0.000000
vt -0.281563 -0.269856 0.000000
vt -0.231907 -0.313559 0.000000
vt -0.175579 -0.348241 0.000000
vt -0.114201 -0.372905 0.000000
vt -0.049537 -0.386841 0.000000
vt 0.016552 -0.389649 0.000000
vt 0.082165 -0.381247 0.000000
vt 0.145414 -0.361877 0.000000
vt 0.204480 -0.332096 0.000000
vt 0.257663 -0.292762 0.000000
vt 0.303434 -0.245006 0.000000
vt 0.340475 -0.190201 0.000000
vt 0.367722 -0.129925 0.000000
vt 0.384390 -0.065910 0.000000
vt -0.138130 -0.075000 0.000000
vt -0.082345 -0.063898 0.000000
vt -0.025466 -0.063898 0.000000
vt 0.030319 -0.075000 0.000000
vt 0.200000 -0.075000 0.000000
vt 0.200000 0.075000 0.000000
vt -0.200000 0.075000 0.000000
vt -0.200000 -0.075000 0.000000
vt -0.169681 0.010000 0.000000
vt -0.169681 0.000000 0.000000
vt -0.000000 0.000000 0.000000
vt -0.000000 0.010000 0.000000
vt -0.338130 0.000000 0.000000
vt -0.338130 0.010000 0.000000
vt -0.400000 0.010000 0.000000
vt -0.400000 0.000000 0.000000
vt -0.094426 0.000000 0.000000
vt -0.094426 0.010000 0.000000
vt -0.150000 0.010000 0.000000
vt -0.150000 0.000000 0.000000
vt -0.200000 0.019426 0.000000
vt -0.178813 0.039632 0.000000
vt -0.156170 0.058191 0.000000
vt -0.132199 0.075000 0.000000
vt -0.200000 0.075000 0.000000
vt -0.067801 0.010000 0.000000
vt -0.067801 0.000000 0.000000
vt -0.000000 0.000000 0.000000
vt -0.000000 0.010000 0.000000
vt 0.067801 0.000000 0.000000
vt 0.067801 0.010000 0.000000
vt 0.000000 0.010000 0.000000
vt 0.000000 0.000000 0.000000
vt 0.094426 0.010000 0.000000
vt 0.094426 0.000000 0.000000
vt 0.150000 0.000000 0.000000
vt 0.150000 0.010000 0.000000
vt 0.132199 0.075000 0.000000
vt 0.156170 0.058191 0.000000
vt 0.178813 0.039632 0.000000
vt 0.200000 0.019426 0.000000
vt 0.200000 0.075000 0.000000
vt 0.000000 0.000000 0.000000
vt 0.150000 0.000000 0.000000
vt 0.150000 0.010000 0.000000
vt 0.000000 0.010000 0.000000
vt 0.000000 0.000000 0.000000
vt 0.150000 0.000000 0.000000
vt 0.150000 0.010000 0.000000
vt 0.000000 0.010000 0.000000
vt 0.000000 0.000000 0.000000
vt 0.400000 0.000000 0.000000
vt 0.400000 0.010000 0.000000
vt 0.000000 0.010000 0.000000
vt 0.000000 0.000000 0.000000
vt 0.150000 0.000000 0.000000
vt 0.150000 0.010000 0.000000
vt 0.000000 0.010000 0.000000
vt 0.000000 0.000000 0.000000
vt 0.400000 0.000000 0.000000
vt 0.400000 0.010000 0.000000
vt 0.000000 0.010000 0.000000
vt -0.200000 -0.075000 0.000000
vt 0.200000 -0.075000 0.000000
vt 0.200000 0.075000 0.000000
vt -0.200000 0.075000 0.000000
vt 0.000000 0.000000 0.000000
vt 0.400000 0.000000 0.000000
vt 0.400000 0.010000 0.000000
vt 0.000000 0.010000 0.000000
vt 0.000000 0.000000 0.000000
vt 0.150000 0.000000 0.000000
vt 0.150000 0.010000 0.000000
vt 0.000000 0.010000 0.000000
vt 0.338130 0.010000 0.000000
vt 0.338130 0.000000 0.000000
vt 0.400000 0.000000 0.000000
vt 0.400000 0.010000 0.000000
vt 0.000000 0.000000 0.000000
vt 0.150000 0.000000 0.000000
vt 0.150000 0.010000 0.000000
vt 0.000000 0.010000 0.000000
vt -0.030319 -0.075000 0.000000
vt 0.025466 -0.063898 0.000000
vt 0.082345 -0.063898 0.000000
vt 0.138130 -0.075000 0.000000
vt 0.200000 -0.075000 0.000000
vt 0.200000 0.075000 0.000000
vt -0.200000 0.075000 0.000000
vt -0.200000 -0.075000 0.000000
vt 0.000000 0.000000 0.000000
vt 0.150000 0.000000 0.000000
vt 0.150000 0.010000 0.000000
vt 0.000000 0.010000 0.000000
vt 0.000000 0.000000 0.000000
vt 0.400000 0.000000 0.000000
vt 0.400000 0.010000 0.000000
vt 0.000000 0.010000 0.000000
vt 0.063905 0.062017 0.000000
vt 0.200000 0.062017 0.000000
vt 0.200000 0.075000 0.000000
vt -0.200000 0.075000 0.000000
vt -0.200000 -0.075000 0.000000
vt 0.200000 -0.075000 0.000000
vt 0.200000 0.009413 0.000000
vt 0.063905 0.009413 0.000000
vt 0.000000 0.000000 0.000000
vt 0.400000 0.000000 0.000000
vt 0.400000 0.010000 0.000000
vt 0.000000 0.010000 0.000000
vt 0.000000 0.000000 0.000000
vt 0.400000 0.000000 0.000000
vt 0.400000 0.010000 0.000000
vt 0.000000 0.010000 0.000000
vt 0.287300 0.010000 0.000000
vt 0.287300 0.000000 0.000000
vt 0.400000 0.000000 0.000000
vt 0.400000 0.010000 0.000000
vt -0.150000 0.000000 0.000000
vt -0.000000 0.000000 0.000000
vt -0.000000 0.010000 0.000000
vt -0.150000 0.010000 0.000000
vt -0.021328 0.000000 0.000000
vt -0.021328 0.010000 0.000000
vt -0.400000 0.010000 0.000000
vt -0.400000 0.000000 0.000000
vt -0.243170 0.010000 0.000000
vt -0.243170 0.000000 0.000000
vt -0.000000 0.000000 0.000000
vt -0.000000 0.010000 0.000000
vt -0.178672 0.075000 0.000000
vt -0.137685 0.044514 0.000000
vt -0.101034 0.008932 0.000000
vt -0.069347 -0.031135 0.000000
vt -0.043170 -0.075000 0.000000
vt 0.200000 -0.075000 0.000000
vt 0.200000 0.075000 0.000000
vt -0.150000 0.000000 0.000000
vt -0.000000 0.000000 0.000000
vt -0.000000 0.010000 0.000000
vt -0.150000 0.010000 0.000000
vt -0.400000 0.000000 0.000000
vt -0.000000 0.000000 0.000000
vt -0.000000 0.010000 0.000000
vt -0.400000 0.010000 0.000000
vt -0.150000 0.000000 0.000000
vt -0.000000 0.000000 0.000000
vt -0.000000 0.010000 0.000000
vt -0.150000 0.010000 0.000000
vt -0.400000 0.000000 0.000000
vt -0.000000 0.000000 0.000000
vt -0.000000 0.010000 0.000000
vt -0.400000 0.010000 0.000000
vt -0.200000 -0.075000 0.000000
vt 0.200000 -0.075000 0.000000
vt 0.200000 0.075000 0.000000
vt -0.200000 0.075000 0.000000
vt -0.400000 0.000000 0.000000
vt -0.000000 0.000000 0.000000
vt -0.000000 0.010000 0.000000
vt -0.400000 0.010000 0.000000
vt -0.150000 0.000000 0.000000
vt -0.000000 0.000000 0.000000
vt -0.000000 0.010000 0.000000
vt -0.150000 0.010000 0.000000
vt -0.150000 0.000000 0.000000
vt -0.000000 0.000000 0.000000
vt -0.000000 0.010000 0.000000
vt -0.150000 0.010000 0.000000
vt -0.150000 0.000000 0.000000
vt -0.000000 0.000000 0.000000
vt -0.000000 0.010000 0.000000
vt -0.150000 0.010000 0.000000
vt -0.136095 0.003765 0.000000
vt -0.000000 0.003765 0.000000
vt -0.000000 0.010000 0.000000
vt -0.400000 0.010000 0.000000
vt -0.400000 0.000000 0.000000
vt -0.136095 0.000000 0.000000
vt -0.084413 0.010000 0.000000
vt -0.095043 0.000000 0.000000
vt -0.000000 0.000000 0.000000
vt -0.000000 0.010000 0.000000
vt -0.400000 0.000000 0.000000
vt -0.000000 0.000000 0.000000
vt -0.000000 0.010000 0.000000
vt -0.400000 0.010000 0.000000
vt -0.063905 0.009413 0.000000
vt -0.200000 0.009413 0.000000
vt -0.200000 -0.075000 0.000000
vt 0.200000 -0.075000 0.000000
vt 0.200000 0.075000 0.000000
vt -0.200000 0.075000 0.000000
vt -0.200000 0.062017 0.000000
vt -0.063905 0.062017 0.000000
vt -0.400000 0.000000 0.000000
vt -0.000000 0.000000 0.000000
vt -0.000000 0.010000 0.000000
vt -0.400000 0.010000 0.000000
vt -0.400000 0.000000 0.000000
vt -0.000000 0.000000 0.000000
vt -0.000000 0.010000 0.000000
vt -0.400000 0.010000 0.000000
vt -0.287300 0.000000 0.000000
vt -0.287300 0.010000 0.000000
vt -0.400000 0.010000 0.000000
vt -0.400000 0.000000 0.000000
vt 0.298905 0.290000 0.000000
vt 0.298905 -0.290000 0.000000
vt 0.115050 -0.290000 0.000000
vt 0.115050 0.290000 0.000000
vt 1.880000 -0.375000 0.000000
vt 1.880000 0.375000 0.000000
vt 0.000000 0.375000 0.000000
vt 0.000000 -0.375000 0.000000
vt 0.269797 -0.375000 0.000000
vt 0.269797 0.375000 0.000000
vt 0.000000 0.375000 0.000000
vt 0.000000 0.290000 0.000000
vt -0.270000 0.290000 0.000000
vt -0.270000 -0.290000 0.000000
vt 0.000000 -0.290000 0.000000
vt 0.000000 -0.375000 0.000000
vt -0.251492 0.234540 0.000000
vt -0.022006 0.234540 0.000000
vt -0.022006 -0.237247 0.000000
vt -0.251492 -0.237247 0.000000
vt -0.993388 0.445000 0.000000
vt -0.994305 0.445000 0.000000
vt -0.995229 0.445000 0.000000
vt -0.996158 0.445000 0.000000
vt -0.997094 0.445000 0.000000
vt -0.998035 0.445000 0.000000
vt -0.998983 0.445000 0.000000
vt -0.999937 0.445000 0.000000
vt -1.000897 0.445000 0.000000
vt -1.001863 0.445000 0.000000
vt -1.002835 0.445000 0.000000
vt -1.003814 0.445000 0.000000
vt -1.004799 0.445000 0.000000
vt -1.005790 0.445000 0.000000
vt -1.006788 0.445000 0.000000
vt -1.007789 0.445000 0.000000
vt -1.007789 0.045000 0.000000
vt -1.006784 0.045000 0.000000
vt -1.005785 0.045000 0.000000
vt -1.004793 0.045000 0.000000
vt -1.003807 0.045000 0.000000
vt -1.002827 0.045000 0.000000
vt -1.001855 0.045000 0.000000
vt -1.000888 0.045000 0.000000
vt -0.999928 0.045000 0.000000
vt -0.998975 0.045000 0.000000
vt -0.998028 0.045000 0.000000
vt -0.997087 0.045000 0.000000
vt -0.996153 0.045000 0.000000
vt -0.995225 0.045000 0.000000
vt -0.994303 0.045000 0.000000
vt -0.993388 0.045000 0.000000
vt 0.000000 0.003765 0.000000
vt 0.400000 0.003765 0.000000
vt 0.400000 0.010000 0.000000
vt 0.000000 0.010000 0.000000
vt 0.137017 0.010000 0.000000
vt 0.137853 0.009526 0.000000
vt 0.138694 0.009060 0.000000
vt 0.139540 0.008602 0.000000
vt 0.140389 0.008151 0.000000
vt 0.141243 0.007709 0.000000
vt 0.142100 0.007275 0.000000
vt 0.142962 0.006849 0.000000
vt 0.143828 0.006432 0.000000
vt 0.144698 0.006024 0.000000
vt 0.145572 0.005624 0.000000
vt 0.146449 0.005233 0.000000
vt 0.147331 0.004852 0.000000
vt 0.148217 0.004480 0.000000
vt 0.149107 0.004118 0.000000
vt 0.150000 0.003765 0.000000
vt 0.150000 0.010000 0.000000
vt 0.000000 0.003765 0.000000
vt 0.000890 0.004116 0.000000
vt 0.001779 0.004478 0.000000
vt 0.002663 0.004850 0.000000
vt 0.003544 0.005231 0.000000
vt 0.004422 0.005621 0.000000
vt 0.005295 0.006020 0.000000
vt 0.006165 0.006428 0.000000
vt 0.007031 0.006845 0.000000
vt 0.007893 0.007271 0.000000
vt 0.008751 0.007705 0.000000
vt 0.009605 0.008148 0.000000
vt 0.010456 0.008599 0.000000
vt 0.011302 0.009058 0.000000
vt 0.012145 0.009525 0.000000
vt 0.012983 0.010000 0.000000
vt 0.000000 0.010000 0.000000
vt -0.200000 0.062017 0.000000
vt 0.200000 0.062017 0.000000
vt 0.200000 0.075000 0.000000
vt -0.200000 0.075000 0.000000
vt -0.200000 0.062017 0.000000
vt 0.200000 0.062017 0.000000
vt 0.200000 0.075000 0.000000
vt -0.200000 0.075000 0.000000
vt 0.000000 0.003765 0.000000
vt 0.000890 0.004116 0.000000
vt 0.001779 0.004478 0.000000
vt 0.002663 0.004850 0.000000
vt 0.003544 0.005231 0.000000
vt 0.004422 0.005621 0.000000
vt 0.005295 0.006020 0.000000
vt 0.006165 0.006428 0.000000
vt 0.007031 0.006845 0.000000
vt 0.007893 0.007271 0.000000
vt 0.008751 0.007705 0.000000
vt 0.009605 0.008148 0.000000
vt 0.010456 0.008599 0.000000
vt 0.011302 0.009058 0.000000
vt 0.012145 0.009525 0.000000
vt 0.012983 0.010000 0.000000
vt 0.000000 0.010000 0.000000
vt 0.137017 0.010000 0.000000
vt 0.137853 0.009526 0.000000
vt 0.138694 0.009060 0.000000
vt 0.139540 0.008602 0.000000
vt 0.140389 0.008151 0.000000
vt 0.141243 0.007709 0.000000
vt 0.142100 0.007275 0.000000
vt 0.142962 0.006849 0.000000
vt 0.143828 0.006432 0.000000
vt 0.144698 0.006024 0.000000
vt 0.145572 0.005624 0.000000
vt 0.146449 0.005233 0.000000
vt 0.147331 0.004852 0.000000
vt 0.148217 0.004480 0.000000
vt 0.149107 0.004118 0.000000
vt 0.150000 0.003765 0.000000
vt 0.150000 0.010000 0.000000
vt 0.000000 0.003765 0.000000
vt 0.400000 0.003765 0.000000
vt 0.400000 0.010000 0.000000
vt 0.000000 0.010000 0.000000
vt -0.993388 1.385000 0.000000
vt -0.994305 1.385000 0.000000
vt -0.995229 1.385000 0.000000
vt -0.996158 1.385000 0.000000
vt -0.997094 1.385000 0.000000
vt -0.998035 1.385000 0.000000
vt -0.998983 1.385000 0.000000
vt -0.999937 1.385000 0.000000
vt -1.000897 1.385000 0.000000
vt -1.001863 1.385000 0.000000
vt -1.002835 1.385000 0.000000
vt -1.003814 1.385000 0.000000
vt -1.004799 1.385000 0.000000
vt -1.005790 1.385000 0.000000
vt -1.006788 1.385000 0.000000
vt -1.007789 1.385000 0.000000
vt -1.007789 0.985000 0.000000
vt -1.006784 0.985000 0.000000
vt -1.005785 0.985000 0.000000
vt -1.004793 0.985000 0.000000
vt -1.003807 0.985000 0.000000
vt -1.002827 0.985000 0.000000
vt -1.001855 0.985000 0.000000
vt -1.000888 0.985000 0.000000
vt -0.999928 0.985000 0.000000
vt -0.998975 0.985000 0.000000
vt -0.998028 0.985000 0.000000
vt -0.997087 0.985000 0.000000
vt -0.996153 0.985000 0.000000
vt -0.995225 0.985000 0.000000
vt -0.994303 0.985000 0.000000
vt -0.993388 0.985000 0.000000
vt -0.993388 0.915000 0.000000
vt -0.994305 0.915000 0.000000
vt -0.995229 0.915000 0.000000
vt -0.996158 0.915000 0.000000
vt -0.997094 0.915000 0.000000
vt -0.998035 0.915000 0.000000
vt -0.998983 0.915000 0.000000
vt -0.999937 0.915000 0.000000
vt -1.000897 0.915000 0.000000
vt -1.001863 0.915000 0.000000
vt -1.002835 0.915000 0.000000
vt -1.003814 0.915000 0.000000
vt -1.004799 0.915000 0.000000
vt -1.005790 0.915000 0.000000
vt -1.006788 0.915000 0.000000
vt -1.007789 0.915000 0.000000
vt -1.007789 0.515000 0.000000
vt -1.006784 0.515000 0.000000
vt -1.005785 0.515000 0.000000
vt -1.004793 0.515000 0.000000
vt -1.003807 0.515000 0.000000
vt -1.002827 0.515000 0.000000
vt -1.001855 0.515000 0.000000
vt -1.000888 0.515000 0.000000
vt -0.999928 0.515000 0.000000
vt -0.998975 0.515000 0.000000
vt -0.998028 0.515000 0.000000
vt -0.997087 0.515000 0.000000
vt -0.996153 0.515000 0.000000
vt -0.995225 0.515000 0.000000
vt -0.994303 0.515000 0.000000
vt -0.993388 0.515000 0.000000
vt 0.000000 0.003765 0.000000
vt 0.400000 0.003765 0.000000
vt 0.400000 0.010000 0.000000
vt 0.000000 0.010000 0.000000
vt 0.137017 0.010000 0.000000
vt 0.137853 0.009526 0.000000
vt 0.138694 0.009060 0.000000
vt 0.139540 0.008602 0.000000
vt 0.140389 0.008151 0.000000
vt 0.141243 0.007709 0.000000
vt 0.142100 0.007275 0.000000
vt 0.142962 0.006849 0.000000
vt 0.143828 0.006432 0.000000
vt 0.144698 0.006024 0.000000
vt 0.145572 0.005624 0.000000
vt 0.146449 0.005233 0.000000
vt 0.147331 0.004852 0.000000
vt 0.148217 0.004480 0.000000
vt 0.149107 0.004118 0.000000
vt 0.150000 0.003765 0.000000
vt 0.150000 0.010000 0.000000
vt 0.000000 0.003765 0.000000
vt 0.000890 0.004116 0.000000
vt 0.001779 0.004478 0.000000
vt 0.002663 0.004850 0.000000
vt 0.003544 0.005231 0.000000
vt 0.004422 0.005621 0.000000
vt 0.005295 0.006020 0.000000
vt 0.006165 0.006428 0.000000
vt 0.007031 0.006845 0.000000
vt 0.007893 0.007271 0.000000
vt 0.008751 0.007705 0.000000
vt 0.009605 0.008148 0.000000
vt 0.010456 0.008599 0.000000
vt 0.011302 0.009058 0.000000
vt 0.012145 0.009525 0.000000
vt 0.012983 0.010000 0.000000
vt 0.000000 0.010000 0.000000
vt -0.200000 0.062017 0.000000
vt 0.200000 0.062017 0.000000
vt 0.200000 0.075000 0.000000
vt -0.200000 0.075000 0.000000
vt -0.400000 0.003765 0.000000
vt -0.000000 0.003765 0.000000
vt -0.000000 0.010000 0.000000
vt -0.400000 0.010000 0.000000
vt -0.012983 0.010000 0.000000
vt -0.012147 0.009526 0.000000
vt -0.011306 0.009060 0.000000
vt -0.010460 0.008602 0.000000
vt -0.009611 0.008151 0.000000
vt -0.008757 0.007709 0.000000
vt -0.007900 0.007275 0.000000
vt -0.007038 0.006849 0.000000
vt -0.006172 0.006432 0.000000
vt -0.005302 0.006024 0.000000
vt -0.004428 0.005624 0.000000
vt -0.003551 0.005233 0.000000
vt -0.002669 0.004852 0.000000
vt -0.001783 0.004480 0.000000
vt -0.000893 0.004118 0.000000
vt -0.000000 0.003765 0.000000
vt -0.000000 0.010000 0.000000
vt -0.150000 0.003765 0.000000
vt -0.149110 0.004116 0.000000
vt -0.148221 0.004478 0.000000
vt -0.147337 0.004850 0.000000
vt -0.146456 0.005231 0.000000
vt -0.145578 0.005621 0.000000
vt -0.144705 0.006020 0.000000
vt -0.143835 0.006428 0.000000
vt -0.142969 0.006845 0.000000
vt -0.142107 0.007271 0.000000
vt -0.141249 0.007705 0.000000
vt -0.140395 0.008148 0.000000
vt -0.139544 0.008599 0.000000
vt -0.138698 0.009058 0.000000
vt -0.137855 0.009525 0.000000
vt -0.137017 0.010000 0.000000
vt -0.150000 0.010000 0.000000
vt -0.200000 0.062017 0.000000
vt 0.200000 0.062017 0.000000
vt 0.200000 0.075000 0.000000
vt -0.200000 0.075000 0.000000
vt -0.551737 1.385000 0.000000
vt -0.552742 1.385000 0.000000
vt -0.553741 1.385000 0.000000
vt -0.554733 1.385000 0.000000
vt -0.555719 1.385000 0.000000
vt -0.556698 1.385000 0.000000
vt -0.557671 1.385000 0.000000
vt -0.558638 1.385000 0.000000
vt -0.559597 1.385000 0.000000
vt -0.560551 1.385000 0.000000
vt -0.561498 1.385000 0.000000
vt -0.562438 1.385000 0.000000
vt -0.563373 1.385000 0.000000
vt -0.564301 1.385000 0.000000
vt -0.565223 1.385000 0.000000
vt -0.566138 1.385000 0.000000
vt -0.566138 0.985000 0.000000
vt -0.565221 0.985000 0.000000
vt -0.564297 0.985000 0.000000
vt -0.563368 0.985000 0.000000
vt -0.562432 0.985000 0.000000
vt -0.561491 0.985000 0.000000
vt -0.560543 0.985000 0.000000
vt -0.559589 0.985000 0.000000
vt -0.558629 0.985000 0.000000
vt -0.557663 0.985000 0.000000
vt -0.556691 0.985000 0.000000
vt -0.555712 0.985000 0.000000
vt -0.554727 0.985000 0.000000
vt -0.553736 0.985000 0.000000
vt -0.552738 0.985000 0.000000
vt -0.551737 0.985000 0.000000
vt -0.551737 0.915000 0.000000
vt -0.552742 0.915000 0.000000
vt -0.553741 0.915000 0.000000
vt -0.554733 0.915000 0.000000
vt -0.555719 0.915000 0.000000
vt -0.556698 0.915000 0.000000
vt -0.557671 0.915000 0.000000
vt -0.558638 0.915000 0.000000
vt -0.559597 0.915000 0.000000
vt -0.560551 0.915000 0.000000
vt -0.561498 0.915000 0.000000
vt -0.562438 0.915000 0.000000
vt -0.563373 0.915000 0.000000
vt -0.564301 0.915000 0.000000
vt -0.565223 0.915000 0.000000
vt -0.566138 0.915000 0.000000
vt -0.566138 0.515000 0.000000
vt -0.565221 0.515000 0.000000
vt -0.564297 0.515000 0.000000
vt -0.563368 0.515000 0.000000
vt -0.562432 0.515000 0.000000
vt -0.561491 0.515000 0.000000
vt -0.560543 0.515000 0.000000
vt -0.559589 0.515000 0.000000
vt -0.558629 0.515000 0.000000
vt -0.557663 0.515000 0.000000
vt -0.556691 0.515000 0.000000
vt -0.555712 0.515000 0.000000
vt -0.554727 0.515000 0.000000
vt -0.553736 0.515000 0.000000
vt -0.552738 0.515000 0.000000
vt -0.551737 0.515000 0.000000
vt -0.200000 0.062017 0.000000
vt 0.200000 0.062017 0.000000
vt 0.200000 0.075000 0.000000
vt -0.200000 0.075000 0.000000
vt -0.150000 0.003765 0.000000
vt -0.149110 0.004116 0.000000
vt -0.148221 0.004478 0.000000
vt -0.147337 0.004850 0.000000
vt -0.146456 0.005231 0.000000
vt -0.145578 0.005621 0.000000
vt -0.144705 0.006020 0.000000
vt -0.143835 0.006428 0.000000
vt -0.142969 0.006845 0.000000
vt -0.142107 0.007271 0.000000
vt -0.141249 0.007705 0.000000
vt -0.140395 0.008148 0.000000
vt -0.139544 0.008599 0.000000
vt -0.138698 0.009058 0.000000
vt -0.137855 0.009525 0.000000
vt -0.137017 0.010000 0.000000
vt -0.150000 0.010000 0.000000
vt -0.012983 0.010000 0.000000
vt -0.012147 0.009526 0.000000
vt -0.011306 0.009060 0.000000
vt -0.010460 0.008602 0.000000
vt -0.009611 0.008151 0.000000
vt -0.008757 0.007709 0.000000
vt -0.007900 0.007275 0.000000
vt -0.007038 0.006849 0.000000
vt -0.006172 0.006432 0.000000
vt -0.005302 0.006024 0.000000
vt -0.004428 0.005624 0.000000
vt -0.003551 0.005233 0.000000
vt -0.002669 0.004852 0.000000
vt -0.001783 0.004480 0.000000
vt -0.000893 0.004118 0.000000
vt -0.000000 0.003765 0.000000
vt -0.000000 0.010000 0.000000
vt -0.400000 0.003765 0.000000
vt -0.000000 0.003765 0.000000
vt -0.000000 0.010000 0.000000
vt -0.400000 0.010000 0.000000
vt -0.400000 0.003765 0.000000
vt -0.000000 0.003765 0.000000
vt -0.000000 0.010000 0.000000
vt -0.400000 0.010000 0.000000
vt -0.012983 0.010000 0.000000
vt -0.012147 0.009526 0.000000
vt -0.011306 0.009060 0.000000
vt -0.010460 0.008602 0.000000
vt -0.009611 0.008151 0.000000
vt -0.008757 0.007709 0.000000
vt -0.007900 0.007275 0.000000
vt -0.007038 0.006849 0.000000
vt -0.006172 0.006432 0.000000
vt -0.005302 0.006024 0.000000
vt -0.004428 0.005624 0.000000
vt -0.003551 0.005233 0.000000
vt -0.002669 0.004852 0.000000
vt -0.001783 0.004480 0.000000
vt -0.000893 0.004118 0.000000
vt -0.000000 0.003765 0.000000
vt -0.000000 0.010000 0.000000
vt -0.150000 0.003765 0.000000
vt -0.149110 0.004116 0.000000
vt -0.148221 0.004478 0.000000
vt -0.147337 0.004850 0.000000
vt -0.146456 0.005231 0.000000
vt -0.145578 0.005621 0.000000
vt -0.144705 0.006020 0.000000
vt -0.143835 0.006428 0.000000
vt -0.142969 0.006845 0.000000
vt -0.142107 0.007271 0.000000
vt -0.141249 0.007705 0.000000
vt -0.140395 0.008148 0.000000
vt -0.139544 0.008599 0.000000
vt -0.138698 0.009058 0.000000
vt -0.137855 0.009525 0.000000
vt -0.137017 0.010000 0.000000
vt -0.150000 0.010000 0.000000
vt -0.200000 0.062017 0.000000
vt 0.200000 0.062017 0.000000
vt 0.200000 0.075000 0.000000
vt -0.200000 0.075000 0.000000
vt -0.551737 0.445000 0.000000
vt -0.552742 0.445000 0.000000
vt -0.553741 0.445000 0.000000
vt -0.554733 0.445000 0.000000
vt -0.555719 0.445000 0.000000
vt -0.556698 0.445000 0.000000
vt -0.557671 0.445000 0.000000
vt -0.558638 0.445000 0.000000
vt -0.559597 0.445000 0.000000
vt -0.560551 0.445000 0.000000
vt -0.561498 0.445000 0.000000
vt -0.562438 0.445000 0.000000
vt -0.563373 0.445000 0.000000
vt -0.564301 0.445000 0.000000
vt -0.565223 0.445000 0.000000
vt -0.566138 0.445000 0.000000
vt -0.566138 0.045000 0.000000
vt -0.565221 0.045000 0.000000
vt -0.564297 0.045000 0.000000
vt -0.563368 0.045000 0.000000
vt -0.562432 0.045000 0.000000
vt -0.561491 0.045000 0.000000
vt -0.560543 0.045000 0.000000
vt -0.559589 0.045000 0.000000
vt -0.558629 0.045000 0.000000
vt -0.557663 0.045000 0.000000
vt -0.556691 0.045000 0.000000
vt -0.555712 0.045000 0.000000
vt -0.554727 0.045000 0.000000
vt -0.553736 0.045000 0.000000
vt -0.552738 0.045000 0.000000
vt -0.551737 0.045000 0.000000
vn 0.000000 0.000000 1.000000
vn 0.000000 0.000000 1.000000
vn 0.000000 0.000000 1.000000
vn 0.000000 0.000000 1.000000
vn 0.000000 1.000000 0.000000
vn 0.000000 1.000000 0.000000
vn 0.000000 1.000000 0.000000
vn 0.000000 1.000000 0.000000
vn 0.000000 0.000000 1.000000
vn 0.000000 0.000000 1.000000
vn 0.000000 0.000000 1.000000
vn 0.000000 0.000000 1.000000
vn 0.000000 1.000000 0.000000
vn 0.000000 1.000000 0.000000
vn 0.000000 1.000000 0.000000
vn 0.000000 1.000000 0.000000
vn 0.000000 0.000000 -1.000000
vn 0.000000 0.000000 -1.000000
vn 0.000000 0.000000 -1.000000
vn 0.000000 0.000000 -1.000000
vn 0.000000 1.000000 0.000000
vn 0.000000 1.000000 0.000000
vn 0.000000 1.000000 0.000000
vn 0.000000 1.000000 0.000000
vn 0.000000 0.000000 -1.000000
vn 0.000000 0.000000 -1.000000
vn 0.000000 0.000000 -1.000000
vn 0.000000 0.000000 -1.000000
vn 0.000000 0.658047 -0.752976
vn 0.000000 0.537220 -0.843442
vn 0.000000 0.384807 -0.922997
vn 0.000000 0.201970 -0.979392
vn 0.000000 0.000000 -1.000000
vn 0.000000 0.000000 -1.000000
vn 0.000000 0.201970 -0.979392
vn 0.000000 0.384807 -0.922997
vn 0.000000 0.537220 -0.843442
vn 0.000000 0.658047 -0.752976
vn 0.000000 0.000000 -1.000000
vn 0.000000 -0.047105 -0.998890
vn 0.000000 -0.094645 -0.995511
vn 0.000000 -0.143648 -0.989629
vn 0.000000 -0.194382 -0.980926
vn 0.000000 -0.247744 -0.968826
vn 0.000000 -0.304482 -0.952518
vn 0.000000 -0.365458 -0.930828
vn 0.000000 -0.431561 -0.902084
vn 0.000000 -0.503616 -0.863928
vn 0.000000 -0.582152 -0.813080
vn 0.000000 -0.666923 -0.745127
vn 0.000000 -0.756005 -0.654566
vn 0.000000 -0.844534 -0.535502
vn 0.000000 -0.923366 -0.383920
vn 0.000000 -0.979459 -0.201646
vn 0.000000 -1.000000 0.000000
vn 0.000000 -0.979459 0.201646
vn 0.000000 -0.923366 0.383920
vn 0.000000 -0.844534 0.535502
vn 0.000000 -0.756005 0.654566
vn 0.000000 -0.666923 0.745127
vn 0.000000 -0.582152 0.813080
vn 0.000000 -0.503616 0.863928
vn 0.000000 -0.431561 0.902084
vn 0.000000 -0.365458 0.930828
vn 0.000000 -0.304482 0.952518
vn 0.000000 -0.247744 0.968826
vn 0.000000 -0.194382 0.980926
vn 0.000000 -0.143648 0.989629
vn 0.000000 -0.094645 0.995511
vn 0.000000 -0.047105 0.998890
vn 0.000000 0.000000 1.000000
vn 0.000000 0.000000 1.000000
vn 0.000000 -0.047105 0.998890
vn 0.000000 -0.094645 0.995511
vn 0.000000 -0.143648 0.989629
vn 0.000000 -0.194382 0.980926
vn 0.000000 -0.247744 0.968826
vn 0.000000 -0.304482 0.952518
vn 0.000000 -0.365458 0.930828
vn 0.000000 -0.431561 0.902084
vn 0.000000 -0.503616 0.863928
vn 0.000000 -0.582152 0.813080
vn 0.000000 -0.666923 0.745127
vn 0.000000 -0.756005 0.654566
vn 0.000000 -0.844534 0.535502
vn 0.000000 -0.923366 0.383920
vn 0.000000 -0.979459 0.201646
vn 0.000000 -1.000000 0.000000
vn 0.000000 -0.979459 -0.201646
vn 0.000000 -0.923366 -0.383920
vn 0.000000 -0.844534 -0.535502
vn 0.000000 -0.756005 -0.654566
vn 0.000000 -0.666923 -0.745127
vn 0.000000 -0.582152 -0.813080
vn 0.000000 -0.503616 -0.863928
vn 0.000000 -0.431561 -0.902084
vn 0.000000 -0.365458 -0.930828
vn 0.000000 -0.304482 -0.952518
vn 0.000000 -0.247744 -0.968826
vn 0.000000 -0.194382 -0.980926
vn 0.000000 -0.143648 -0.989629
vn 0.000000 -0.094645 -0.995511
vn 0.000000 -0.047105 -0.998890
vn 0.000000 0.000000 -1.000000
vn 0.000000 0.000000 1.000000
vn 0.000000 0.201970 0.979392
vn 0.000000 0.384807 0.922997
vn 0.000000 0.537220 0.843442
vn 0.000000 0.658047 0.752976
vn 0.000000 0.658047 0.752976
vn 0.000000 0.537220 0.843442
vn 0.000000 0.384807 0.922997
vn 0.000000 0.201970 0.979392
vn 0.000000 0.000000 1.000000
vn -1.000000 0.000000 0.000000
vn -1.000000 0.000000 0.000000
vn -1.000000 0.000000 0.000000
vn -1.000000 0.000000 0.000000
vn -1.000000 0.000000 0.000000
vn -1.000000 0.000000 0.000000
vn -1.000000 0.000000 0.000000
vn -1.000000 0.000000 0.000000
vn -1.000000 0.000000 0.000000
vn -1.000000 0.000000 0.000000
vn -1.000000 0.000000 0.000000
vn -1.000000 0.000000 0.000000
vn -1.000000 0.000000 0.000000
vn -1.000000 0.000000 0.000000
vn -1.000000 0.000000 0.000000
vn -1.000000 0.000000 0.000000
vn -1.000000 0.000000 0.000000
vn -1.000000 0.000000 0.000000
vn -1.000000 0.000000 0.000000
vn -1.000000 0.000000 0.000000
vn -1.000000 0.000000 0.000000
vn -1.000000 0.000000 0.000000
vn -1.000000 0.000000 0.000000
vn -1.000000 0.000000 0.000000
vn -1.000000 0.000000 0.000000
vn -1.000000 0.000000 0.000000
vn -1.000000 0.000000 0.000000
vn -1.000000 0.000000 0.000000
vn -1.000000 0.000000 0.000000
vn -1.000000 0.000000 0.000000
vn -1.000000 0.000000 0.000000
vn -1.000000 0.000000 0.000000
vn -1.000000 0.000000 0.000000
vn -1.000000 0.000000 0.000000
vn -1.000000 0.000000 0.000000
vn -1.000000 0.000000 0.000000
vn -1.000000 0.000000 0.000000
vn -1.000000 0.000000 0.000000
vn -1.000000 0.000000 0.000000
vn -1.000000 0.000000 0.000000
vn -1.000000 0.000000 0.000000
vn -1.000000 0.000000 0.000000
vn -1.000000 0.000000 0.000000
vn -1.000000 0.000000 0.000000
vn -1.000000 0.000000 0.000000
vn -1.000000 0.000000 0.000000
vn -1.000000 0.000000 0.000000
vn 0.000000 1.000000 0.000000
vn 0.000000 1.000000 0.000000
vn 0.000000 1.000000 0.000000
vn 0.000000 1.000000 0.000000
vn 1.000000 0.000000 0.000000
vn 1.000000 0.000000 0.000000
vn 1.000000 0.000000 0.000000
vn 1.000000 0.000000 0.000000
vn 0.000000 1.000000 0.000000
vn 0.000000 1.000000 0.000000
vn 0.000000 1.000000 0.000000
vn 0.000000 1.000000 0.000000
vn -1.000000 0.000000 0.000000
vn -1.000000 0.000000 0.000000
vn -1.000000 0.000000 0.000000
vn -1.000000 0.000000 0.000000
vn 0.000000 0.000000 -1.000000
vn 0.000000 0.000000 -1.000000
vn 0.000000 0.000000 -1.000000
vn 0.000000 0.000000 -1.000000
vn 0.000000 0.000000 -1.000000
vn 0.000000 0.000000 -1.000000
vn 1.000000 0.000000 0.000000
vn 1.000000 0.000000 0.000000
vn 1.000000 0.000000 0.000000
vn 1.000000 0.000000 0.000000
vn 0.000000 0.000000 1.000000
vn 0.000000 0.000000 1.000000
vn 0.000000 0.000000 1.000000
vn 0.000000 0.000000 1.000000
vn 0.000000 0.000000 1.000000
vn 0.000000 0.000000 1.000000
vn 1.000000 0.000000 0.000000
vn 1.000000 0.000000 0.000000
vn 1.000000 0.000000 0.000000
vn 1.000000 0.000000 0.000000
vn 1.000000 0.000000 0.000000
vn 1.000000 0.000000 0.000000
vn 1.000000 0.000000 0.000000
vn 1.000000 0.000000 0.000000
vn 1.000000 0.000000 0.000000
vn 1.000000 0.000000 0.000000
vn 1.000000 0.000000 0.000000
vn 1.000000 0.000000 0.000000
vn 1.000000 0.000000 0.000000
vn 1.000000 0.000000 0.000000
vn 1.000000 0.000000 0.000000
vn 1.000000 0.000000 0.000000
vn 1.000000 0.000000 0.000000
vn 1.000000 0.000000 0.000000
vn 1.000000 0.000000 0.000000
vn 1.000000 0.000000 0.000000
vn 1.000000 0.000000 0.000000
vn 1.000000 0.000000 0.000000
vn 1.000000 0.000000 0.000000
vn 1.000000 0.000000 0.000000
vn 1.000000 0.000000 0.000000
vn 1.000000 0.000000 0.000000
vn 1.000000 0.000000 0.000000
vn 1.000000 0.000000 0.000000
vn 1.000000 0.000000 0.000000
vn 1.000000 0.000000 0.000000
vn 1.000000 0.000000 0.000000
vn 1.000000 0.000000 0.000000
vn 1.000000 0.000000 0.000000
vn 1.000000 0.000000 0.000000
vn 1.000000 0.000000 0.000000
vn 1.000000 0.000000 0.000000
vn 1.000000 0.000000 0.000000
vn 1.000000 0.000000 0.000000
vn 1.000000 0.000000 0.000000
vn 1.000000 0.000000 0.000000
vn 1.000000 0.000000 0.000000
vn 1.000000 0.000000 0.000000
vn 1.000000 0.000000 0.000000
vn 1.000000 0.000000 0.000000
vn 1.000000 0.000000 0.000000
vn 1.000000 0.000000 0.000000
vn 1.000000 0.000000 0.000000
vn 1.000000 0.000000 0.000000
vn 1.000000 0.000000 0.000000
vn 1.000000 0.000000 0.000000
vn 1.000000 0.000000 0.000000
vn 1.000000 0.000000 0.000000
vn 1.000000 0.000000 0.000000
vn 1.000000 0.000000 0.000000
vn 1.000000 0.000000 0.000000
vn 1.000000 0.000000 0.000000
vn 1.000000 0.000000 0.000000
vn 1.000000 0.000000 0.000000
vn 1.000000 0.000000 0.000000
vn 1.000000 0.000000 0.000000
vn 1.000000 0.000000 0.000000
vn 1.000000 0.000000 0.000000
vn 1.000000 0.000000 0.000000
vn 1.000000 0.000000 0.000000
vn 0.000000 0.000000 1.000000
vn 0.000000 0.000000 1.000000
vn 0.000000 0.047067 0.998892
vn 0.000000 0.094733 0.995503
vn 0.000000 0.143618 0.989633
vn 0.000000 0.194382 0.980926
vn 0.000000 0.247741 0.968826
vn 0.000000 0.304482 0.952518
vn 0.000000 0.365458 0.930828
vn 0.000000 0.431561 0.902084
vn 0.000000 0.503616 0.863928
vn 0.000000 0.582152 0.813080
vn 0.000000 0.666917 0.745132
vn 0.000000 0.756005 0.654566
vn 0.000000 0.844534 0.535502
vn 0.000000 0.923366 0.383920
vn 0.000000 0.979459 0.201646
vn 0.000000 1.000000 0.000000
vn 0.000000 0.979459 -0.201646
vn 0.000000 0.923366 -0.383920
vn 0.000000 0.844534 -0.535502
vn 0.000000 0.756005 -0.654566
vn 0.000000 0.666917 -0.745132
vn 0.000000 0.582152 -0.813080
vn 0.000000 0.503616 -0.863928
vn 0.000000 0.431561 -0.902084
vn 0.000000 0.365458 -0.930828
vn 0.000000 0.304482 -0.952518
vn 0.000000 0.247741 -0.968826
vn 0.000000 0.194382 -0.980926
vn 0.000000 0.143618 -0.989633
vn 0.000000 0.094733 -0.995503
vn 0.000000 0.047067 -0.998892
vn 0.000000 0.000000 -1.000000
vn 0.000000 0.000000 -1.000000
vn 0.000000 0.047067 -0.998892
vn 0.000000 0.094733 -0.995503
vn 0.000000 0.143618 -0.989633
vn 0.000000 0.194382 -0.980926
vn 0.000000 0.247741 -0.968826
vn 0.000000 0.304482 -0.952518
vn 0.000000 0.365458 -0.930828
vn 0.000000 0.431561 -0.902084
vn 0.000000 0.503616 -0.863928
vn 0.000000 0.582152 -0.813080
vn 0.000000 0.666917 -0.745132
vn 0.000000 0.756005 -0.654566
vn 0.000000 0.844534 -0.535502
vn 0.000000 0.923366 -0.383920
vn 0.000000 0.979459 -0.201646
vn 0.000000 1.000000 0.000000
vn 0.000000 0.979459 0.201646
vn 0.000000 0.923366 0.383920
vn 0.000000 0.844534 0.535502
vn 0.000000 0.756005 0.654566
vn 0.000000 0.666917 0.745132
vn 0.000000 0.582152 0.813080
vn 0.000000 0.503616 0.863928
vn 0.000000 0.431561 0.902084
vn 0.000000 0.365458 0.930828
vn 0.000000 0.304482 0.952518
vn 0.000000 0.247741 0.968826
vn 0.000000 0.194382 0.980926
vn 0.000000 0.143618 0.989633
vn 0.000000 0.094733 0.995503
vn 0.000000 0.047067 0.998892
vn 0.000000 0.000000 1.000000
vn 0.000000 0.000000 1.000000
vn 0.000000 0.000000 1.000000
vn 0.000000 0.000000 1.000000
vn 0.000000 0.000000 1.000000
vn 0.000000 0.000000 1.000000
vn 0.000000 0.000000 1.000000
vn 0.000000 0.000000 1.000000
vn 0.000000 0.000000 1.000000
vn 0.000000 0.000000 1.000000
vn 0.000000 0.000000 1.000000
vn 0.000000 0.000000 1.000000
vn 0.000000 0.000000 1.000000
vn 0.000000 0.000000 1.000000
vn 0.000000 0.000000 1.000000
vn 0.000000 0.000000 1.000000
vn 0.000000 0.000000 1.000000
vn 0.000000 0.000000 1.000000
vn 0.000000 0.000000 1.000000
vn 0.000000 0.000000 1.000000
vn 0.000000 0.000000 1.000000
vn 0.000000 0.000000 1.000000
vn 0.000000 0.000000 1.000000
vn 0.000000 0.000000 1.000000
vn 0.000000 0.000000 1.000000
vn 0.000000 0.000000 1.000000
vn 0.000000 0.000000 1.000000
vn 0.000000 0.000000 1.000000
vn 0.000000 0.000000 1.000000
vn 0.000000 0.000000 1.000000
vn 0.000000 0.000000 1.000000
vn 0.000000 0.000000 1.000000
vn 0.000000 0.000000 1.000000
vn 0.000000 0.000000 1.000000
vn 0.000000 0.000000 1.000000
vn 0.000000 0.000000 1.000000
vn 0.000000 0.000000 1.000000
vn 0.000000 0.000000 1.000000
vn 0.000000 0.000000 1.000000
vn 0.000000 0.000000 1.000000
vn 0.000000 0.000000 1.000000
vn 0.000000 0.000000 1.000000
vn 0.000000 0.000000 1.000000
vn 0.000000 0.000000 1.000000
vn 0.000000 0.000000 1.000000
vn 0.000000 0.000000 1.000000
vn 0.000000 0.000000 1.000000
vn 0.000000 0.000000 1.000000
vn 0.000000 0.000000 1.000000
vn 0.000000 0.207537 -0.978227
vn 0.000000 0.194403 -0.980922
vn 0.000000 0.181134 -0.983458
vn 0.000000 0.167742 -0.985831
vn 0.000000 0.154236 -0.988034
vn 0.000000 0.140630 -0.990062
vn 0.000000 0.126934 -0.991911
vn 0.000000 0.113120 -0.993581
vn 0.000000 0.099183 -0.995069
vn 0.000000 0.085156 -0.996368
vn 0.000000 0.071056 -0.997472
vn 0.000000 0.056899 -0.998380
vn 0.000000 0.042700 -0.999088
vn 0.000000 0.028473 -0.999595
vn 0.000000 0.014235 -0.999899
vn 0.000000 0.000000 -1.000000
vn 0.000000 0.000000 -1.000000
vn 0.000000 0.012220 -0.999925
vn 0.000000 0.024737 -0.999694
vn 0.000000 0.037538 -0.999295
vn 0.000000 0.050609 -0.998719
vn 0.000000 0.063933 -0.997954
vn 0.000000 0.077492 -0.996993
vn 0.000000 0.091267 -0.995826
vn 0.000000 0.105237 -0.994447
vn 0.000000 0.119379 -0.992849
vn 0.000000 0.133673 -0.991026
vn 0.000000 0.148145 -0.988966
vn 0.000000 0.162790 -0.986661
vn 0.000000 0.177587 -0.984105
vn 0.000000 0.192511 -0.981295
vn 0.000000 0.207537 -0.978227
vn 0.000000 0.000000 -1.000000
vn 0.000000 -0.046848 -0.998902
vn 0.000000 -0.094402 -0.995534
vn 0.000000 -0.143853 -0.989599
vn 0.000000 -0.195577 -0.980688
vn 0.000000 -0.250807 -0.968037
vn 0.000000 -0.310695 -0.950510
vn 0.000000 -0.375764 -0.926715
vn 0.000000 -0.446809 -0.894629
vn 0.000000 -0.525323 -0.850903
vn 0.000000 -0.611861 -0.790966
vn 0.000000 -0.703883 -0.710316
vn 0.000000 -0.797637 -0.603138
vn 0.000000 -0.890849 -0.454300
vn 0.000000 -0.969717 -0.244232
vn 0.000000 -0.999905 0.013805
vn 0.000000 -0.962833 0.270098
vn 0.000000 -0.881389 0.472391
vn 0.000000 -0.787526 0.616282
vn 0.000000 -0.698818 0.715299
vn 0.000000 -0.620311 0.784356
vn 0.000000 -0.548065 0.836435
vn 0.000000 -0.480834 0.876812
vn 0.000000 -0.418613 0.908165
vn 0.000000 -0.360590 0.932724
vn 0.000000 -0.306846 0.951759
vn 0.000000 -0.256937 0.966428
vn 0.000000 -0.210012 0.977699
vn 0.000000 -0.165549 0.986202
vn 0.000000 -0.122672 0.992447
vn 0.000000 -0.081129 0.996704
vn 0.000000 0.000000 1.000000
vn 0.000000 0.000000 1.000000
vn 0.000000 -0.081129 0.996704
vn 0.000000 -0.122672 0.992447
vn 0.000000 -0.165549 0.986202
vn 0.000000 -0.210012 0.977699
vn 0.000000 -0.256937 0.966428
vn 0.000000 -0.306846 0.951759
vn 0.000000 -0.360590 0.932724
vn 0.000000 -0.418613 0.908165
vn 0.000000 -0.480834 0.876812
vn 0.000000 -0.548065 0.836435
vn 0.000000 -0.620311 0.784356
vn 0.000000 -0.698818 0.715299
vn 0.000000 -0.787526 0.616282
vn 0.000000 -0.881389 0.472391
vn 0.000000 -0.962833 0.270098
vn 0.000000 -0.999905 0.013805
vn 0.000000 -0.969717 -0.244232
vn 0.000000 -0.890849 -0.454300
vn 0.000000 -0.797637 -0.603138
vn 0.000000 -0.703883 -0.710316
vn 0.000000 -0.611861 -0.790966
vn 0.000000 -0.525323 -0.850903
vn 0.000000 -0.446809 -0.894629
vn 0.000000 -0.375764 -0.926715
vn 0.000000 -0.310695 -0.950510
vn 0.000000 -0.250807 -0.968037
vn 0.000000 -0.195577 -0.980688
vn 0.000000 -0.143853 -0.989599
vn 0.000000 -0.094402 -0.995534
vn 0.000000 -0.046848 -0.998902
vn 0.000000 0.000000 -1.000000
vn 0.000000 -0.711111 -0.703080
vn 0.000000 -0.711111 -0.703080
vn 0.000000 -0.657240 -0.753681
vn 0.000000 -0.657240 -0.753681
vn 0.000000 -0.711111 -0.703080
vn 0.000000 -0.711111 -0.703080
vn 0.000000 -0.657240 -0.753681
vn 0.000000 -0.657240 -0.753681
vn 0.000000 -0.711111 -0.703080
vn 0.000000 -0.711111 -0.703080
vn 0.000000 -0.657240 -0.753681
vn 0.000000 -0.657240 -0.753681
vn 0.000000 -0.711111 -0.703080
vn 0.000000 -0.711111 -0.703080
vn 0.000000 -0.657240 -0.753681
vn 0.000000 -0.657240 -0.753681
vn 0.000000 -0.537220 -0.843442
vn 0.000000 -0.384807 -0.922997
vn 0.000000 -0.201970 -0.979392
vn 0.000000 0.000000 -1.000000
vn 0.000000 0.000000 -1.000000
vn 0.000000 -0.228809 -0.973471
vn 0.000000 -0.430331 -0.902671
vn 0.000000 -0.590911 -0.806736
vn 1.000000 0.000000 0.000000
vn 1.000000 0.000000 0.000000
vn 1.000000 0.000000 0.000000
vn 1.000000 0.000000 0.000000
vn 1.000000 0.000000 0.000000
vn 1.000000 0.000000 0.000000
vn 1.000000 0.000000 0.000000
vn 1.000000 0.000000 0.000000
vn 1.000000 0.000000 0.000000
vn 1.000000 0.000000 0.000000
vn 1.000000 0.000000 0.000000
vn 1.000000 0.000000 0.000000
vn 1.000000 0.000000 0.000000
vn 1.000000 0.000000 0.000000
vn 1.000000 0.000000 0.000000
vn 1.000000 0.000000 0.000000
vn 1.000000 0.000000 0.000000
vn 1.000000 0.000000 0.000000
vn 1.000000 0.000000 0.000000
vn 1.000000 0.000000 0.000000
vn 1.000000 0.000000 0.000000
vn 1.000000 0.000000 0.000000
vn 1.000000 0.000000 0.000000
vn 1.000000 0.000000 0.000000
vn 1.000000 0.000000 0.000000
vn 1.000000 0.000000 0.000000
vn 1.000000 0.000000 0.000000
vn 1.000000 0.000000 0.000000
vn 1.000000 0.000000 0.000000
vn 1.000000 0.000000 0.000000
vn 1.000000 0.000000 0.000000
vn 1.000000 0.000000 0.000000
vn 1.000000 0.000000 0.000000
vn 1.000000 0.000000 0.000000
vn 1.000000 0.000000 0.000000
vn 1.000000 0.000000 0.000000
vn 1.000000 0.000000 0.000000
vn 1.000000 0.000000 0.000000
vn 1.000000 0.000000 0.000000
vn 1.000000 0.000000 0.000000
vn 1.000000 0.000000 0.000000
vn 1.000000 0.000000 0.000000
vn 1.000000 0.000000 0.000000
vn 1.000000 0.000000 0.000000
vn 1.000000 0.000000 0.000000
vn 1.000000 0.000000 0.000000
vn 1.000000 0.000000 0.000000
vn 1.000000 0.000000 0.000000
vn 1.000000 0.000000 0.000000
vn 1.000000 0.000000 0.000000
vn 1.000000 0.000000 0.000000
vn 1.000000 0.000000 0.000000
vn 1.000000 0.000000 0.000000
vn 1.000000 0.000000 0.000000
vn 1.000000 0.000000 0.000000
vn 1.000000 0.000000 0.000000
vn 1.000000 0.000000 0.000000
vn 1.000000 0.000000 0.000000
vn 1.000000 0.000000 0.000000
vn 1.000000 0.000000 0.000000
vn 1.000000 0.000000 0.000000
vn 1.000000 0.000000 0.000000
vn 1.000000 0.000000 0.000000
vn 1.000000 0.000000 0.000000
vn 1.000000 0.000000 0.000000
vn 1.000000 0.000000 0.000000
vn 1.000000 0.000000 0.000000
vn 1.000000 0.000000 0.000000
vn 1.000000 0.000000 0.000000
vn 1.000000 0.000000 0.000000
vn 1.000000 0.000000 0.000000
vn 1.000000 0.000000 0.000000
vn 1.000000 0.000000 0.000000
vn 1.000000 0.000000 0.000000
vn 1.000000 0.000000 0.000000
vn 1.000000 0.000000 0.000000
vn 1.000000 0.000000 0.000000
vn 1.000000 0.000000 0.000000
vn 1.000000 0.000000 0.000000
vn 1.000000 0.000000 0.000000
vn 1.000000 0.000000 0.000000
vn 1.000000 0.000000 0.000000
vn 1.000000 0.000000 0.000000
vn 1.000000 0.000000 0.000000
vn 1.000000 0.000000 0.000000
vn 1.000000 0.000000 0.000000
vn 1.000000 0.000000 0.000000
vn 1.000000 0.000000 0.000000
vn 1.000000 0.000000 0.000000
vn 1.000000 0.000000 0.000000
vn 1.000000 0.000000 0.000000
vn 1.000000 0.000000 0.000000
vn 1.000000 0.000000 0.000000
vn 1.000000 0.000000 0.000000
vn 1.000000 0.000000 0.000000
vn 1.000000 0.000000 0.000000
vn 1.000000 0.000000 0.000000
vn 1.000000 0.000000 0.000000
vn 1.000000 0.000000 0.000000
vn 1.000000 0.000000 0.000000
vn 1.000000 0.000000 0.000000
vn 1.000000 0.000000 0.000000
vn 1.000000 0.000000 0.000000
vn 1.000000 0.000000 0.000000
vn 1.000000 0.000000 0.000000
vn 1.000000 0.000000 0.000000
vn 1.000000 0.000000 0.000000
vn 1.000000 0.000000 0.000000
vn 1.000000 0.000000 0.000000
vn 1.000000 0.000000 0.000000
vn 1.000000 0.000000 0.000000
vn 1.000000 0.000000 0.000000
vn 1.000000 0.000000 0.000000
vn 1.000000 0.000000 0.000000
vn 1.000000 0.000000 0.000000
vn 1.000000 0.000000 0.000000
vn 1.000000 0.000000 0.000000
vn 1.000000 0.000000 0.000000
vn 1.000000 0.000000 0.000000
vn 1.000000 0.000000 0.000000
vn 1.000000 0.000000 0.000000
vn 1.000000 0.000000 0.000000
vn 1.000000 0.000000 0.000000
vn 1.000000 0.000000 0.000000
vn 1.000000 0.000000 0.000000
vn 1.000000 0.000000 0.000000
vn 1.000000 0.000000 0.000000
vn 1.000000 0.000000 0.000000
vn 1.000000 0.000000 0.000000
vn 1.000000 0.000000 0.000000
vn 1.000000 0.000000 0.000000
vn 1.000000 0.000000 0.000000
vn 1.000000 0.000000 0.000000
vn 1.000000 0.000000 0.000000
vn 1.000000 0.000000 0.000000
vn 1.000000 0.000000 0.000000
vn 1.000000 0.000000 0.000000
vn 0.000000 0.000000 1.000000
vn 0.000000 0.014235 0.999899
vn 0.000000 0.028473 0.999595
vn 0.000000 0.042700 0.999088
vn 0.000000 0.056899 0.998380
vn 0.000000 0.071056 0.997472
vn 0.000000 0.085156 0.996368
vn 0.000000 0.099183 0.995069
vn 0.000000 0.113120 0.993581
vn 0.000000 0.126934 0.991911
vn 0.000000 0.140630 0.990062
vn 0.000000 0.154236 0.988034
vn 0.000000 0.167742 0.985831
vn 0.000000 0.181134 0.983458
vn 0.000000 0.194403 0.980922
vn 0.000000 0.207537 0.978227
vn 0.000000 0.207537 0.978227
vn 0.000000 0.192483 0.981300
vn 0.000000 0.177535 0.984115
vn 0.000000 0.162718 0.986673
vn 0.000000 0.148055 0.988979
vn 0.000000 0.133570 0.991039
vn 0.000000 0.119267 0.992862
vn 0.000000 0.105119 0.994460
vn 0.000000 0.091148 0.995837
vn 0.000000 0.077377 0.997002
vn 0.000000 0.063825 0.997961
vn 0.000000 0.050514 0.998723
vn 0.000000 0.037460 0.999298
vn 0.000000 0.024680 0.999695
vn 0.000000 0.012189 0.999926
vn 0.000000 0.000000 1.000000
vn 0.000000 0.496638 0.867958
vn 0.000000 0.496638 0.867958
vn 0.000000 0.488779 0.872408
vn 0.000000 0.480770 0.876847
vn 0.000000 0.472607 0.881273
vn 0.000000 0.464290 0.885683
vn 0.000000 0.455821 0.890071
vn 0.000000 0.447199 0.894435
vn 0.000000 0.438421 0.898770
vn 0.000000 0.429486 0.903074
vn 0.000000 0.420392 0.907342
vn 0.000000 0.411133 0.911575
vn 0.000000 0.401704 0.915770
vn 0.000000 0.392103 0.919921
vn 0.000000 0.382331 0.924026
vn 0.000000 0.372387 0.928078
vn 0.000000 0.362271 0.932073
vn 0.000000 0.362271 0.932073
vn 0.000000 0.372397 0.928073
vn 0.000000 0.382350 0.924017
vn 0.000000 0.392130 0.919910
vn 0.000000 0.401737 0.915755
vn 0.000000 0.411171 0.911558
vn 0.000000 0.420433 0.907323
vn 0.000000 0.429528 0.903053
vn 0.000000 0.438463 0.898749
vn 0.000000 0.447240 0.894414
vn 0.000000 0.455859 0.890052
vn 0.000000 0.464324 0.885666
vn 0.000000 0.472634 0.881259
vn 0.000000 0.480789 0.876836
vn 0.000000 0.488790 0.872402
vn 0.000000 0.496638 -0.867958
vn 0.000000 0.496638 -0.867958
vn 0.000000 0.488772 -0.872411
vn 0.000000 0.480757 -0.876854
vn 0.000000 0.472589 -0.881283
vn 0.000000 0.464267 -0.885695
vn 0.000000 0.455794 -0.890085
vn 0.000000 0.447168 -0.894450
vn 0.000000 0.438388 -0.898786
vn 0.000000 0.429452 -0.903090
vn 0.000000 0.420358 -0.907359
vn 0.000000 0.411099 -0.911591
vn 0.000000 0.401670 -0.915785
vn 0.000000 0.392071 -0.919935
vn 0.000000 0.382301 -0.924038
vn 0.000000 0.372360 -0.928088
vn 0.000000 0.362271 -0.932073
vn 0.000000 0.362271 -0.932073
vn 0.000000 0.372360 -0.928088
vn 0.000000 0.382301 -0.924038
vn 0.000000 0.392071 -0.919935
vn 0.000000 0.401670 -0.915785
vn 0.000000 0.411098 -0.911591
vn 0.000000 0.420357 -0.907359
vn 0.000000 0.429452 -0.903090
vn 0.000000 0.438388 -0.898786
vn 0.000000 0.447168 -0.894450
vn 0.000000 0.455794 -0.890085
vn 0.000000 0.464267 -0.885695
vn 0.000000 0.472589 -0.881283
vn 0.000000 0.480757 -0.876854
vn 0.000000 0.488772 -0.872411
vn 0.000000 -0.711111 0.703080
vn 0.000000 -0.711111 0.703080
vn 0.000000 -0.590911 0.806736
vn 0.000000 -0.430331 0.902671
vn 0.000000 -0.228809 0.973471
vn 0.000000 0.000000 1.000000
vn 0.000000 0.000000 1.000000
vn 0.000000 -0.201970 0.979392
vn 0.000000 -0.384807 0.922997
vn 0.000000 -0.537220 0.843442
vn 0.000000 -0.657240 0.753681
vn 0.000000 -0.657240 0.753681
vn 0.000000 -0.711111 0.703080
vn 0.000000 -0.711111 0.703080
vn 0.000000 -0.657240 0.753681
vn 0.000000 -0.657240 0.753681
vn 0.000000 -0.711111 0.703080
vn 0.000000 -0.711111 0.703080
vn 0.000000 -0.657240 0.753681
vn 0.000000 -0.657240 0.753681
vn 0.000000 -0.711111 0.703080
vn 0.000000 -0.711111 0.703080
vn 0.000000 -0.657240 0.753681
vn 0.000000 -0.657240 0.753681
vn 0.000000 0.000000 1.000000
vn 0.000000 0.000000 1.000000
vn 0.000000 0.000000 1.000000
vn 0.000000 0.000000 1.000000
vn -1.000000 0.000000 0.000000
vn -1.000000 0.000000 0.000000
vn -1.000000 0.000000 0.000000
vn -1.000000 0.000000 0.000000
vn 1.000000 0.000000 0.000000
vn 1.000000 0.000000 0.000000
vn 1.000000 0.000000 0.000000
vn 1.000000 0.000000 0.000000
vn -1.000000 0.000000 0.000000
vn -1.000000 0.000000 0.000000
vn -1.000000 0.000000 0.000000
vn -1.000000 0.000000 0.000000
vn 0.000000 0.000000 1.000000
vn 0.000000 0.000000 1.000000
vn 0.000000 0.000000 1.000000
vn 0.000000 0.000000 1.000000
vn 1.000000 0.000000 0.000000
vn 1.000000 0.000000 0.000000
vn 1.000000 0.000000 0.000000
vn 1.000000 0.000000 0.000000
vn 1.000000 0.000000 0.000000
vn 1.000000 0.000000 0.000000
vn 1.000000 0.000000 0.000000
vn 1.000000 0.000000 0.000000
vn 1.000000 0.000000 0.000000
vn 1.000000 0.000000 0.000000
vn 1.000000 0.000000 0.000000
vn 1.000000 0.000000 0.000000
vn 1.000000 0.000000 0.000000
vn 1.000000 0.000000 0.000000
vn 1.000000 0.000000 0.000000
vn 1.000000 0.000000 0.000000
vn 1.000000 0.000000 0.000000
vn 1.000000 0.000000 0.000000
vn 1.000000 0.000000 0.000000
vn 1.000000 0.000000 0.000000
vn 1.000000 0.000000 0.000000
vn -1.000000 0.000000 0.000000
vn -1.000000 0.000000 0.000000
vn -1.000000 0.000000 0.000000
vn -1.000000 0.000000 0.000000
vn 0.000000 -1.000000 0.000000
vn 0.000000 -1.000000 0.000000
vn 0.000000 -1.000000 0.000000
vn 0.000000 -1.000000 0.000000
vn 0.000000 -1.000000 0.000000
vn 0.000000 -1.000000 0.000000
vn 0.000000 0.000000 1.000000
vn 0.000000 0.000000 1.000000
vn 0.000000 0.000000 1.000000
vn 0.000000 0.000000 1.000000
vn 0.000000 0.000000 1.000000
vn 0.000000 0.000000 1.000000
vn 0.000000 0.000000 1.000000
vn 0.000000 0.000000 1.000000
vn 0.000000 0.000000 1.000000
vn 1.000000 0.000000 0.000000
vn 1.000000 0.000000 0.000000
vn 1.000000 0.000000 0.000000
vn 1.000000 0.000000 0.000000
vn 1.000000 0.000000 0.000000
vn 1.000000 0.000000 0.000000
vn 1.000000 0.000000 0.000000
vn 1.000000 0.000000 0.000000
vn 1.000000 0.000000 0.000000
vn 1.000000 0.000000 0.000000
vn 1.000000 0.000000 0.000000
vn 1.000000 0.000000 0.000000
vn 1.000000 0.000000 0.000000
vn 1.000000 0.000000 0.000000
vn 1.000000 0.000000 0.000000
vn 1.000000 0.000000 0.000000
vn 1.000000 0.000000 0.000000
vn 1.000000 0.000000 0.000000
vn 1.000000 0.000000 0.000000
vn 1.000000 0.000000 0.000000
vn 1.000000 0.000000 0.000000
vn 1.000000 0.000000 0.000000
vn 1.000000 0.000000 0.000000
vn 1.000000 0.000000 0.000000
vn 1.000000 0.000000 0.000000
vn 0.000000 0.000000 1.000000
vn 0.000000 0.000000 1.000000
vn 0.000000 0.000000 1.000000
vn 0.000000 0.000000 1.000000
vn 0.000000 0.000000 1.000000
vn 0.000000 0.000000 1.000000
vn 0.000000 0.000000 1.000000
vn 0.000000 0.000000 1.000000
vn 0.000000 0.000000 1.000000
vn 0.000000 0.000000 1.000000
vn 0.000000 0.000000 1.000000
vn 0.000000 0.000000 1.000000
vn -1.000000 0.000000 0.000000
vn -1.000000 0.000000 0.000000
vn -1.000000 0.000000 0.000000
vn -1.000000 0.000000 0.000000
vn 0.000000 0.000000 -1.000000
vn 0.000000 0.000000 -1.000000
vn 0.000000 0.000000 -1.000000
vn 0.000000 0.000000 -1.000000
vn 1.000000 0.000000 0.000000
vn 1.000000 0.000000 0.000000
vn 1.000000 0.000000 0.000000
vn 1.000000 0.000000 0.000000
vn 1.000000 0.000000 0.000000
vn 1.000000 0.000000 0.000000
vn 1.000000 0.000000 0.000000
vn 1.000000 0.000000 0.000000
vn 0.000000 0.000000 -1.000000
vn 0.000000 0.000000 -1.000000
vn 0.000000 0.000000 -1.000000
vn 0.000000 0.000000 -1.000000
vn 0.000000 0.000000 -1.000000
vn 0.000000 0.000000 -1.000000
vn 0.000000 0.000000 -1.000000
vn 0.000000 0.000000 -1.000000
vn 0.000000 0.000000 -1.000000
vn -1.000000 0.000000 0.000000
vn -1.000000 0.000000 0.000000
vn -1.000000 0.000000 0.000000
vn -1.000000 0.000000 0.000000
vn -1.000000 0.000000 0.000000
vn -1.000000 0.000000 0.000000
vn -1.000000 0.000000 0.000000
vn -1.000000 0.000000 0.000000
vn 0.000000 0.000000 -1.000000
vn 0.000000 0.000000 -1.000000
vn 0.000000 0.000000 -1.000000
vn 0.000000 0.000000 -1.000000
vn 0.000000 0.000000 -1.000000
vn 0.000000 0.000000 -1.000000
vn 0.000000 0.000000 -1.000000
vn 0.000000 0.000000 -1.000000
vn 0.000000 0.000000 -1.000000
vn 0.000000 0.000000 -1.000000
vn 0.000000 0.000000 -1.000000
vn 0.000000 0.000000 -1.000000
vn 0.000000 0.000000 -1.000000
vn 0.000000 0.000000 -1.000000
vn 0.000000 0.000000 -1.000000
vn 0.000000 0.000000 -1.000000
vn 0.000000 0.000000 -1.000000
vn 0.000000 0.000000 -1.000000
vn 0.000000 0.000000 -1.000000
vn 0.000000 0.000000 -1.000000
vn 0.000000 0.000000 -1.000000
vn 0.000000 0.000000 -1.000000
vn 0.000000 0.000000 -1.000000
vn 0.000000 0.000000 -1.000000
vn 0.000000 0.000000 -1.000000
vn 0.000000 0.000000 -1.000000
vn 0.000000 0.000000 -1.000000
vn 0.000000 0.000000 -1.000000
vn 0.000000 0.000000 -1.000000
vn 0.000000 0.000000 -1.000000
vn 0.000000 0.000000 -1.000000
vn 0.000000 0.000000 -1.000000
vn 0.000000 0.000000 -1.000000
vn 0.000000 0.000000 -1.000000
vn 0.000000 0.000000 -1.000000
vn 0.000000 0.000000 -1.000000
vn 0.000000 0.000000 -1.000000
vn 0.000000 0.000000 -1.000000
vn 0.000000 0.000000 -1.000000
vn 0.000000 0.000000 -1.000000
vn 0.000000 0.000000 -1.000000
vn 0.000000 0.000000 -1.000000
vn 0.000000 0.000000 -1.000000
vn 0.000000 0.000000 -1.000000
vn 0.000000 0.000000 -1.000000
vn 0.000000 0.000000 -1.000000
vn 0.000000 0.000000 -1.000000
vn 0.000000 0.000000 -1.000000
vn 0.000000 0.000000 -1.000000
vn 0.000000 0.000000 -1.000000
vn 0.000000 0.000000 -1.000000
vn 0.000000 0.000000 -1.000000
vn 0.000000 0.000000 -1.000000
vn 0.000000 0.000000 -1.000000
vn 0.000000 0.000000 -1.000000
vn 0.000000 0.000000 -1.000000
vn 0.000000 0.000000 -1.000000
vn 0.000000 0.000000 -1.000000
vn 0.000000 0.000000 -1.000000
vn 0.000000 0.000000 -1.000000
vn 0.000000 0.000000 -1.000000
vn 0.000000 0.000000 -1.000000
vn 0.000000 0.000000 -1.000000
vn 0.000000 0.000000 -1.000000
vn 0.000000 0.000000 -1.000000
vn 1.000000 0.000000 0.000000
vn 1.000000 0.000000 0.000000
vn 1.000000 0.000000 0.000000
vn 1.000000 0.000000 0.000000
vn 0.655032 -0.755601 0.000000
vn 0.655032 -0.755601 0.000000
vn 0.655032 -0.755601 0.000000
vn 0.655032 -0.755601 0.000000
vn 0.719844 0.694136 0.000000
vn 0.719844 0.694136 0.000000
vn 0.719844 0.694136 0.000000
vn 0.719844 0.694136 0.000000
vn -0.694136 0.719844 0.000000
vn -0.694136 0.719844 0.000000
vn -0.694136 0.719844 0.000000
vn -0.694136 0.719844 0.000000
vn 1.000000 0.000000 0.000000
vn 1.000000 0.000000 0.000000
vn 1.000000 0.000000 0.000000
vn 1.000000 0.000000 0.000000
vn 0.000000 0.000000 1.000000
vn 0.000000 0.000000 1.000000
vn 0.000000 0.000000 1.000000
vn 0.000000 0.000000 1.000000
vn 0.000000 1.000000 0.000000
vn 0.000000 1.000000 0.000000
vn 0.000000 1.000000 0.000000
vn 0.000000 1.000000 0.000000
vn 0.000000 0.000000 -1.000000
vn 0.000000 0.000000 -1.000000
vn 0.000000 0.000000 -1.000000
vn 0.000000 0.000000 -1.000000
vn 0.000000 -1.000000 0.000000
vn 0.000000 -1.000000 0.000000
vn 0.000000 -1.000000 0.000000
vn 0.000000 -1.000000 0.000000
vn 1.000000 0.000000 0.000000
vn 1.000000 0.000000 0.000000
vn 1.000000 0.000000 0.000000
vn 1.000000 0.000000 0.000000
vn 0.000000 1.000000 0.000000
vn 0.000000 1.000000 0.000000
vn 0.000000 1.000000 0.000000
vn 0.000000 1.000000 0.000000
vn -1.000000 0.000000 0.000000
vn -1.000000 0.000000 0.000000
vn -1.000000 0.000000 0.000000
vn -1.000000 0.000000 0.000000
vn 0.000000 0.000000 1.000000
vn 0.000000 0.000000 1.000000
vn 0.000000 0.000000 1.000000
vn 0.000000 0.000000 1.000000
vn 0.000000 0.000000 1.000000
vn 0.000000 0.000000 1.000000
vn 0.000000 0.000000 1.000000
vn 0.000000 0.000000 1.000000
vn 0.000000 0.000000 1.000000
vn 0.000000 0.000000 1.000000
vn 0.000000 0.000000 1.000000
vn 0.000000 0.000000 1.000000
vn 0.000000 0.000000 1.000000
vn 0.000000 0.000000 1.000000
vn 0.000000 0.000000 1.000000
vn 0.000000 0.000000 1.000000
vn 0.000000 0.000000 1.000000
vn 0.000000 0.000000 1.000000
vn 0.000000 0.000000 1.000000
vn 0.000000 0.000000 1.000000
vn 0.000000 0.000000 1.000000
vn 0.000000 0.000000 1.000000
vn 0.000000 0.000000 1.000000
vn 0.000000 0.000000 1.000000
vn -1.000000 0.000000 0.000000
vn -1.000000 0.000000 0.000000
vn -1.000000 0.000000 0.000000
vn -1.000000 0.000000 0.000000
vn -1.000000 0.000000 0.000000
vn -1.000000 0.000000 0.000000
vn -1.000000 0.000000 0.000000
vn -1.000000 0.000000 0.000000
vn -1.000000 0.000000 0.000000
vn -1.000000 0.000000 0.000000
vn -1.000000 0.000000 0.000000
vn -1.000000 0.000000 0.000000
vn -1.000000 0.000000 0.000000
vn -1.000000 0.000000 0.000000
vn -1.000000 0.000000 0.000000
vn -1.000000 0.000000 0.000000
vn -1.000000 0.000000 0.000000
vn -1.000000 0.000000 0.000000
vn -1.000000 0.000000 0.000000
vn -1.000000 0.000000 0.000000
vn -1.000000 0.000000 0.000000
vn -1.000000 0.000000 0.000000
vn -1.000000 0.000000 0.000000
vn -1.000000 0.000000 0.000000
vn -1.000000 0.000000 0.000000
vn -1.000000 0.000000 0.000000
vn -1.000000 0.000000 0.000000
vn -1.000000 0.000000 0.000000
vn -1.000000 0.000000 0.000000
vn -1.000000 0.000000 0.000000
vn -1.000000 0.000000 0.000000
vn -1.000000 0.000000 0.000000
vn -1.000000 0.000000 0.000000
vn -1.000000 0.000000 0.000000
vn -1.000000 0.000000 0.000000
vn -1.000000 0.000000 0.000000
vn -1.000000 0.000000 0.000000
vn -1.000000 0.000000 0.000000
vn -1.000000 0.000000 0.000000
vn -1.000000 0.000000 0.000000
vn -1.000000 0.000000 0.000000
vn -1.000000 0.000000 0.000000
vn -1.000000 0.000000 0.000000
vn -1.000000 0.000000 0.000000
vn -1.000000 0.000000 0.000000
vn -1.000000 0.000000 0.000000
vn -1.000000 0.000000 0.000000
vn -1.000000 0.000000 0.000000
vn -1.000000 0.000000 0.000000
vn -1.000000 0.000000 0.000000
vn -1.000000 0.000000 0.000000
vn -1.000000 0.000000 0.000000
vn -1.000000 0.000000 0.000000
vn -1.000000 0.000000 0.000000
vn -1.000000 0.000000 0.000000
vn -1.000000 0.000000 0.000000
vn -1.000000 0.000000 0.000000
vn -1.000000 0.000000 0.000000
vn -1.000000 0.000000 0.000000
vn -1.000000 0.000000 0.000000
vn -1.000000 0.000000 0.000000
vn -1.000000 0.000000 0.000000
vn -1.000000 0.000000 0.000000
vn -1.000000 0.000000 0.000000
vn -1.000000 0.000000 0.000000
vn -1.000000 0.000000 0.000000
vn -1.000000 0.000000 0.000000
vn -1.000000 0.000000 0.000000
vn -1.000000 0.000000 0.000000
vn -1.000000 0.000000 0.000000
vn -1.000000 0.000000 0.000000
vn -1.000000 0.000000 0.000000
vn -1.000000 0.000000 0.000000
vn -1.000000 0.000000 0.000000
vn -1.000000 0.000000 0.000000
vn -1.000000 0.000000 0.000000
vn -1.000000 0.000000 0.000000
vn -1.000000 0.000000 0.000000
vn -1.000000 0.000000 0.000000
vn -1.000000 0.000000 0.000000
vn -1.000000 0.000000 0.000000
vn -1.000000 0.000000 0.000000
vn -1.000000 0.000000 0.000000
vn -1.000000 0.000000 0.000000
vn -1.000000 0.000000 0.000000
vn -1.000000 0.000000 0.000000
vn -1.000000 0.000000 0.000000
vn -1.000000 0.000000 0.000000
vn -1.000000 0.000000 0.000000
vn -1.000000 0.000000 0.000000
vn -1.000000 0.000000 0.000000
vn -1.000000 0.000000 0.000000
vn -1.000000 0.000000 0.000000
vn -1.000000 0.000000 0.000000
vn 0.000000 0.000000 1.000000
vn 0.000000 0.000000 1.000000
vn 0.000000 0.000000 1.000000
vn 0.000000 0.000000 1.000000
vn 0.000000 0.000000 -1.000000
vn 0.000000 0.000000 -1.000000
vn 0.000000 0.000000 -1.000000
vn 0.000000 0.000000 -1.000000
vn 0.000000 -1.000000 0.000000
vn 0.000000 -1.000000 0.000000
vn 0.000000 -1.000000 0.000000
vn 0.000000 -1.000000 0.000000
vn 0.000000 -1.000000 0.000000
vn 0.000000 -1.000000 0.000000
vn 0.000000 -1.000000 0.000000
vn 0.000000 -1.000000 0.000000
vn 0.000000 -1.000000 0.000000
vn 0.000000 -1.000000 0.000000
vn 0.000000 -1.000000 0.000000
vn 0.000000 -1.000000 0.000000
vn 0.000000 -1.000000 0.000000
vn 0.000000 -1.000000 0.000000
vn 0.000000 -1.000000 0.000000
vn 0.000000 -1.000000 0.000000
vn 0.000000 -1.000000 0.000000
vn 0.000000 -1.000000 0.000000
vn 0.000000 -1.000000 0.000000
vn 0.000000 -1.000000 0.000000
vn 1.000000 0.000000 0.000000
vn 1.000000 0.000000 0.000000
vn 1.000000 0.000000 0.000000
vn 1.000000 0.000000 0.000000
vn 1.000000 0.000000 0.000000
vn 1.000000 0.000000 0.000000
vn 1.000000 0.000000 0.000000
vn 1.000000 0.000000 0.000000
vn 0.000000 0.000000 1.000000
vn 0.000000 0.000000 1.000000
vn 0.000000 0.000000 1.000000
vn 0.000000 0.000000 1.000000
vn 0.000000 0.000000 1.000000
vn 0.000000 0.000000 1.000000
vn 0.000000 0.000000 1.000000
vn 0.000000 0.000000 1.000000
vn 0.000000 0.000000 1.000000
vn 0.000000 0.000000 1.000000
vn 0.000000 0.000000 1.000000
vn 0.000000 0.000000 1.000000
vn 0.000000 0.000000 1.000000
vn 0.000000 0.000000 1.000000
vn 0.000000 0.000000 1.000000
vn 0.000000 0.000000 1.000000
vn 0.000000 0.000000 1.000000
vn 0.000000 0.000000 1.000000
vn 0.000000 0.000000 -1.000000
vn 0.000000 0.000000 -1.000000
vn 0.000000 0.000000 -1.000000
vn 0.000000 0.000000 -1.000000
vn 0.000000 0.000000 -1.000000
vn 0.000000 0.000000 -1.000000
vn 0.000000 0.000000 -1.000000
vn 0.000000 0.000000 -1.000000
vn 0.000000 0.000000 -1.000000
vn 0.000000 0.000000 -1.000000
vn 0.000000 0.000000 -1.000000
vn 0.000000 0.000000 -1.000000
vn 0.000000 0.000000 -1.000000
vn 0.000000 0.000000 -1.000000
vn 0.000000 0.000000 -1.000000
vn 0.000000 0.000000 -1.000000
vn 0.000000 0.000000 -1.000000
vn 0.000000 0.000000 -1.000000
vn -1.000000 0.000000 0.000000
vn -1.000000 0.000000 0.000000
vn -1.000000 0.000000 0.000000
vn -1.000000 0.000000 0.000000
vn -1.000000 0.000000 0.000000
vn -1.000000 0.000000 0.000000
vn -1.000000 0.000000 0.000000
vn -1.000000 0.000000 0.000000
vn 0.000000 -1.000000 0.000000
vn 0.000000 -1.000000 0.000000
vn 0.000000 -1.000000 0.000000
vn 0.000000 -1.000000 0.000000
vn 0.000000 -1.000000 0.000000
vn 0.000000 -1.000000 0.000000
vn 0.000000 -1.000000 0.000000
vn 0.000000 -1.000000 0.000000
vn 0.000000 0.000000 -1.000000
vn 0.000000 0.000000 -1.000000
vn 0.000000 0.000000 -1.000000
vn 0.000000 0.000000 -1.000000
vn 0.000000 0.000000 -1.000000
vn 0.000000 0.000000 -1.000000
vn 0.000000 0.000000 -1.000000
vn 0.000000 0.000000 -1.000000
vn 0.000000 0.000000 1.000000
vn 0.000000 0.000000 1.000000
vn 0.000000 0.000000 1.000000
vn 0.000000 0.000000 1.000000
vn 0.000000 0.000000 1.000000
vn 0.000000 0.000000 1.000000
vn 0.000000 0.000000 1.000000
vn 0.000000 0.000000 1.000000
vn 0.000000 -1.000000 0.000000
vn 0.000000 -1.000000 0.000000
vn 0.000000 -1.000000 0.000000
vn 0.000000 -1.000000 0.000000
vn 0.000000 -1.000000 0.000000
vn 0.000000 -1.000000 0.000000
vn 0.000000 0.000000 -1.000000
vn 0.000000 0.000000 -1.000000
vn 0.000000 0.000000 -1.000000
vn 0.000000 0.000000 -1.000000
vn 0.000000 0.000000 -1.000000
vn 0.000000 0.000000 -1.000000
vn 0.000000 0.000000 -1.000000
vn 0.000000 0.000000 -1.000000
vn 0.000000 0.000000 -1.000000
vn 0.000000 0.000000 -1.000000
vn 0.000000 0.000000 -1.000000
vn 0.000000 0.000000 -1.000000
vn 0.000000 0.000000 -1.000000
vn 0.000000 0.000000 -1.000000
vn 0.000000 0.000000 -1.000000
vn 0.000000 0.000000 -1.000000
vn 0.000000 -1.000000 0.000000
vn 0.000000 -1.000000 0.000000
vn 0.000000 -1.000000 0.000000
vn 0.000000 -1.000000 0.000000
vn 0.000000 -1.000000 0.000000
vn 0.000000 -1.000000 0.000000
vn 0.000000 -1.000000 0.000000
vn 0.000000 -1.000000 0.000000
vn 0.707107 0.707107 0.000000
vn 0.707107 0.707107 0.000000
vn 0.707107 0.707107 0.000000
vn 0.707107 0.707107 0.000000
vn -0.999294 0.037563 0.000000
vn -0.976948 0.213480 0.000000
vn -0.923880 0.382683 0.000000
vn -0.841759 0.539853 0.000000
vn -0.733169 0.680047 0.000000
vn -0.733169 0.680047 0.000000
vn -0.841759 0.539853 0.000000
vn -0.923880 0.382683 0.000000
vn -0.976948 0.213480 0.000000
vn -0.999294 0.037563 0.000000
vn 0.000000 -1.000000 0.000000
vn 0.000000 -1.000000 0.000000
vn 0.000000 -1.000000 0.000000
vn 0.000000 -1.000000 0.000000
vn 0.000000 0.000000 -1.000000
vn 0.000000 0.000000 -1.000000
vn 0.000000 0.000000 -1.000000
vn 0.000000 0.000000 -1.000000
vn 0.000000 0.000000 -1.000000
vn 0.000000 0.000000 -1.000000
vn 0.733169 0.680047 0.000000
vn 0.841759 0.539853 0.000000
vn 0.923880 0.382683 0.000000
vn 0.976948 0.213480 0.000000
vn 0.999294 0.037563 0.000000
vn 0.999294 0.037563 0.000000
vn 0.976948 0.213480 0.000000
vn 0.923880 0.382683 0.000000
vn 0.841759 0.539853 0.000000
vn 0.733169 0.680047 0.000000
vn -0.707107 0.707107 0.000000
vn -0.707107 0.707107 0.000000
vn -0.707107 0.707107 0.000000
vn -0.707107 0.707107 0.000000
vn 0.000000 -1.000000 0.000000
vn 0.000000 -1.000000 0.000000
vn 0.000000 -1.000000 0.000000
vn 0.000000 -1.000000 0.000000
vn 0.000000 0.000000 -1.000000
vn 0.000000 0.000000 -1.000000
vn 0.000000 0.000000 -1.000000
vn 0.000000 0.000000 -1.000000
vn 0.000000 0.000000 -1.000000
vn 0.000000 0.000000 -1.000000
vn -0.707107 -0.707107 0.000000
vn -0.707107 -0.707107 0.000000
vn -0.707107 -0.707107 0.000000
vn -0.707107 -0.707107 0.000000
vn 0.999294 -0.037563 0.000000
vn 0.976948 -0.213480 0.000000
vn 0.923880 -0.382683 0.000000
vn 0.841759 -0.539853 0.000000
vn 0.733169 -0.680047 0.000000
vn 0.733169 -0.680047 0.000000
vn 0.841759 -0.539853 0.000000
vn 0.923880 -0.382683 0.000000
vn 0.976948 -0.213480 0.000000
vn 0.999294 -0.037563 0.000000
vn 0.000000 1.000000 0.000000
vn 0.000000 1.000000 0.000000
vn 0.000000 1.000000 0.000000
vn 0.000000 1.000000 0.000000
vn 0.000000 0.000000 -1.000000
vn 0.000000 0.000000 -1.000000
vn 0.000000 0.000000 -1.000000
vn 0.000000 0.000000 -1.000000
vn 0.000000 0.000000 -1.000000
vn 0.000000 0.000000 -1.000000
vn -0.707107 0.707107 0.000000
vn -0.707107 0.707107 0.000000
vn -0.707107 0.707107 0.000000
vn -0.707107 0.707107 0.000000
vn -0.037563 -0.999294 0.000000
vn -0.213480 -0.976948 0.000000
vn -0.382683 -0.923880 0.000000
vn -0.539853 -0.841759 0.000000
vn -0.680047 -0.733169 0.000000
vn -0.680047 -0.733169 0.000000
vn -0.539853 -0.841759 0.000000
vn -0.382683 -0.923880 0.000000
vn -0.213480 -0.976948 0.000000
vn -0.037563 -0.999294 0.000000
vn 1.000000 0.000000 0.000000
vn 1.000000 0.000000 0.000000
vn 1.000000 0.000000 0.000000
vn 1.000000 0.000000 0.000000
vn 0.000000 0.000000 -1.000000
vn 0.000000 0.000000 -1.000000
vn 0.000000 0.000000 -1.000000
vn 0.000000 0.000000 -1.000000
vn 0.000000 0.000000 -1.000000
vn 0.000000 0.000000 -1.000000
vn 0.707107 -0.707107 0.000000
vn 0.707107 -0.707107 0.000000
vn 0.707107 -0.707107 0.000000
vn 0.707107 -0.707107 0.000000
vn 0.027367 0.999625 0.000000
vn 0.172633 0.984986 0.000000
vn 0.314218 0.949351 0.000000
vn 0.449106 0.893478 0.000000
vn 0.574421 0.818560 0.000000
vn 0.687491 0.726193 0.000000
vn 0.687491 0.726193 0.000000
vn 0.574421 0.818560 0.000000
vn 0.449106 0.893478 0.000000
vn 0.314218 0.949351 0.000000
vn 0.172633 0.984986 0.000000
vn 0.027367 0.999625 0.000000
vn -1.000000 0.000000 0.000000
vn -1.000000 0.000000 0.000000
vn -1.000000 0.000000 0.000000
vn -1.000000 0.000000 0.000000
vn 0.000000 0.000000 -1.000000
vn 0.000000 0.000000 -1.000000
vn 0.000000 0.000000 -1.000000
vn 0.000000 0.000000 -1.000000
vn 0.000000 0.000000 -1.000000
vn 0.000000 0.000000 -1.000000
vn 0.000000 0.000000 -1.000000
vn 0.999625 -0.027367 0.000000
vn 0.984986 -0.172633 0.000000
vn 0.949351 -0.314218 0.000000
vn 0.893478 -0.449106 0.000000
vn 0.818560 -0.574421 0.000000
vn 0.726193 -0.687491 0.000000
vn 0.726193 -0.687491 0.000000
vn 0.818560 -0.574421 0.000000
vn 0.893478 -0.449106 0.000000
vn 0.949351 -0.314218 0.000000
vn 0.984986 -0.172633 0.000000
vn 0.999625 -0.027367 0.000000
vn 0.000000 1.000000 0.000000
vn 0.000000 1.000000 0.000000
vn 0.000000 1.000000 0.000000
vn 0.000000 1.000000 0.000000
vn -0.707107 -0.707107 0.000000
vn -0.707107 -0.707107 0.000000
vn -0.707107 -0.707107 0.000000
vn -0.707107 -0.707107 0.000000
vn 0.000000 0.000000 -1.000000
vn 0.000000 0.000000 -1.000000
vn 0.000000 0.000000 -1.000000
vn 0.000000 0.000000 -1.000000
vn 0.000000 0.000000 -1.000000
vn 0.000000 0.000000 -1.000000
vn 0.000000 0.000000 -1.000000
vn -0.999625 0.027367 0.000000
vn -0.984986 0.172633 0.000000
vn -0.949351 0.314218 0.000000
vn -0.893478 0.449106 0.000000
vn -0.818560 0.574421 0.000000
vn -0.726193 0.687491 0.000000
vn -0.726193 0.687491 0.000000
vn -0.818560 0.574421 0.000000
vn -0.893478 0.449106 0.000000
vn -0.949351 0.314218 0.000000
vn -0.984986 0.172633 0.000000
vn -0.999625 0.027367 0.000000
vn 0.000000 -1.000000 0.000000
vn 0.000000 -1.000000 0.000000
vn 0.000000 -1.000000 0.000000
vn 0.000000 -1.000000 0.000000
vn 0.707107 0.707107 0.000000
vn 0.707107 0.707107 0.000000
vn 0.707107 0.707107 0.000000
vn 0.707107 0.707107 0.000000
vn 0.000000 0.000000 -1.000000
vn 0.000000 0.000000 -1.000000
vn 0.000000 0.000000 -1.000000
vn 0.000000 0.000000 -1.000000
vn 0.000000 0.000000 -1.000000
vn 0.000000 0.000000 -1.000000
vn 0.000000 0.000000 -1.000000
vn 0.000000 1.000000 0.000000
vn 0.000000 1.000000 0.000000
vn 0.000000 1.000000 0.000000
vn 0.000000 1.000000 0.000000
vn -0.726193 -0.687491 0.000000
vn -0.818560 -0.574421 0.000000
vn -0.893478 -0.449106 0.000000
vn -0.949351 -0.314218 0.000000
vn -0.984986 -0.172633 0.000000
vn -0.999625 -0.027367 0.000000
vn -0.999625 -0.027367 0.000000
vn -0.984986 -0.172633 0.000000
vn -0.949351 -0.314218 0.000000
vn -0.893478 -0.449106 0.000000
vn -0.818560 -0.574421 0.000000
vn -0.726193 -0.687491 0.000000
vn 0.707107 -0.707107 0.000000
vn 0.707107 -0.707107 0.000000
vn 0.707107 -0.707107 0.000000
vn 0.707107 -0.707107 0.000000
vn 0.000000 0.000000 -1.000000
vn 0.000000 0.000000 -1.000000
vn 0.000000 0.000000 -1.000000
vn 0.000000 0.000000 -1.000000
vn 0.000000 0.000000 -1.000000
vn 0.000000 0.000000 -1.000000
vn 0.000000 0.000000 -1.000000
vn -0.707107 0.707107 0.000000
vn -0.707107 0.707107 0.000000
vn -0.707107 0.707107 0.000000
vn -0.707107 0.707107 0.000000
vn -0.027367 -0.999625 0.000000
vn -0.172633 -0.984986 0.000000
vn -0.314218 -0.949351 0.000000
vn -0.449106 -0.893478 0.000000
vn -0.574421 -0.818560 0.000000
vn -0.687491 -0.726193 0.000000
vn -0.687491 -0.726193 0.000000
vn -0.574421 -0.818560 0.000000
vn -0.449106 -0.893478 0.000000
vn -0.314218 -0.949351 0.000000
vn -0.172633 -0.984986 0.000000
vn -0.027367 -0.999625 0.000000
vn 1.000000 0.000000 0.000000
vn 1.000000 0.000000 0.000000
vn 1.000000 0.000000 0.000000
vn 1.000000 0.000000 0.000000
vn 0.000000 0.000000 -1.000000
vn 0.000000 0.000000 -1.000000
vn 0.000000 0.000000 -1.000000
vn 0.000000 0.000000 -1.000000
vn 0.000000 0.000000 -1.000000
vn 0.000000 0.000000 -1.000000
vn 0.000000 0.000000 -1.000000
vn -0.687491 0.726193 0.000000
vn -0.574421 0.818560 0.000000
vn -0.449106 0.893478 0.000000
vn -0.314218 0.949351 0.000000
vn -0.172633 0.984986 0.000000
vn -0.027367 0.999625 0.000000
vn -0.027367 0.999625 0.000000
vn -0.172633 0.984986 0.000000
vn -0.314218 0.949351 0.000000
vn -0.449106 0.893478 0.000000
vn -0.574421 0.818560 0.000000
vn -0.687491 0.726193 0.000000
vn -0.707107 -0.707107 0.000000
vn -0.707107 -0.707107 0.000000
vn -0.707107 -0.707107 0.000000
vn -0.707107 -0.707107 0.000000
vn 1.000000 0.000000 0.000000
vn 1.000000 0.000000 0.000000
vn 1.000000 0.000000 0.000000
vn 1.000000 0.000000 0.000000
vn 0.000000 0.000000 -1.000000
vn 0.000000 0.000000 -1.000000
vn 0.000000 0.000000 -1.000000
vn 0.000000 0.000000 -1.000000
vn 0.000000 0.000000 -1.000000
vn 0.000000 0.000000 -1.000000
vn 0.000000 0.000000 -1.000000
vn 0.687491 -0.726193 0.000000
vn 0.574421 -0.818560 0.000000
vn 0.449106 -0.893478 0.000000
vn 0.314218 -0.949351 0.000000
vn 0.172633 -0.984986 0.000000
vn 0.027367 -0.999625 0.000000
vn 0.027367 -0.999625 0.000000
vn 0.172633 -0.984986 0.000000
vn 0.314218 -0.949351 0.000000
vn 0.449106 -0.893478 0.000000
vn 0.574421 -0.818560 0.000000
vn 0.687491 -0.726193 0.000000
vn 0.707107 0.707107 0.000000
vn 0.707107 0.707107 0.000000
vn 0.707107 0.707107 0.000000
vn 0.707107 0.707107 0.000000
vn -1.000000 0.000000 0.000000
vn -1.000000 0.000000 0.000000
vn -1.000000 0.000000 0.000000
vn -1.000000 0.000000 0.000000
vn 0.000000 0.000000 -1.000000
vn 0.000000 0.000000 -1.000000
vn 0.000000 0.000000 -1.000000
vn 0.000000 0.000000 -1.000000
vn 0.000000 0.000000 -1.000000
vn 0.000000 0.000000 -1.000000
vn 0.000000 0.000000 -1.000000
vn 0.000000 -1.000000 0.000000
vn 0.000000 -1.000000 0.000000
vn 0.000000 -1.000000 0.000000
vn 0.000000 -1.000000 0.000000
vn 0.726193 0.687491 0.000000
vn 0.818560 0.574421 0.000000
vn 0.893478 0.449106 0.000000
vn 0.949351 0.314218 0.000000
vn 0.984986 0.172633 0.000000
vn 0.999625 0.027367 0.000000
vn 0.999625 0.027367 0.000000
vn 0.984986 0.172633 0.000000
vn 0.949351 0.314218 0.000000
vn 0.893478 0.449106 0.000000
vn 0.818560 0.574421 0.000000
vn 0.726193 0.687491 0.000000
vn -0.707107 0.707107 0.000000
vn -0.707107 0.707107 0.000000
vn -0.707107 0.707107 0.000000
vn -0.707107 0.707107 0.000000
vn 0.000000 0.000000 -1.000000
vn 0.000000 0.000000 -1.000000
vn 0.000000 0.000000 -1.000000
vn 0.000000 0.000000 -1.000000
vn 0.000000 0.000000 -1.000000
vn 0.000000 0.000000 -1.000000
vn 0.000000 0.000000 -1.000000
vn -0.733169 -0.680047 0.000000
vn -0.841759 -0.539853 0.000000
vn -0.923880 -0.382683 0.000000
vn -0.976948 -0.213480 0.000000
vn -0.999294 -0.037563 0.000000
vn -0.999294 -0.037563 0.000000
vn -0.976948 -0.213480 0.000000
vn -0.923880 -0.382683 0.000000
vn -0.841759 -0.539853 0.000000
vn -0.733169 -0.680047 0.000000
vn 0.707107 -0.707107 0.000000
vn 0.707107 -0.707107 0.000000
vn 0.707107 -0.707107 0.000000
vn 0.707107 -0.707107 0.000000
vn 0.000000 1.000000 0.000000
vn 0.000000 1.000000 0.000000
vn 0.000000 1.000000 0.000000
vn 0.000000 1.000000 0.000000
vn 0.000000 0.000000 -1.000000
vn 0.000000 0.000000 -1.000000
vn 0.000000 0.000000 -1.000000
vn 0.000000 0.000000 -1.000000
vn 0.000000 0.000000 -1.000000
vn 0.000000 0.000000 -1.000000
vn 0.680047 -0.733169 0.000000
vn 0.539853 -0.841759 0.000000
vn 0.382683 -0.923880 0.000000
vn 0.213480 -0.976948 0.000000
vn 0.037563 -0.999294 0.000000
vn 0.037563 -0.999294 0.000000
vn 0.213480 -0.976948 0.000000
vn 0.382683 -0.923880 0.000000
vn 0.539853 -0.841759 0.000000
vn 0.680047 -0.733169 0.000000
vn 0.707107 0.707107 0.000000
vn 0.707107 0.707107 0.000000
vn 0.707107 0.707107 0.000000
vn 0.707107 0.707107 0.000000
vn -1.000000 0.000000 0.000000
vn -1.000000 0.000000 0.000000
vn -1.000000 0.000000 0.000000
vn -1.000000 0.000000 0.000000
vn 0.000000 0.000000 -1.000000
vn 0.000000 0.000000 -1.000000
vn 0.000000 0.000000 -1.000000
vn 0.000000 0.000000 -1.000000
vn 0.000000 0.000000 -1.000000
vn 0.000000 0.000000 -1.000000
vn 0.707107 -0.707107 0.000000
vn 0.707107 -0.707107 0.000000
vn 0.707107 -0.707107 0.000000
vn 0.707107 -0.707107 0.000000
vn 0.037563 0.999294 0.000000
vn 0.213480 0.976948 0.000000
vn 0.382683 0.923880 0.000000
vn 0.539853 0.841759 0.000000
vn 0.680047 0.733169 0.000000
vn 0.680047 0.733169 0.000000
vn 0.539853 0.841759 0.000000
vn 0.382683 0.923880 0.000000
vn 0.213480 0.976948 0.000000
vn 0.037563 0.999294 0.000000
vn -1.000000 0.000000 0.000000
vn -1.000000 0.000000 0.000000
vn -1.000000 0.000000 0.000000
vn -1.000000 0.000000 0.000000
vn 0.000000 0.000000 -1.000000
vn 0.000000 0.000000 -1.000000
vn 0.000000 0.000000 -1.000000
vn 0.000000 0.000000 -1.000000
vn 0.000000 0.000000 -1.000000
vn 0.000000 0.000000 -1.000000
vn -0.680047 0.733169 0.000000
vn -0.539853 0.841759 0.000000
vn -0.382683 0.923880 0.000000
vn -0.213480 0.976948 0.000000
vn -0.037563 0.999294 0.000000
vn -0.037563 0.999294 0.000000
vn -0.213480 0.976948 0.000000
vn -0.382683 0.923880 0.000000
vn -0.539853 0.841759 0.000000
vn -0.680047 0.733169 0.000000
vn -0.707107 -0.707107 0.000000
vn -0.707107 -0.707107 0.000000
vn -0.707107 -0.707107 0.000000
vn -0.707107 -0.707107 0.000000
vn 1.000000 0.000000 0.000000
vn 1.000000 0.000000 0.000000
vn 1.000000 0.000000 0.000000
vn 1.000000 0.000000 0.000000
vn 0.000000 0.000000 -1.000000
vn 0.000000 0.000000 -1.000000
vn 0.000000 0.000000 -1.000000
vn 0.000000 0.000000 -1.000000
vn 0.000000 0.000000 -1.000000
vn 0.000000 0.000000 -1.000000
vn 1.000000 0.000000 0.000000
vn 0.980785 0.195090 0.000000
vn 0.923880 0.382683 0.000000
vn 0.831470 0.555570 0.000000
vn 0.707107 0.707107 0.000000
vn 0.555570 0.831470 0.000000
vn 0.382683 0.923880 0.000000
vn 0.195090 0.980785 0.000000
vn 0.000000 1.000000 0.000000
vn -0.195090 0.980785 0.000000
vn -0.382683 0.923880 0.000000
vn -0.555570 0.831470 0.000000
vn -0.707107 0.707107 0.000000
vn -0.831470 0.555570 0.000000
vn -0.923880 0.382683 0.000000
vn -0.980785 0.195090 0.000000
vn -1.000000 0.000000 0.000000
vn -0.980785 -0.195090 0.000000
vn -0.923880 -0.382683 0.000000
vn -0.831470 -0.555570 0.000000
vn -0.707107 -0.707107 0.000000
vn -0.555570 -0.831470 0.000000
vn -0.382683 -0.923880 0.000000
vn -0.195090 -0.980785 0.000000
vn 0.000000 -1.000000 0.000000
vn 0.195090 -0.980785 0.000000
vn 0.382683 -0.923880 0.000000
vn 0.555570 -0.831470 0.000000
vn 0.707107 -0.707107 0.000000
vn 0.831470 -0.555570 0.000000
vn 0.923880 -0.382683 0.000000
vn 0.980785 -0.195090 0.000000
vn -0.506791 0.862069 0.000000
vn -0.506791 0.862069 0.000000
vn -0.437243 0.899344 0.000000
vn -0.364972 0.931018 0.000000
vn -0.290429 0.956897 0.000000
vn -0.290429 0.956897 0.000000
vn -0.098067 0.995180 0.000000
vn 0.098067 0.995180 0.000000
vn 0.290429 0.956897 0.000000
vn 0.290429 0.956897 0.000000
vn 0.364972 0.931018 0.000000
vn 0.437243 0.899344 0.000000
vn 0.506791 0.862069 0.000000
vn 0.506791 0.862069 0.000000
vn 0.656511 0.754316 0.000000
vn 0.783893 0.620896 0.000000
vn 0.884601 0.466349 0.000000
vn 0.955209 0.295933 0.000000
vn 0.993313 0.115448 0.000000
vn 0.997619 -0.068966 0.000000
vn 0.963969 -0.266015 0.000000
vn 0.891797 -0.452435 0.000000
vn 0.783989 -0.620775 0.000000
vn 0.644851 -0.764308 0.000000
vn 0.479945 -0.877299 0.000000
vn 0.295860 -0.955231 0.000000
vn 0.099951 -0.994992 0.000000
vn -0.099951 -0.994992 0.000000
vn -0.295860 -0.955231 0.000000
vn -0.479945 -0.877299 0.000000
vn -0.644851 -0.764308 0.000000
vn -0.783989 -0.620775 0.000000
vn -0.891797 -0.452435 0.000000
vn -0.963969 -0.266015 0.000000
vn -0.997619 -0.068966 0.000000
vn -0.993313 0.115448 0.000000
vn -0.955209 0.295933 0.000000
vn -0.884601 0.466349 0.000000
vn -0.783893 0.620896 0.000000
vn -0.656511 0.754316 0.000000
vn 0.993313 0.115448 0.000000
vn 1.000000 0.000000 0.000000
vn 1.000000 0.000000 0.000000
vn 0.993313 0.115448 0.000000
vn 0.000000 0.000000 1.000000
vn 0.000000 0.000000 1.000000
vn 0.000000 0.000000 1.000000
vn 0.000000 0.000000 1.000000
vn 0.000000 0.000000 1.000000
vn 0.000000 0.000000 1.000000
vn 0.000000 0.000000 1.000000
vn 0.000000 0.000000 1.000000
vn 0.000000 0.000000 1.000000
vn 0.000000 0.000000 1.000000
vn 0.000000 0.000000 1.000000
vn 0.000000 0.000000 1.000000
vn 0.000000 0.000000 1.000000
vn 0.000000 0.000000 1.000000
vn 0.000000 0.000000 1.000000
vn 0.000000 0.000000 1.000000
vn 0.000000 0.000000 -1.000000
vn 0.000000 0.000000 -1.000000
vn 0.000000 0.000000 -1.000000
vn 0.000000 0.000000 -1.000000
vn 0.000000 0.000000 -1.000000
vn 0.000000 0.000000 -1.000000
vn 0.000000 0.000000 -1.000000
vn 0.000000 0.000000 -1.000000
vn 0.000000 0.000000 -1.000000
vn 0.000000 0.000000 -1.000000
vn 0.000000 0.000000 -1.000000
vn 0.000000 0.000000 -1.000000
vn 0.000000 0.000000 -1.000000
vn 0.000000 0.000000 -1.000000
vn 0.000000 0.000000 -1.000000
vn 0.000000 0.000000 -1.000000
vn 0.000000 0.000000 -1.000000
vn 0.000000 0.000000 -1.000000
vn 0.000000 0.000000 -1.000000
vn 0.000000 0.000000 -1.000000
vn 0.000000 0.000000 -1.000000
vn 0.000000 0.000000 -1.000000
vn 0.000000 0.000000 -1.000000
vn 0.000000 0.000000 -1.000000
vn 0.000000 0.000000 -1.000000
vn 0.000000 0.000000 -1.000000
vn 0.000000 0.000000 -1.000000
vn 0.000000 0.000000 -1.000000
vn 0.000000 0.000000 -1.000000
vn 0.000000 0.000000 -1.000000
vn 0.000000 0.000000 -1.000000
vn 0.000000 0.000000 -1.000000
vn 0.000000 0.000000 -1.000000
vn 0.000000 0.000000 -1.000000
vn 0.000000 0.000000 -1.000000
vn 0.000000 0.000000 -1.000000
vn 0.000000 0.000000 -1.000000
vn 0.000000 0.000000 -1.000000
vn 0.000000 0.000000 -1.000000
vn 0.000000 0.000000 -1.000000
vn 0.000000 0.000000 -1.000000
vn 0.000000 0.000000 -1.000000
vn 0.000000 0.000000 -1.000000
vn 0.000000 0.000000 -1.000000
vn 0.000000 0.000000 -1.000000
vn 0.000000 0.000000 -1.000000
vn 0.000000 0.000000 -1.000000
vn 0.000000 0.000000 -1.000000
vn 0.000000 0.000000 -1.000000
vn 0.000000 0.000000 -1.000000
vn 0.000000 0.000000 -1.000000
vn 0.000000 0.000000 -1.000000
vn 0.000000 0.000000 -1.000000
vn 0.000000 0.000000 -1.000000
vn 0.000000 0.000000 -1.000000
vn 0.000000 0.000000 -1.000000
vn 0.000000 0.000000 -1.000000
vn 0.000000 0.000000 -1.000000
vn 0.000000 0.000000 -1.000000
vn 0.000000 0.000000 -1.000000
vn 0.000000 0.000000 -1.000000
vn 0.000000 0.000000 -1.000000
vn 0.000000 0.000000 -1.000000
vn 0.000000 0.000000 -1.000000
vn 0.000000 0.000000 -1.000000
vn 0.000000 0.000000 -1.000000
vn 0.000000 0.000000 -1.000000
vn 0.000000 0.000000 -1.000000
vn 0.000000 0.000000 -1.000000
vn 0.000000 0.000000 -1.000000
vn 0.000000 0.000000 -1.000000
vn 0.000000 0.000000 -1.000000
vn 0.000000 0.000000 -1.000000
vn 0.000000 0.000000 -1.000000
vn 0.000000 0.000000 -1.000000
vn 0.000000 0.000000 -1.000000
vn 0.000000 0.000000 -1.000000
vn 0.000000 0.000000 -1.000000
vn 0.000000 0.000000 -1.000000
vn 0.000000 0.000000 -1.000000
vn 0.923077 0.384615 0.000000
vn 0.923077 0.384615 0.000000
vn 0.968096 0.250580 0.000000
vn 0.993760 0.111535 0.000000
vn 0.999558 -0.029739 0.000000
vn 0.985372 -0.170419 0.000000
vn 0.951486 -0.307692 0.000000
vn 0.885330 -0.464963 0.000000
vn 0.793401 -0.608699 0.000000
vn 0.678376 -0.734715 0.000000
vn 0.543603 -0.839343 0.000000
vn 0.393005 -0.919536 0.000000
vn 0.230966 -0.972962 0.000000
vn 0.062204 -0.998063 0.000000
vn -0.108369 -0.994111 0.000000
vn -0.275787 -0.961219 0.000000
vn -0.435177 -0.900345 0.000000
vn -0.581899 -0.813261 0.000000
vn -0.711681 -0.702503 0.000000
vn -0.820745 -0.571294 0.000000
vn -0.905917 -0.423454 0.000000
vn -0.964717 -0.263288 0.000000
vn -0.995434 -0.095457 0.000000
vn -0.997172 0.075153 0.000000
vn -0.969882 0.243576 0.000000
vn -0.914358 0.404907 0.000000
vn -0.832216 0.554451 0.000000
vn -0.832216 0.554451 0.000000
vn -0.796697 0.604378 0.000000
vn -0.758188 0.652036 0.000000
vn -0.716831 0.697246 0.000000
vn -0.716831 0.697246 0.000000
vn -0.662506 0.749056 0.000000
vn -0.604448 0.796645 0.000000
vn -0.542983 0.839744 0.000000
vn -0.542983 0.839744 0.000000
vn -0.505560 0.862792 0.000000
vn -0.467160 0.884173 0.000000
vn -0.427858 0.903846 0.000000
vn -0.427858 0.903846 0.000000
vn -0.286823 0.957984 0.000000
vn -0.139242 0.990258 0.000000
vn 0.011516 0.999934 0.000000
vn 0.162011 0.986789 0.000000
vn 0.308810 0.951124 0.000000
vn 0.308810 0.951124 0.000000
vn 0.389992 0.920818 0.000000
vn 0.468245 0.883598 0.000000
vn 0.542983 0.839744 0.000000
vn 0.542983 0.839744 0.000000
vn 0.648079 0.761573 0.000000
vn 0.742056 0.670337 0.000000
vn 0.823303 0.567602 0.000000
vn 0.890426 0.455128 0.000000
vn 0.890426 0.455128 0.000000
vn 0.901917 0.431909 0.000000
vn 0.912803 0.408399 0.000000
vn 1.000000 0.000000 0.000000
vn 0.985616 0.169001 0.000000
vn 0.942877 0.333140 0.000000
vn 0.873014 0.487695 0.000000
vn 0.778036 0.628220 0.000000
vn 0.660675 0.750672 0.000000
vn 0.524307 0.851529 0.000000
vn 0.372856 0.927889 0.000000
vn 0.210679 0.977555 0.000000
vn 0.042441 0.999099 0.000000
vn -0.127018 0.991900 0.000000
vn -0.292823 0.956167 0.000000
vn -0.450204 0.892926 0.000000
vn -0.594633 0.803997 0.000000
vn -0.721956 0.691939 0.000000
vn -0.828510 0.559975 0.000000
vn -0.911228 0.411901 0.000000
vn -0.967733 0.251978 0.000000
vn -0.996397 0.084806 0.000000
vn -0.996397 -0.084806 0.000000
vn -0.967733 -0.251978 0.000000
vn -0.911228 -0.411901 0.000000
vn -0.828510 -0.559975 0.000000
vn -0.721956 -0.691939 0.000000
vn -0.594633 -0.803997 0.000000
vn -0.450204 -0.892926 0.000000
vn -0.292823 -0.956167 0.000000
vn -0.127018 -0.991900 0.000000
vn 0.042441 -0.999099 0.000000
vn 0.210679 -0.977555 0.000000
vn 0.372856 -0.927889 0.000000
vn 0.524307 -0.851529 0.000000
vn 0.660675 -0.750672 0.000000
vn 0.778036 -0.628220 0.000000
vn 0.873014 -0.487695 0.000000
vn 0.942877 -0.333140 0.000000
vn 0.985616 -0.169001 0.000000
vn 0.993760 0.111535 0.000000
vn 0.993760 0.111535 0.000000
vn 1.000000 0.000000 0.000000
vn 1.000000 0.000000 0.000000
vn 0.000000 0.000000 -1.000000
vn 0.000000 0.000000 -1.000000
vn 0.000000 0.000000 -1.000000
vn 0.000000 0.000000 -1.000000
vn 0.000000 0.000000 -1.000000
vn 0.000000 0.000000 -1.000000
vn 0.000000 0.000000 -1.000000
vn 0.000000 0.000000 -1.000000
vn 0.000000 0.000000 -1.000000
vn 0.000000 0.000000 -1.000000
vn 0.000000 0.000000 -1.000000
vn 0.000000 0.000000 -1.000000
vn 0.000000 0.000000 -1.000000
vn 0.000000 0.000000 -1.000000
vn 0.000000 0.000000 -1.000000
vn 0.000000 0.000000 -1.000000
vn 0.000000 0.000000 -1.000000
vn 0.000000 0.000000 -1.000000
vn 0.000000 0.000000 -1.000000
vn 0.000000 0.000000 -1.000000
vn 0.000000 0.000000 -1.000000
vn 0.000000 0.000000 -1.000000
vn 0.000000 0.000000 -1.000000
vn 0.000000 0.000000 -1.000000
vn 0.000000 0.000000 -1.000000
vn 0.000000 0.000000 -1.000000
vn 0.000000 0.000000 -1.000000
vn 0.000000 0.000000 -1.000000
vn 0.000000 0.000000 -1.000000
vn 0.000000 0.000000 -1.000000
vn 0.000000 0.000000 -1.000000
vn 0.000000 0.000000 -1.000000
vn 0.000000 0.000000 -1.000000
vn 0.000000 0.000000 -1.000000
vn 0.000000 0.000000 -1.000000
vn 0.000000 0.000000 -1.000000
vn 0.000000 0.000000 -1.000000
vn 0.000000 0.000000 -1.000000
vn 0.000000 0.000000 -1.000000
vn 0.000000 0.000000 -1.000000
vn 0.000000 0.000000 -1.000000
vn 0.000000 0.000000 -1.000000
vn 0.000000 0.000000 -1.000000
vn 0.000000 0.000000 -1.000000
vn 0.000000 0.000000 -1.000000
vn 0.000000 0.000000 -1.000000
vn 0.000000 0.000000 -1.000000
vn 0.000000 0.000000 -1.000000
vn 0.000000 0.000000 -1.000000
vn 0.000000 0.000000 -1.000000
vn 0.000000 0.000000 -1.000000
vn 0.000000 0.000000 -1.000000
vn 0.000000 0.000000 -1.000000
vn 0.000000 0.000000 -1.000000
vn 0.000000 0.000000 -1.000000
vn 0.000000 0.000000 -1.000000
vn 0.000000 0.000000 -1.000000
vn 0.000000 0.000000 -1.000000
vn 0.000000 0.000000 -1.000000
vn 0.000000 0.000000 -1.000000
vn 0.000000 0.000000 -1.000000
vn 0.000000 0.000000 -1.000000
vn 0.000000 0.000000 -1.000000
vn 0.000000 0.000000 -1.000000
vn 0.000000 0.000000 -1.000000
vn 0.000000 0.000000 -1.000000
vn 0.000000 0.000000 -1.000000
vn 0.000000 0.000000 -1.000000
vn 0.000000 0.000000 -1.000000
vn 0.000000 0.000000 -1.000000
vn 0.000000 0.000000 -1.000000
vn 0.000000 0.000000 -1.000000
vn 0.000000 0.000000 -1.000000
vn 0.000000 0.000000 -1.000000
vn 0.000000 0.000000 -1.000000
vn 0.000000 0.000000 -1.000000
vn 0.000000 0.000000 -1.000000
vn 0.000000 0.000000 -1.000000
vn 0.000000 0.000000 -1.000000
vn 0.000000 0.000000 -1.000000
vn 0.000000 0.000000 -1.000000
vn 0.000000 0.000000 -1.000000
vn 0.000000 0.000000 -1.000000
vn 0.000000 0.000000 -1.000000
vn 0.000000 0.000000 -1.000000
vn 0.000000 0.000000 -1.000000
vn 0.000000 0.000000 -1.000000
vn 0.000000 0.000000 -1.000000
vn 0.000000 0.000000 -1.000000
vn 0.000000 0.000000 -1.000000
vn 0.000000 0.000000 -1.000000
vn 0.000000 0.000000 -1.000000
vn 0.000000 0.000000 -1.000000
vn 0.000000 1.000000 0.000000
vn 0.000000 1.000000 0.000000
vn 0.000000 1.000000 0.000000
vn 0.000000 1.000000 0.000000
vn 0.000000 1.000000 0.000000
vn 0.000000 1.000000 0.000000
vn 0.000000 1.000000 0.000000
vn 0.000000 1.000000 0.000000
vn 0.000000 0.000000 -1.000000
vn 0.000000 0.000000 -1.000000
vn 0.000000 0.000000 -1.000000
vn 0.000000 0.000000 -1.000000
vn 0.000000 0.000000 -1.000000
vn 0.000000 0.000000 -1.000000
vn 0.000000 0.000000 -1.000000
vn 0.000000 -1.000000 0.000000
vn 0.000000 -1.000000 0.000000
vn 0.000000 -1.000000 0.000000
vn 0.000000 -1.000000 0.000000
vn 0.707107 0.707107 0.000000
vn 0.707107 0.707107 0.000000
vn 0.707107 0.707107 0.000000
vn 0.707107 0.707107 0.000000
vn -0.733169 0.680047 0.000000
vn -0.841759 0.539853 0.000000
vn -0.923880 0.382683 0.000000
vn -0.976948 0.213480 0.000000
vn -0.999294 0.037563 0.000000
vn -0.999294 0.037563 0.000000
vn -0.976948 0.213480 0.000000
vn -0.923880 0.382683 0.000000
vn -0.841759 0.539853 0.000000
vn -0.733169 0.680047 0.000000
vn 0.000000 -1.000000 0.000000
vn 0.000000 -1.000000 0.000000
vn 0.000000 -1.000000 0.000000
vn 0.000000 -1.000000 0.000000
vn 0.000000 0.000000 1.000000
vn 0.000000 0.000000 1.000000
vn 0.000000 0.000000 1.000000
vn 0.000000 0.000000 1.000000
vn 0.000000 0.000000 1.000000
vn 0.000000 0.000000 1.000000
vn 0.999294 0.037563 0.000000
vn 0.976948 0.213480 0.000000
vn 0.923880 0.382683 0.000000
vn 0.841759 0.539853 0.000000
vn 0.733169 0.680047 0.000000
vn 0.733169 0.680047 0.000000
vn 0.841759 0.539853 0.000000
vn 0.923880 0.382683 0.000000
vn 0.976948 0.213480 0.000000
vn 0.999294 0.037563 0.000000
vn -0.707107 0.707107 0.000000
vn -0.707107 0.707107 0.000000
vn -0.707107 0.707107 0.000000
vn -0.707107 0.707107 0.000000
vn 0.000000 -1.000000 0.000000
vn 0.000000 -1.000000 0.000000
vn 0.000000 -1.000000 0.000000
vn 0.000000 -1.000000 0.000000
vn 0.000000 0.000000 1.000000
vn 0.000000 0.000000 1.000000
vn 0.000000 0.000000 1.000000
vn 0.000000 0.000000 1.000000
vn 0.000000 0.000000 1.000000
vn 0.000000 0.000000 1.000000
vn -0.707107 -0.707107 0.000000
vn -0.707107 -0.707107 0.000000
vn -0.707107 -0.707107 0.000000
vn -0.707107 -0.707107 0.000000
vn 0.733169 -0.680047 0.000000
vn 0.841759 -0.539853 0.000000
vn 0.923880 -0.382683 0.000000
vn 0.976948 -0.213480 0.000000
vn 0.999294 -0.037563 0.000000
vn 0.999294 -0.037563 0.000000
vn 0.976948 -0.213480 0.000000
vn 0.923880 -0.382683 0.000000
vn 0.841759 -0.539853 0.000000
vn 0.733169 -0.680047 0.000000
vn 0.000000 1.000000 0.000000
vn 0.000000 1.000000 0.000000
vn 0.000000 1.000000 0.000000
vn 0.000000 1.000000 0.000000
vn 0.000000 0.000000 1.000000
vn 0.000000 0.000000 1.000000
vn 0.000000 0.000000 1.000000
vn 0.000000 0.000000 1.000000
vn 0.000000 0.000000 1.000000
vn 0.000000 0.000000 1.000000
vn -0.707107 0.707107 0.000000
vn -0.707107 0.707107 0.000000
vn -0.707107 0.707107 0.000000
vn -0.707107 0.707107 0.000000
vn -0.680047 -0.733169 0.000000
vn -0.539853 -0.841759 0.000000
vn -0.382683 -0.923880 0.000000
vn -0.213480 -0.976948 0.000000
vn -0.037563 -0.999294 0.000000
vn -0.037563 -0.999294 0.000000
vn -0.213480 -0.976948 0.000000
vn -0.382683 -0.923880 0.000000
vn -0.539853 -0.841759 0.000000
vn -0.680047 -0.733169 0.000000
vn 1.000000 0.000000 0.000000
vn 1.000000 0.000000 0.000000
vn 1.000000 0.000000 0.000000
vn 1.000000 0.000000 0.000000
vn 0.000000 0.000000 1.000000
vn 0.000000 0.000000 1.000000
vn 0.000000 0.000000 1.000000
vn 0.000000 0.000000 1.000000
vn 0.000000 0.000000 1.000000
vn 0.000000 0.000000 1.000000
vn 0.707107 -0.707107 0.000000
vn 0.707107 -0.707107 0.000000
vn 0.707107 -0.707107 0.000000
vn 0.707107 -0.707107 0.000000
vn 0.687491 0.726193 0.000000
vn 0.574421 0.818560 0.000000
vn 0.449106 0.893478 0.000000
vn 0.314218 0.949351 0.000000
vn 0.172633 0.984986 0.000000
vn 0.027367 0.999625 0.000000
vn 0.027367 0.999625 0.000000
vn 0.172633 0.984986 0.000000
vn 0.314218 0.949351 0.000000
vn 0.449106 0.893478 0.000000
vn 0.574421 0.818560 0.000000
vn 0.687491 0.726193 0.000000
vn -1.000000 0.000000 0.000000
vn -1.000000 0.000000 0.000000
vn -1.000000 0.000000 0.000000
vn -1.000000 0.000000 0.000000
vn 0.000000 0.000000 1.000000
vn 0.000000 0.000000 1.000000
vn 0.000000 0.000000 1.000000
vn 0.000000 0.000000 1.000000
vn 0.000000 0.000000 1.000000
vn 0.000000 0.000000 1.000000
vn 0.000000 0.000000 1.000000
vn 0.726193 -0.687491 0.000000
vn 0.818560 -0.574421 0.000000
vn 0.893478 -0.449106 0.000000
vn 0.949351 -0.314218 0.000000
vn 0.984986 -0.172633 0.000000
vn 0.999625 -0.027367 0.000000
vn 0.999625 -0.027367 0.000000
vn 0.984986 -0.172633 0.000000
vn 0.949351 -0.314218 0.000000
vn 0.893478 -0.449106 0.000000
vn 0.818560 -0.574421 0.000000
vn 0.726193 -0.687491 0.000000
vn 0.000000 1.000000 0.000000
vn 0.000000 1.000000 0.000000
vn 0.000000 1.000000 0.000000
vn 0.000000 1.000000 0.000000
vn -0.707107 -0.707107 0.000000
vn -0.707107 -0.707107 0.000000
vn -0.707107 -0.707107 0.000000
vn -0.707107 -0.707107 0.000000
vn 0.000000 0.000000 1.000000
vn 0.000000 0.000000 1.000000
vn 0.000000 0.000000 1.000000
vn 0.000000 0.000000 1.000000
vn 0.000000 0.000000 1.000000
vn 0.000000 0.000000 1.000000
vn 0.000000 0.000000 1.000000
vn -0.726193 0.687491 0.000000
vn -0.818560 0.574421 0.000000
vn -0.893478 0.449106 0.000000
vn -0.949351 0.314218 0.000000
vn -0.984986 0.172633 0.000000
vn -0.999625 0.027367 0.000000
vn -0.999625 0.027367 0.000000
vn -0.984986 0.172633 0.000000
vn -0.949351 0.314218 0.000000
vn -0.893478 0.449106 0.000000
vn -0.818560 0.574421 0.000000
vn -0.726193 0.687491 0.000000
vn 0.000000 -1.000000 0.000000
vn 0.000000 -1.000000 0.000000
vn 0.000000 -1.000000 0.000000
vn 0.000000 -1.000000 0.000000
vn 0.707107 0.707107 0.000000
vn 0.707107 0.707107 0.000000
vn 0.707107 0.707107 0.000000
vn 0.707107 0.707107 0.000000
vn 0.000000 0.000000 1.000000
vn 0.000000 0.000000 1.000000
vn 0.000000 0.000000 1.000000
vn 0.000000 0.000000 1.000000
vn 0.000000 0.000000 1.000000
vn 0.000000 0.000000 1.000000
vn 0.000000 0.000000 1.000000
vn 0.000000 1.000000 0.000000
vn 0.000000 1.000000 0.000000
vn 0.000000 1.000000 0.000000
vn 0.000000 1.000000 0.000000
vn -0.999625 -0.027367 0.000000
vn -0.984986 -0.172633 0.000000
vn -0.949351 -0.314218 0.000000
vn -0.893478 -0.449106 0.000000
vn -0.818560 -0.574421 0.000000
vn -0.726193 -0.687491 0.000000
vn -0.726193 -0.687491 0.000000
vn -0.818560 -0.574421 0.000000
vn -0.893478 -0.449106 0.000000
vn -0.949351 -0.314218 0.000000
vn -0.984986 -0.172633 0.000000
vn -0.999625 -0.027367 0.000000
vn 0.707107 -0.707107 0.000000
vn 0.707107 -0.707107 0.000000
vn 0.707107 -0.707107 0.000000
vn 0.707107 -0.707107 0.000000
vn 0.000000 0.000000 1.000000
vn 0.000000 0.000000 1.000000
vn 0.000000 0.000000 1.000000
vn 0.000000 0.000000 1.000000
vn 0.000000 0.000000 1.000000
vn 0.000000 0.000000 1.000000
vn 0.000000 0.000000 1.000000
vn -0.707107 0.707107 0.000000
vn -0.707107 0.707107 0.000000
vn -0.707107 0.707107 0.000000
vn -0.707107 0.707107 0.000000
vn -0.687491 -0.726193 0.000000
vn -0.574421 -0.818560 0.000000
vn -0.449106 -0.893478 0.000000
vn -0.314218 -0.949351 0.000000
vn -0.172633 -0.984986 0.000000
vn -0.027367 -0.999625 0.000000
vn -0.027367 -0.999625 0.000000
vn -0.172633 -0.984986 0.000000
vn -0.314218 -0.949351 0.000000
vn -0.449106 -0.893478 0.000000
vn -0.574421 -0.818560 0.000000
vn -0.687491 -0.726193 0.000000
vn 1.000000 0.000000 0.000000
vn 1.000000 0.000000 0.000000
vn 1.000000 0.000000 0.000000
vn 1.000000 0.000000 0.000000
vn 0.000000 0.000000 1.000000
vn 0.000000 0.000000 1.000000
vn 0.000000 0.000000 1.000000
vn 0.000000 0.000000 1.000000
vn 0.000000 0.000000 1.000000
vn 0.000000 0.000000 1.000000
vn 0.000000 0.000000 1.000000
vn -0.027367 0.999625 0.000000
vn -0.172633 0.984986 0.000000
vn -0.314218 0.949351 0.000000
vn -0.449106 0.893478 0.000000
vn -0.574421 0.818560 0.000000
vn -0.687491 0.726193 0.000000
vn -0.687491 0.726193 0.000000
vn -0.574421 0.818560 0.000000
vn -0.449106 0.893478 0.000000
vn -0.314218 0.949351 0.000000
vn -0.172633 0.984986 0.000000
vn -0.027367 0.999625 0.000000
vn -0.707107 -0.707107 0.000000
vn -0.707107 -0.707107 0.000000
vn -0.707107 -0.707107 0.000000
vn -0.707107 -0.707107 0.000000
vn 1.000000 0.000000 0.000000
vn 1.000000 0.000000 0.000000
vn 1.000000 0.000000 0.000000
vn 1.000000 0.000000 0.000000
vn 0.000000 0.000000 1.000000
vn 0.000000 0.000000 1.000000
vn 0.000000 0.000000 1.000000
vn 0.000000 0.000000 1.000000
vn 0.000000 0.000000 1.000000
vn 0.000000 0.000000 1.000000
vn 0.000000 0.000000 1.000000
vn 0.027367 -0.999625 0.000000
vn 0.172633 -0.984986 0.000000
vn 0.314218 -0.949351 0.000000
vn 0.449106 -0.893478 0.000000
vn 0.574421 -0.818560 0.000000
vn 0.687491 -0.726193 0.000000
vn 0.687491 -0.726193 0.000000
vn 0.574421 -0.818560 0.000000
vn 0.449106 -0.893478 0.000000
vn 0.314218 -0.949351 0.000000
vn 0.172633 -0.984986 0.000000
vn 0.027367 -0.999625 0.000000
vn 0.707107 0.707107 0.000000
vn 0.707107 0.707107 0.000000
vn 0.707107 0.707107 0.000000
vn 0.707107 0.707107 0.000000
vn -1.000000 0.000000 0.000000
vn -1.000000 0.000000 0.000000
vn -1.000000 0.000000 0.000000
vn -1.000000 0.000000 0.000000
vn 0.000000 0.000000 1.000000
vn 0.000000 0.000000 1.000000
vn 0.000000 0.000000 1.000000
vn 0.000000 0.000000 1.000000
vn 0.000000 0.000000 1.000000
vn 0.000000 0.000000 1.000000
vn 0.000000 0.000000 1.000000
vn 0.000000 -1.000000 0.000000
vn 0.000000 -1.000000 0.000000
vn 0.000000 -1.000000 0.000000
vn 0.000000 -1.000000 0.000000
vn 0.999625 0.027367 0.000000
vn 0.984986 0.172633 0.000000
vn 0.949351 0.314218 0.000000
vn 0.893478 0.449106 0.000000
vn 0.818560 0.574421 0.000000
vn 0.726193 0.687491 0.000000
vn 0.726193 0.687491 0.000000
vn 0.818560 0.574421 0.000000
vn 0.893478 0.449106 0.000000
vn 0.949351 0.314218 0.000000
vn 0.984986 0.172633 0.000000
vn 0.999625 0.027367 0.000000
vn -0.707107 0.707107 0.000000
vn -0.707107 0.707107 0.000000
vn -0.707107 0.707107 0.000000
vn -0.707107 0.707107 0.000000
vn 0.000000 0.000000 1.000000
vn 0.000000 0.000000 1.000000
vn 0.000000 0.000000 1.000000
vn 0.000000 0.000000 1.000000
vn 0.000000 0.000000 1.000000
vn 0.000000 0.000000 1.000000
vn 0.000000 0.000000 1.000000
vn -0.999294 -0.037563 0.000000
vn -0.976948 -0.213480 0.000000
vn -0.923880 -0.382683 0.000000
vn -0.841759 -0.539853 0.000000
vn -0.733169 -0.680047 0.000000
vn -0.733169 -0.680047 0.000000
vn -0.841759 -0.539853 0.000000
vn -0.923880 -0.382683 0.000000
vn -0.976948 -0.213480 0.000000
vn -0.999294 -0.037563 0.000000
vn 0.707107 -0.707107 0.000000
vn 0.707107 -0.707107 0.000000
vn 0.707107 -0.707107 0.000000
vn 0.707107 -0.707107 0.000000
vn 0.000000 1.000000 0.000000
vn 0.000000 1.000000 0.000000
vn 0.000000 1.000000 0.000000
vn 0.000000 1.000000 0.000000
vn 0.000000 0.000000 1.000000
vn 0.000000 0.000000 1.000000
vn 0.000000 0.000000 1.000000
vn 0.000000 0.000000 1.000000
vn 0.000000 0.000000 1.000000
vn 0.000000 0.000000 1.000000
vn 0.037563 -0.999294 0.000000
vn 0.213480 -0.976948 0.000000
vn 0.382683 -0.923880 0.000000
vn 0.539853 -0.841759 0.000000
vn 0.680047 -0.733169 0.000000
vn 0.680047 -0.733169 0.000000
vn 0.539853 -0.841759 0.000000
vn 0.382683 -0.923880 0.000000
vn 0.213480 -0.976948 0.000000
vn 0.037563 -0.999294 0.000000
vn 0.707107 0.707107 0.000000
vn 0.707107 0.707107 0.000000
vn 0.707107 0.707107 0.000000
vn 0.707107 0.707107 0.000000
vn -1.000000 0.000000 0.000000
vn -1.000000 0.000000 0.000000
vn -1.000000 0.000000 0.000000
vn -1.000000 0.000000 0.000000
vn 0.000000 0.000000 1.000000
vn 0.000000 0.000000 1.000000
vn 0.000000 0.000000 1.000000
vn 0.000000 0.000000 1.000000
vn 0.000000 0.000000 1.000000
vn 0.000000 0.000000 1.000000
vn 0.707107 -0.707107 0.000000
vn 0.707107 -0.707107 0.000000
vn 0.707107 -0.707107 0.000000
vn 0.707107 -0.707107 0.000000
vn 0.680047 0.733169 0.000000
vn 0.539853 0.841759 0.000000
vn 0.382683 0.923880 0.000000
vn 0.213480 0.976948 0.000000
vn 0.037563 0.999294 0.000000
vn 0.037563 0.999294 0.000000
vn 0.213480 0.976948 0.000000
vn 0.382683 0.923880 0.000000
vn 0.539853 0.841759 0.000000
vn 0.680047 0.733169 0.000000
vn -1.000000 0.000000 0.000000
vn -1.000000 0.000000 0.000000
vn -1.000000 0.000000 0.000000
vn -1.000000 0.000000 0.000000
vn 0.000000 0.000000 1.000000
vn 0.000000 0.000000 1.000000
vn 0.000000 0.000000 1.000000
vn 0.000000 0.000000 1.000000
vn 0.000000 0.000000 1.000000
vn 0.000000 0.000000 1.000000
vn -0.037563 0.999294 0.000000
vn -0.213480 0.976948 0.000000
vn -0.382683 0.923880 0.000000
vn -0.539853 0.841759 0.000000
vn -0.680047 0.733169 0.000000
vn -0.680047 0.733169 0.000000
vn -0.539853 0.841759 0.000000
vn -0.382683 0.923880 0.000000
vn -0.213480 0.976948 0.000000
vn -0.037563 0.999294 0.000000
vn -0.707107 -0.707107 0.000000
vn -0.707107 -0.707107 0.000000
vn -0.707107 -0.707107 0.000000
vn -0.707107 -0.707107 0.000000
vn 1.000000 0.000000 0.000000
vn 1.000000 0.000000 0.000000
vn 1.000000 0.000000 0.000000
vn 1.000000 0.000000 0.000000
vn 0.000000 0.000000 1.000000
vn 0.000000 0.000000 1.000000
vn 0.000000 0.000000 1.000000
vn 0.000000 0.000000 1.000000
vn 0.000000 0.000000 1.000000
vn 0.000000 0.000000 1.000000
vn -0.506791 0.862069 0.000000
vn -0.506791 0.862069 0.000000
vn -0.656511 0.754316 0.000000
vn -0.783893 0.620896 0.000000
vn -0.884601 0.466349 0.000000
vn -0.955209 0.295933 0.000000
vn -0.993313 0.115448 0.000000
vn -0.997619 -0.068966 0.000000
vn -0.963969 -0.266015 0.000000
vn -0.891797 -0.452435 0.000000
vn -0.783989 -0.620775 0.000000
vn -0.644851 -0.764308 0.000000
vn -0.479945 -0.877299 0.000000
vn -0.295860 -0.955231 0.000000
vn -0.099951 -0.994992 0.000000
vn 0.099951 -0.994992 0.000000
vn 0.295860 -0.955231 0.000000
vn 0.479945 -0.877299 0.000000
vn 0.644851 -0.764308 0.000000
vn 0.783989 -0.620775 0.000000
vn 0.891797 -0.452435 0.000000
vn 0.963969 -0.266015 0.000000
vn 0.997619 -0.068966 0.000000
vn 0.993313 0.115448 0.000000
vn 0.955209 0.295933 0.000000
vn 0.884601 0.466349 0.000000
vn 0.783893 0.620896 0.000000
vn 0.656511 0.754316 0.000000
vn 0.506791 0.862069 0.000000
vn 0.506791 0.862069 0.000000
vn 0.437243 0.899344 0.000000
vn 0.364972 0.931018 0.000000
vn 0.290429 0.956897 0.000000
vn 0.290429 0.956897 0.000000
vn 0.098067 0.995180 0.000000
vn -0.098067 0.995180 0.000000
vn -0.290429 0.956897 0.000000
vn -0.290429 0.956897 0.000000
vn -0.364972 0.931018 0.000000
vn -0.437243 0.899344 0.000000
vn 1.000000 0.000000 0.000000
vn 0.980785 -0.195090 0.000000
vn 0.923880 -0.382683 0.000000
vn 0.831470 -0.555570 0.000000
vn 0.707107 -0.707107 0.000000
vn 0.555570 -0.831470 0.000000
vn 0.382683 -0.923880 0.000000
vn 0.195090 -0.980785 0.000000
vn 0.000000 -1.000000 0.000000
vn -0.195090 -0.980785 0.000000
vn -0.382683 -0.923880 0.000000
vn -0.555570 -0.831470 0.000000
vn -0.707107 -0.707107 0.000000
vn -0.831470 -0.555570 0.000000
vn -0.923880 -0.382683 0.000000
vn -0.980785 -0.195090 0.000000
vn -1.000000 0.000000 0.000000
vn -0.980785 0.195090 0.000000
vn -0.923880 0.382683 0.000000
vn -0.831470 0.555570 0.000000
vn -0.707107 0.707107 0.000000
vn -0.555570 0.831470 0.000000
vn -0.382683 0.923880 0.000000
vn -0.195090 0.980785 0.000000
vn 0.000000 1.000000 0.000000
vn 0.195090 0.980785 0.000000
vn 0.382683 0.923880 0.000000
vn 0.555570 0.831470 0.000000
vn 0.707107 0.707107 0.000000
vn 0.831470 0.555570 0.000000
vn 0.923880 0.382683 0.000000
vn 0.980785 0.195090 0.000000
vn 0.997619 -0.068966 0.000000
vn 0.997619 -0.068966 0.000000
vn 1.000000 0.000000 0.000000
vn 1.000000 0.000000 0.000000
vn 0.000000 0.000000 1.000000
vn 0.000000 0.000000 1.000000
vn 0.000000 0.000000 1.000000
vn 0.000000 0.000000 1.000000
vn 0.000000 0.000000 1.000000
vn 0.000000 0.000000 1.000000
vn 0.000000 0.000000 1.000000
vn 0.000000 0.000000 1.000000
vn 0.000000 0.000000 1.000000
vn 0.000000 0.000000 1.000000
vn 0.000000 0.000000 1.000000
vn 0.000000 0.000000 1.000000
vn 0.000000 0.000000 1.000000
vn 0.000000 0.000000 1.000000
vn 0.000000 0.000000 1.000000
vn 0.000000 0.000000 1.000000
vn 0.000000 0.000000 1.000000
vn 0.000000 0.000000 1.000000
vn 0.000000 0.000000 1.000000
vn 0.000000 0.000000 1.000000
vn 0.000000 0.000000 1.000000
vn 0.000000 0.000000 1.000000
vn 0.000000 0.000000 1.000000
vn 0.000000 0.000000 1.000000
vn 0.000000 0.000000 1.000000
vn 0.000000 0.000000 1.000000
vn 0.000000 0.000000 1.000000
vn 0.000000 0.000000 1.000000
vn 0.000000 0.000000 1.000000
vn 0.000000 0.000000 1.000000
vn 0.000000 0.000000 1.000000
vn 0.000000 0.000000 1.000000
vn 0.000000 0.000000 1.000000
vn 0.000000 0.000000 1.000000
vn 0.000000 0.000000 1.000000
vn 0.000000 0.000000 1.000000
vn 0.000000 0.000000 1.000000
vn 0.000000 0.000000 1.000000
vn 0.000000 0.000000 1.000000
vn 0.000000 0.000000 1.000000
vn 0.000000 0.000000 1.000000
vn 0.000000 0.000000 1.000000
vn 0.000000 0.000000 1.000000
vn 0.000000 0.000000 1.000000
vn 0.000000 0.000000 1.000000
vn 0.000000 0.000000 1.000000
vn 0.000000 0.000000 1.000000
vn 0.000000 0.000000 1.000000
vn 0.000000 0.000000 1.000000
vn 0.000000 0.000000 1.000000
vn 0.000000 0.000000 1.000000
vn 0.000000 0.000000 1.000000
vn 0.000000 0.000000 1.000000
vn 0.000000 0.000000 1.000000
vn 0.000000 0.000000 1.000000
vn 0.000000 0.000000 1.000000
vn 0.000000 0.000000 1.000000
vn 0.000000 0.000000 1.000000
vn 0.000000 0.000000 1.000000
vn 0.000000 0.000000 1.000000
vn 0.000000 0.000000 1.000000
vn 0.000000 0.000000 1.000000
vn 0.000000 0.000000 1.000000
vn 0.000000 0.000000 1.000000
vn 0.000000 0.000000 1.000000
vn 0.000000 0.000000 1.000000
vn 0.000000 0.000000 1.000000
vn 0.000000 0.000000 1.000000
vn 0.000000 0.000000 1.000000
vn 0.000000 0.000000 1.000000
vn 0.000000 0.000000 1.000000
vn 0.000000 0.000000 1.000000
vn 0.000000 0.000000 1.000000
vn 0.000000 0.000000 1.000000
vn 0.000000 0.000000 1.000000
vn 0.000000 0.000000 1.000000
vn 0.000000 0.000000 1.000000
vn 0.000000 0.000000 1.000000
vn 0.000000 0.000000 1.000000
vn 0.000000 0.000000 1.000000
vn 1.000000 0.000000 0.000000
vn 0.985616 -0.169001 0.000000
vn 0.942877 -0.333140 0.000000
vn 0.873014 -0.487695 0.000000
vn 0.778036 -0.628220 0.000000
vn 0.660675 -0.750672 0.000000
vn 0.524307 -0.851529 0.000000
vn 0.372856 -0.927889 0.000000
vn 0.210679 -0.977555 0.000000
vn 0.042441 -0.999099 0.000000
vn -0.127018 -0.991900 0.000000
vn -0.292823 -0.956167 0.000000
vn -0.450204 -0.892926 0.000000
vn -0.594633 -0.803997 0.000000
vn -0.721956 -0.691939 0.000000
vn -0.828510 -0.559975 0.000000
vn -0.911228 -0.411901 0.000000
vn -0.967733 -0.251978 0.000000
vn -0.996397 -0.084806 0.000000
vn -0.996397 0.084806 0.000000
vn -0.967733 0.251978 0.000000
vn -0.911228 0.411901 0.000000
vn -0.828510 0.559975 0.000000
vn -0.721956 0.691939 0.000000
vn -0.594633 0.803997 0.000000
vn -0.450204 0.892926 0.000000
vn -0.292823 0.956167 0.000000
vn -0.127018 0.991900 0.000000
vn 0.042441 0.999099 0.000000
vn 0.210679 0.977555 0.000000
vn 0.372856 0.927889 0.000000
vn 0.524307 0.851529 0.000000
vn 0.660675 0.750672 0.000000
vn 0.778036 0.628220 0.000000
vn 0.873014 0.487695 0.000000
vn 0.942877 0.333140 0.000000
vn 0.985616 0.169001 0.000000
vn 0.923077 0.384615 0.000000
vn 0.923077 0.384615 0.000000
vn 0.912803 0.408399 0.000000
vn 0.901917 0.431909 0.000000
vn 0.890426 0.455128 0.000000
vn 0.890426 0.455128 0.000000
vn 0.823303 0.567602 0.000000
vn 0.742056 0.670337 0.000000
vn 0.648079 0.761573 0.000000
vn 0.542983 0.839744 0.000000
vn 0.542983 0.839744 0.000000
vn 0.468245 0.883598 0.000000
vn 0.389992 0.920818 0.000000
vn 0.308810 0.951124 0.000000
vn 0.308810 0.951124 0.000000
vn 0.162011 0.986789 0.000000
vn 0.011516 0.999934 0.000000
vn -0.139242 0.990258 0.000000
vn -0.286823 0.957984 0.000000
vn -0.427858 0.903846 0.000000
vn -0.427858 0.903846 0.000000
vn -0.467160 0.884173 0.000000
vn -0.505560 0.862792 0.000000
vn -0.542983 0.839744 0.000000
vn -0.542983 0.839744 0.000000
vn -0.604448 0.796645 0.000000
vn -0.662506 0.749056 0.000000
vn -0.716831 0.697246 0.000000
vn -0.716831 0.697246 0.000000
vn -0.758188 0.652036 0.000000
vn -0.796697 0.604378 0.000000
vn -0.832216 0.554451 0.000000
vn -0.832216 0.554451 0.000000
vn -0.914358 0.404907 0.000000
vn -0.969882 0.243576 0.000000
vn -0.997172 0.075153 0.000000
vn -0.995434 -0.095457 0.000000
vn -0.964717 -0.263288 0.000000
vn -0.905917 -0.423454 0.000000
vn -0.820745 -0.571294 0.000000
vn -0.711681 -0.702503 0.000000
vn -0.581899 -0.813261 0.000000
vn -0.435177 -0.900345 0.000000
vn -0.275787 -0.961219 0.000000
vn -0.108369 -0.994111 0.000000
vn 0.062204 -0.998063 0.000000
vn 0.230966 -0.972962 0.000000
vn 0.393005 -0.919536 0.000000
vn 0.543603 -0.839343 0.000000
vn 0.678376 -0.734715 0.000000
vn 0.793401 -0.608699 0.000000
vn 0.885330 -0.464963 0.000000
vn 0.951486 -0.307692 0.000000
vn 0.985372 -0.170419 0.000000
vn 0.999558 -0.029739 0.000000
vn 0.993760 0.111535 0.000000
vn 0.968096 0.250580 0.000000
vn 0.999558 -0.029739 0.000000
vn 1.000000 0.000000 0.000000
vn 1.000000 0.000000 0.000000
vn 0.999558 -0.029739 0.000000
vn 0.000000 0.000000 -1.000000
vn 0.000000 0.000000 -1.000000
vn 0.000000 0.000000 -1.000000
vn 0.000000 0.000000 -1.000000
vn 0.000000 0.000000 -1.000000
vn 0.000000 0.000000 -1.000000
vn 0.000000 0.000000 -1.000000
vn 0.000000 0.000000 -1.000000
vn 0.000000 0.000000 -1.000000
vn 0.000000 0.000000 -1.000000
vn 0.000000 0.000000 -1.000000
vn 0.000000 0.000000 -1.000000
vn 0.000000 0.000000 -1.000000
vn 0.000000 0.000000 -1.000000
vn 0.000000 0.000000 -1.000000
vn 0.000000 0.000000 -1.000000
vn 0.000000 0.000000 -1.000000
vn 0.000000 0.000000 -1.000000
vn 0.000000 0.000000 -1.000000
vn 0.000000 0.000000 -1.000000
vn 0.000000 0.000000 -1.000000
vn 0.000000 0.000000 -1.000000
vn 0.000000 0.000000 -1.000000
vn 0.000000 0.000000 -1.000000
vn 0.000000 0.000000 1.000000
vn 0.000000 0.000000 1.000000
vn 0.000000 0.000000 1.000000
vn 0.000000 0.000000 1.000000
vn 0.000000 0.000000 1.000000
vn 0.000000 0.000000 1.000000
vn 0.000000 0.000000 1.000000
vn 0.000000 0.000000 1.000000
vn 0.000000 0.000000 1.000000
vn 0.000000 0.000000 1.000000
vn 0.000000 0.000000 1.000000
vn 0.000000 0.000000 1.000000
vn 0.000000 0.000000 1.000000
vn 0.000000 0.000000 1.000000
vn 0.000000 0.000000 1.000000
vn 0.000000 0.000000 1.000000
vn 0.000000 0.000000 1.000000
vn 0.000000 0.000000 1.000000
vn 0.000000 0.000000 1.000000
vn 0.000000 0.000000 1.000000
vn 0.000000 0.000000 1.000000
vn 0.000000 0.000000 1.000000
vn 0.000000 0.000000 1.000000
vn 0.000000 0.000000 1.000000
vn 0.000000 0.000000 1.000000
vn 0.000000 0.000000 1.000000
vn 0.000000 0.000000 1.000000
vn 0.000000 0.000000 1.000000
vn 0.000000 0.000000 1.000000
vn 0.000000 0.000000 1.000000
vn 0.000000 0.000000 1.000000
vn 0.000000 0.000000 1.000000
vn 0.000000 0.000000 1.000000
vn 0.000000 0.000000 1.000000
vn 0.000000 0.000000 1.000000
vn 0.000000 0.000000 1.000000
vn 0.000000 0.000000 1.000000
vn 0.000000 0.000000 1.000000
vn 0.000000 0.000000 1.000000
vn 0.000000 0.000000 1.000000
vn 0.000000 0.000000 1.000000
vn 0.000000 0.000000 1.000000
vn 0.000000 0.000000 1.000000
vn 0.000000 0.000000 1.000000
vn 0.000000 0.000000 1.000000
vn 0.000000 0.000000 1.000000
vn 0.000000 0.000000 1.000000
vn 0.000000 0.000000 1.000000
vn 0.000000 0.000000 1.000000
vn 0.000000 0.000000 1.000000
vn 0.000000 0.000000 1.000000
vn 0.000000 0.000000 1.000000
vn 0.000000 0.000000 1.000000
vn 0.000000 0.000000 1.000000
vn 0.000000 0.000000 1.000000
vn 0.000000 0.000000 1.000000
vn 0.000000 0.000000 1.000000
vn 0.000000 0.000000 1.000000
vn 0.000000 0.000000 1.000000
vn 0.000000 0.000000 1.000000
vn 0.000000 0.000000 1.000000
vn 0.000000 0.000000 1.000000
vn 0.000000 0.000000 1.000000
vn 0.000000 0.000000 1.000000
vn 0.000000 0.000000 1.000000
vn 0.000000 0.000000 1.000000
vn 0.000000 0.000000 1.000000
vn 0.000000 0.000000 1.000000
vn 0.000000 0.000000 1.000000
vn 0.000000 0.000000 1.000000
vn 0.000000 0.000000 1.000000
vn 0.000000 0.000000 1.000000
vn 0.000000 0.000000 1.000000
vn 0.000000 0.000000 1.000000
vn 0.000000 0.000000 1.000000
vn 0.000000 0.000000 1.000000
vn 0.000000 0.000000 1.000000
vn 0.000000 0.000000 1.000000
vn 0.000000 0.000000 1.000000
vn 0.000000 0.000000 1.000000
vn 0.000000 0.000000 1.000000
vn 0.000000 0.000000 1.000000
vn 0.000000 0.000000 1.000000
vn 0.000000 0.000000 1.000000
vn 0.000000 0.000000 1.000000
vn 0.000000 0.000000 1.000000
vn 0.000000 0.000000 1.000000
vn 0.000000 0.000000 1.000000
vn 0.000000 0.000000 1.000000
vn 0.000000 0.000000 1.000000
vn 0.000000 0.000000 1.000000
vn 0.000000 0.000000 1.000000
vn 0.000000 0.000000 1.000000
vn 0.000000 0.000000 1.000000
vn 0.000000 0.000000 1.000000
vn 0.000000 0.000000 1.000000
vn 0.000000 0.000000 1.000000
vn 0.000000 0.000000 1.000000
vn 0.000000 0.000000 1.000000
vn 0.000000 0.000000 1.000000
vn 0.000000 0.000000 1.000000
vn 0.000000 1.000000 0.000000
vn 0.000000 1.000000 0.000000
vn 0.000000 1.000000 0.000000
vn 0.000000 1.000000 0.000000
vn 0.000000 1.000000 0.000000
vn 0.000000 1.000000 0.000000
vn 0.000000 1.000000 0.000000
vn 0.000000 1.000000 0.000000
vn 1.000000 0.000000 0.000000
vn 1.000000 0.000000 0.000000
vn 1.000000 0.000000 0.000000
vn 1.000000 0.000000 0.000000
vn 0.000000 0.000000 1.000000
vn 0.000000 0.000000 1.000000
vn 0.000000 0.000000 1.000000
vn 0.000000 0.000000 1.000000
vn 0.000000 0.000000 1.000000
vn 0.000000 -1.000000 0.000000
vn 0.000000 -1.000000 0.000000
vn 0.000000 -1.000000 0.000000
vn 0.000000 -1.000000 0.000000
vn 0.000000 -1.000000 0.000000
vn 0.000000 -1.000000 0.000000
vn 0.000000 -1.000000 0.000000
vn 0.000000 -1.000000 0.000000
vn 1.000000 0.000000 0.000000
vn 1.000000 0.000000 0.000000
vn 1.000000 0.000000 0.000000
vn 1.000000 0.000000 0.000000
vn 0.000000 0.000000 -1.000000
vn 0.000000 0.000000 -1.000000
vn 0.000000 0.000000 -1.000000
vn 0.000000 0.000000 -1.000000
vn 0.000000 0.000000 -1.000000
vn -1.000000 0.000000 0.000000
vn -1.000000 0.000000 0.000000
vn -1.000000 0.000000 0.000000
vn -1.000000 0.000000 0.000000
vn -1.000000 0.000000 0.000000
vn -1.000000 0.000000 0.000000
vn -1.000000 0.000000 0.000000
vn -1.000000 0.000000 0.000000
vn 0.000000 -1.000000 0.000000
vn 0.000000 -1.000000 0.000000
vn 0.000000 -1.000000 0.000000
vn 0.000000 -1.000000 0.000000
vn 1.000000 0.000000 0.000000
vn 1.000000 0.000000 0.000000
vn 1.000000 0.000000 0.000000
vn 1.000000 0.000000 0.000000
vn 0.000000 1.000000 0.000000
vn 0.000000 1.000000 0.000000
vn 0.000000 1.000000 0.000000
vn 0.000000 1.000000 0.000000
vn 0.000000 0.000000 -1.000000
vn 0.000000 0.000000 -1.000000
vn 0.000000 0.000000 -1.000000
vn 0.000000 0.000000 -1.000000
vn 0.000000 -1.000000 0.000000
vn 0.000000 -1.000000 0.000000
vn 0.000000 -1.000000 0.000000
vn 0.000000 -1.000000 0.000000
vn 1.000000 0.000000 0.000000
vn 1.000000 0.000000 0.000000
vn 1.000000 0.000000 0.000000
vn 1.000000 0.000000 0.000000
vn 0.000000 1.000000 0.000000
vn 0.000000 1.000000 0.000000
vn 0.000000 1.000000 0.000000
vn 0.000000 1.000000 0.000000
vn -1.000000 0.000000 0.000000
vn -1.000000 0.000000 0.000000
vn -1.000000 0.000000 0.000000
vn -1.000000 0.000000 0.000000
vn 0.000000 0.000000 -1.000000
vn 0.000000 0.000000 -1.000000
vn 0.000000 0.000000 -1.000000
vn 0.000000 0.000000 -1.000000
vn 0.000000 0.000000 -1.000000
vn 0.000000 0.000000 -1.000000
vn 0.000000 0.000000 -1.000000
vn 0.000000 0.000000 -1.000000
vn -1.000000 0.000000 0.000000
vn -1.000000 0.000000 0.000000
vn -1.000000 0.000000 0.000000
vn -1.000000 0.000000 0.000000
vn 0.000000 1.000000 0.000000
vn 0.000000 1.000000 0.000000
vn 0.000000 1.000000 0.000000
vn 0.000000 1.000000 0.000000
vn 0.000000 0.000000 -1.000000
vn 0.000000 0.000000 -1.000000
vn 0.000000 0.000000 -1.000000
vn 0.000000 0.000000 -1.000000
vn 0.000000 0.000000 -1.000000
vn 0.000000 0.000000 -1.000000
vn 0.000000 0.000000 -1.000000
vn 0.000000 0.000000 -1.000000
vn 0.000000 1.000000 0.000000
vn 0.000000 1.000000 0.000000
vn 0.000000 1.000000 0.000000
vn 0.000000 1.000000 0.000000
vn 0.000000 1.000000 0.000000
vn 0.000000 1.000000 0.000000
vn 0.000000 1.000000 0.000000
vn 0.000000 1.000000 0.000000
vn 0.000000 1.000000 0.000000
vn 0.000000 1.000000 0.000000
vn 0.000000 1.000000 0.000000
vn 0.000000 1.000000 0.000000
vn -1.000000 0.000000 0.000000
vn -1.000000 0.000000 0.000000
vn -1.000000 0.000000 0.000000
vn -1.000000 0.000000 0.000000
vn 0.000000 -1.000000 0.000000
vn 0.000000 -1.000000 0.000000
vn 0.000000 -1.000000 0.000000
vn 0.000000 -1.000000 0.000000
vn 0.000000 1.000000 0.000000
vn 0.000000 1.000000 0.000000
vn 0.000000 1.000000 0.000000
vn 0.000000 1.000000 0.000000
vn 0.000000 0.000000 1.000000
vn 0.000000 0.000000 1.000000
vn 0.000000 0.000000 1.000000
vn 0.000000 0.000000 1.000000
vn 0.000000 0.000000 1.000000
vn 0.000000 0.000000 1.000000
vn 0.000000 0.000000 1.000000
vn -1.000000 0.000000 0.000000
vn -1.000000 0.000000 0.000000
vn -1.000000 0.000000 0.000000
vn -1.000000 0.000000 0.000000
vn 0.000000 -1.000000 0.000000
vn 0.000000 -1.000000 0.000000
vn 0.000000 -1.000000 0.000000
vn 0.000000 -1.000000 0.000000
vn 1.000000 0.000000 0.000000
vn 1.000000 0.000000 0.000000
vn 1.000000 0.000000 0.000000
vn 1.000000 0.000000 0.000000
vn 0.000000 1.000000 0.000000
vn 0.000000 1.000000 0.000000
vn 0.000000 1.000000 0.000000
vn 0.000000 1.000000 0.000000
vn 0.000000 0.000000 1.000000
vn 0.000000 0.000000 1.000000
vn 0.000000 0.000000 1.000000
vn 0.000000 0.000000 1.000000
vn 0.000000 -1.000000 0.000000
vn 0.000000 -1.000000 0.000000
vn 0.000000 -1.000000 0.000000
vn 0.000000 -1.000000 0.000000
vn 1.000000 0.000000 0.000000
vn 1.000000 0.000000 0.000000
vn 1.000000 0.000000 0.000000
vn 1.000000 0.000000 0.000000
vn -1.000000 0.000000 0.000000
vn -1.000000 0.000000 0.000000
vn -1.000000 0.000000 0.000000
vn -1.000000 0.000000 0.000000
vn -1.000000 0.000000 0.000000
vn -1.000000 0.000000 0.000000
vn -1.000000 0.000000 0.000000
vn -1.000000 0.000000 0.000000
vn 0.000000 -1.000000 0.000000
vn 0.000000 -1.000000 0.000000
vn 0.000000 -1.000000 0.000000
vn 0.000000 -1.000000 0.000000
vn 0.000000 -1.000000 0.000000
vn 0.000000 -1.000000 0.000000
vn 1.000000 0.000000 0.000000
vn 1.000000 0.000000 0.000000
vn 1.000000 0.000000 0.000000
vn 1.000000 0.000000 0.000000
vn 0.000000 1.000000 0.000000
vn 0.000000 1.000000 0.000000
vn 0.000000 1.000000 0.000000
vn 0.000000 1.000000 0.000000
vn 0.000000 0.000000 1.000000
vn 0.000000 0.000000 1.000000
vn 0.000000 0.000000 1.000000
vn 0.000000 0.000000 1.000000
vn 0.000000 0.000000 1.000000
vn 0.000000 0.000000 1.000000
vn 0.000000 0.000000 1.000000
vn 0.000000 0.000000 1.000000
vn 0.000000 1.000000 0.000000
vn 0.000000 1.000000 0.000000
vn 0.000000 1.000000 0.000000
vn 0.000000 1.000000 0.000000
vn 0.000000 1.000000 0.000000
vn 0.000000 1.000000 0.000000
vn 0.000000 1.000000 0.000000
vn 0.000000 1.000000 0.000000
vn 0.000000 1.000000 0.000000
vn 0.000000 1.000000 0.000000
vn 0.000000 1.000000 0.000000
vn 0.000000 1.000000 0.000000
vn 0.000000 1.000000 0.000000
vn 0.000000 1.000000 0.000000
vn 0.000000 1.000000 0.000000
vn 0.000000 1.000000 0.000000
vn 0.000000 1.000000 0.000000
vn 0.000000 1.000000 0.000000
vn 0.000000 1.000000 0.000000
vn 0.000000 1.000000 0.000000
vn 1.000000 0.000000 0.000000
vn 1.000000 0.000000 0.000000
vn 1.000000 0.000000 0.000000
vn 1.000000 0.000000 0.000000
vn 1.000000 0.000000 0.000000
vn 1.000000 0.000000 0.000000
vn 1.000000 0.000000 0.000000
vn 1.000000 0.000000 0.000000
vn 1.000000 0.000000 0.000000
vn 1.000000 0.000000 0.000000
vn 1.000000 0.000000 0.000000
vn 1.000000 0.000000 0.000000
vn 0.000000 0.496638 0.867958
vn 0.000000 0.488772 0.872411
vn 0.000000 0.480757 0.876854
vn 0.000000 0.472589 0.881283
vn 0.000000 0.464267 0.885695
vn 0.000000 0.455794 0.890085
vn 0.000000 0.447168 0.894450
vn 0.000000 0.438388 0.898786
vn 0.000000 0.429452 0.903090
vn 0.000000 0.420358 0.907359
vn 0.000000 0.411099 0.911591
vn 0.000000 0.401670 0.915785
vn 0.000000 0.392071 0.919935
vn 0.000000 0.382301 0.924038
vn 0.000000 0.372360 0.928088
vn 0.000000 0.362271 0.932073
vn 0.000000 0.362271 0.932073
vn 0.000000 0.372397 0.928073
vn 0.000000 0.382350 0.924017
vn 0.000000 0.392130 0.919910
vn 0.000000 0.401737 0.915755
vn 0.000000 0.411171 0.911558
vn 0.000000 0.420433 0.907323
vn 0.000000 0.429528 0.903053
vn 0.000000 0.438463 0.898749
vn 0.000000 0.447240 0.894414
vn 0.000000 0.455859 0.890052
vn 0.000000 0.464324 0.885666
vn 0.000000 0.472634 0.881259
vn 0.000000 0.480789 0.876836
vn 0.000000 0.488790 0.872402
vn 0.000000 0.496638 0.867958
vn 0.000000 -1.000000 0.000000
vn 0.000000 -1.000000 0.000000
vn 0.000000 -1.000000 0.000000
vn 0.000000 -1.000000 0.000000
vn 1.000000 0.000000 0.000000
vn 1.000000 0.000000 0.000000
vn 1.000000 0.000000 0.000000
vn 1.000000 0.000000 0.000000
vn 1.000000 0.000000 0.000000
vn 1.000000 0.000000 0.000000
vn 1.000000 0.000000 0.000000
vn 1.000000 0.000000 0.000000
vn 1.000000 0.000000 0.000000
vn 1.000000 0.000000 0.000000
vn 1.000000 0.000000 0.000000
vn 1.000000 0.000000 0.000000
vn 1.000000 0.000000 0.000000
vn 1.000000 0.000000 0.000000
vn 1.000000 0.000000 0.000000
vn 1.000000 0.000000 0.000000
vn 1.000000 0.000000 0.000000
vn -1.000000 0.000000 0.000000
vn -1.000000 0.000000 0.000000
vn -1.000000 0.000000 0.000000
vn -1.000000 0.000000 0.000000
vn -1.000000 0.000000 0.000000
vn -1.000000 0.000000 0.000000
vn -1.000000 0.000000 0.000000
vn -1.000000 0.000000 0.000000
vn -1.000000 0.000000 0.000000
vn -1.000000 0.000000 0.000000
vn -1.000000 0.000000 0.000000
vn -1.000000 0.000000 0.000000
vn -1.000000 0.000000 0.000000
vn -1.000000 0.000000 0.000000
vn -1.000000 0.000000 0.000000
vn -1.000000 0.000000 0.000000
vn -1.000000 0.000000 0.000000
vn 0.000000 0.000000 -1.000000
vn 0.000000 0.000000 -1.000000
vn 0.000000 0.000000 -1.000000
vn 0.000000 0.000000 -1.000000
vn 0.000000 0.000000 -1.000000
vn 0.000000 0.000000 -1.000000
vn 0.000000 0.000000 -1.000000
vn 0.000000 0.000000 -1.000000
vn -1.000000 0.000000 0.000000
vn -1.000000 0.000000 0.000000
vn -1.000000 0.000000 0.000000
vn -1.000000 0.000000 0.000000
vn -1.000000 0.000000 0.000000
vn -1.000000 0.000000 0.000000
vn -1.000000 0.000000 0.000000
vn -1.000000 0.000000 0.000000
vn -1.000000 0.000000 0.000000
vn -1.000000 0.000000 0.000000
vn -1.000000 0.000000 0.000000
vn -1.000000 0.000000 0.000000
vn -1.000000 0.000000 0.000000
vn -1.000000 0.000000 0.000000
vn -1.000000 0.000000 0.000000
vn -1.000000 0.000000 0.000000
vn -1.000000 0.000000 0.000000
vn 1.000000 0.000000 0.000000
vn 1.000000 0.000000 0.000000
vn 1.000000 0.000000 0.000000
vn 1.000000 0.000000 0.000000
vn 1.000000 0.000000 0.000000
vn 1.000000 0.000000 0.000000
vn 1.000000 0.000000 0.000000
vn 1.000000 0.000000 0.000000
vn 1.000000 0.000000 0.000000
vn 1.000000 0.000000 0.000000
vn 1.000000 0.000000 0.000000
vn 1.000000 0.000000 0.000000
vn 1.000000 0.000000 0.000000
vn 1.000000 0.000000 0.000000
vn 1.000000 0.000000 0.000000
vn 1.000000 0.000000 0.000000
vn 1.000000 0.000000 0.000000
vn 0.000000 -1.000000 0.000000
vn 0.000000 -1.000000 0.000000
vn 0.000000 -1.000000 0.000000
vn 0.000000 -1.000000 0.000000
vn 0.000000 0.496638 0.867958
vn 0.000000 0.488772 0.872411
vn 0.000000 0.480757 0.876854
vn 0.000000 0.472589 0.881283
vn 0.000000 0.464267 0.885695
vn 0.000000 0.455794 0.890085
vn 0.000000 0.447168 0.894450
vn 0.000000 0.438388 0.898786
vn 0.000000 0.429452 0.903090
vn 0.000000 0.420358 0.907359
vn 0.000000 0.411099 0.911591
vn 0.000000 0.401670 0.915785
vn 0.000000 0.392071 0.919935
vn 0.000000 0.382301 0.924038
vn 0.000000 0.372360 0.928088
vn 0.000000 0.362271 0.932073
vn 0.000000 0.362271 0.932073
vn 0.000000 0.372397 0.928073
vn 0.000000 0.382350 0.924017
vn 0.000000 0.392130 0.919910
vn 0.000000 0.401737 0.915755
vn 0.000000 0.411171 0.911558
vn 0.000000 0.420433 0.907323
vn 0.000000 0.429528 0.903053
vn 0.000000 0.438463 0.898749
vn 0.000000 0.447240 0.894414
vn 0.000000 0.455859 0.890052
vn 0.000000 0.464324 0.885666
vn 0.000000 0.472634 0.881259
vn 0.000000 0.480789 0.876836
vn 0.000000 0.488790 0.872402
vn 0.000000 0.496638 0.867958
vn 0.000000 0.496638 0.867958
vn 0.000000 0.488772 0.872411
vn 0.000000 0.480757 0.876854
vn 0.000000 0.472589 0.881283
vn 0.000000 0.464267 0.885695
vn 0.000000 0.455794 0.890085
vn 0.000000 0.447168 0.894450
vn 0.000000 0.438388 0.898786
vn 0.000000 0.429452 0.903090
vn 0.000000 0.420358 0.907359
vn 0.000000 0.411099 0.911591
vn 0.000000 0.401670 0.915785
vn 0.000000 0.392071 0.919935
vn 0.000000 0.382301 0.924038
vn 0.000000 0.372360 0.928088
vn 0.000000 0.362271 0.932073
vn 0.000000 0.362271 0.932073
vn 0.000000 0.372397 0.928073
vn 0.000000 0.382350 0.924017
vn 0.000000 0.392130 0.919910
vn 0.000000 0.401737 0.915755
vn 0.000000 0.411171 0.911558
vn 0.000000 0.420433 0.907323
vn 0.000000 0.429528 0.903053
vn 0.000000 0.438463 0.898749
vn 0.000000 0.447240 0.894414
vn 0.000000 0.455859 0.890052
vn 0.000000 0.464324 0.885666
vn 0.000000 0.472634 0.881259
vn 0.000000 0.480789 0.876836
vn 0.000000 0.488790 0.872402
vn 0.000000 0.496638 0.867958
vn 0.000000 -1.000000 0.000000
vn 0.000000 -1.000000 0.000000
vn 0.000000 -1.000000 0.000000
vn 0.000000 -1.000000 0.000000
vn 1.000000 0.000000 0.000000
vn 1.000000 0.000000 0.000000
vn 1.000000 0.000000 0.000000
vn 1.000000 0.000000 0.000000
vn 1.000000 0.000000 0.000000
vn 1.000000 0.000000 0.000000
vn 1.000000 0.000000 0.000000
vn 1.000000 0.000000 0.000000
vn 1.000000 0.000000 0.000000
vn 1.000000 0.000000 0.000000
vn 1.000000 0.000000 0.000000
vn 1.000000 0.000000 0.000000
vn 1.000000 0.000000 0.000000
vn 1.000000 0.000000 0.000000
vn 1.000000 0.000000 0.000000
vn 1.000000 0.000000 0.000000
vn 1.000000 0.000000 0.000000
vn -1.000000 0.000000 0.000000
vn -1.000000 0.000000 0.000000
vn -1.000000 0.000000 0.000000
vn -1.000000 0.000000 0.000000
vn -1.000000 0.000000 0.000000
vn -1.000000 0.000000 0.000000
vn -1.000000 0.000000 0.000000
vn -1.000000 0.000000 0.000000
vn -1.000000 0.000000 0.000000
vn -1.000000 0.000000 0.000000
vn -1.000000 0.000000 0.000000
vn -1.000000 0.000000 0.000000
vn -1.000000 0.000000 0.000000
vn -1.000000 0.000000 0.000000
vn -1.000000 0.000000 0.000000
vn -1.000000 0.000000 0.000000
vn -1.000000 0.000000 0.000000
vn 0.000000 0.000000 -1.000000
vn 0.000000 0.000000 -1.000000
vn 0.000000 0.000000 -1.000000
vn 0.000000 0.000000 -1.000000
vn 0.000000 -1.000000 0.000000
vn 0.000000 -1.000000 0.000000
vn 0.000000 -1.000000 0.000000
vn 0.000000 -1.000000 0.000000
vn -1.000000 0.000000 0.000000
vn -1.000000 0.000000 0.000000
vn -1.000000 0.000000 0.000000
vn -1.000000 0.000000 0.000000
vn -1.000000 0.000000 0.000000
vn -1.000000 0.000000 0.000000
vn -1.000000 0.000000 0.000000
vn -1.000000 0.000000 0.000000
vn -1.000000 0.000000 0.000000
vn -1.000000 0.000000 0.000000
vn -1.000000 0.000000 0.000000
vn -1.000000 0.000000 0.000000
vn -1.000000 0.000000 0.000000
vn -1.000000 0.000000 0.000000
vn -1.000000 0.000000 0.000000
vn -1.000000 0.000000 0.000000
vn -1.000000 0.000000 0.000000
vn 1.000000 0.000000 0.000000
vn 1.000000 0.000000 0.000000
vn 1.000000 0.000000 0.000000
vn 1.000000 0.000000 0.000000
vn 1.000000 0.000000 0.000000
vn 1.000000 0.000000 0.000000
vn 1.000000 0.000000 0.000000
vn 1.000000 0.000000 0.000000
vn 1.000000 0.000000 0.000000
vn 1.000000 0.000000 0.000000
vn 1.000000 0.000000 0.000000
vn 1.000000 0.000000 0.000000
vn 1.000000 0.000000 0.000000
vn 1.000000 0.000000 0.000000
vn 1.000000 0.000000 0.000000
vn 1.000000 0.000000 0.000000
vn 1.000000 0.000000 0.000000
vn 0.000000 0.000000 1.000000
vn 0.000000 0.000000 1.000000
vn 0.000000 0.000000 1.000000
vn 0.000000 0.000000 1.000000
vn 0.000000 0.362271 -0.932073
vn 0.000000 0.372397 -0.928073
vn 0.000000 0.382350 -0.924017
vn 0.000000 0.392130 -0.919910
vn 0.000000 0.401737 -0.915755
vn 0.000000 0.411171 -0.911558
vn 0.000000 0.420433 -0.907323
vn 0.000000 0.429528 -0.903053
vn 0.000000 0.438463 -0.898749
vn 0.000000 0.447240 -0.894414
vn 0.000000 0.455859 -0.890052
vn 0.000000 0.464324 -0.885666
vn 0.000000 0.472634 -0.881259
vn 0.000000 0.480789 -0.876836
vn 0.000000 0.488790 -0.872402
vn 0.000000 0.496638 -0.867958
vn 0.000000 0.496638 -0.867958
vn 0.000000 0.488772 -0.872411
vn 0.000000 0.480757 -0.876854
vn 0.000000 0.472589 -0.881283
vn 0.000000 0.464267 -0.885695
vn 0.000000 0.455794 -0.890085
vn 0.000000 0.447168 -0.894450
vn 0.000000 0.438388 -0.898786
vn 0.000000 0.429452 -0.903090
vn 0.000000 0.420358 -0.907359
vn 0.000000 0.411099 -0.911591
vn 0.000000 0.401670 -0.915785
vn 0.000000 0.392071 -0.919935
vn 0.000000 0.382301 -0.924038
vn 0.000000 0.372360 -0.928088
vn 0.000000 0.362271 -0.932073
vn 0.000000 0.362271 -0.932073
vn 0.000000 0.372397 -0.928073
vn 0.000000 0.382350 -0.924017
vn 0.000000 0.392130 -0.919910
vn 0.000000 0.401737 -0.915755
vn 0.000000 0.411171 -0.911558
vn 0.000000 0.420433 -0.907323
vn 0.000000 0.429528 -0.903053
vn 0.000000 0.438463 -0.898749
vn 0.000000 0.447240 -0.894414
vn 0.000000 0.455859 -0.890052
vn 0.000000 0.464324 -0.885666
vn 0.000000 0.472634 -0.881259
vn 0.000000 0.480789 -0.876836
vn 0.000000 0.488790 -0.872402
vn 0.000000 0.496638 -0.867958
vn 0.000000 0.496638 -0.867958
vn 0.000000 0.488772 -0.872411
vn 0.000000 0.480757 -0.876854
vn 0.000000 0.472589 -0.881283
vn 0.000000 0.464267 -0.885695
vn 0.000000 0.455794 -0.890085
vn 0.000000 0.447168 -0.894450
vn 0.000000 0.438388 -0.898786
vn 0.000000 0.429452 -0.903090
vn 0.000000 0.420358 -0.907359
vn 0.000000 0.411099 -0.911591
vn 0.000000 0.401670 -0.915785
vn 0.000000 0.392071 -0.919935
vn 0.000000 0.382301 -0.924038
vn 0.000000 0.372360 -0.928088
vn 0.000000 0.362271 -0.932073
vn 0.000000 0.000000 1.000000
vn 0.000000 0.000000 1.000000
vn 0.000000 0.000000 1.000000
vn 0.000000 0.000000 1.000000
vn 1.000000 0.000000 0.000000
vn 1.000000 0.000000 0.000000
vn 1.000000 0.000000 0.000000
vn 1.000000 0.000000 0.000000
vn 1.000000 0.000000 0.000000
vn 1.000000 0.000000 0.000000
vn 1.000000 0.000000 0.000000
vn 1.000000 0.000000 0.000000
vn 1.000000 0.000000 0.000000
vn 1.000000 0.000000 0.000000
vn 1.000000 0.000000 0.000000
vn 1.000000 0.000000 0.000000
vn 1.000000 0.000000 0.000000
vn 1.000000 0.000000 0.000000
vn 1.000000 0.000000 0.000000
vn 1.000000 0.000000 0.000000
vn 1.000000 0.000000 0.000000
vn -1.000000 0.000000 0.000000
vn -1.000000 0.000000 0.000000
vn -1.000000 0.000000 0.000000
vn -1.000000 0.000000 0.000000
vn -1.000000 0.000000 0.000000
vn -1.000000 0.000000 0.000000
vn -1.000000 0.000000 0.000000
vn -1.000000 0.000000 0.000000
vn -1.000000 0.000000 0.000000
vn -1.000000 0.000000 0.000000
vn -1.000000 0.000000 0.000000
vn -1.000000 0.000000 0.000000
vn -1.000000 0.000000 0.000000
vn -1.000000 0.000000 0.000000
vn -1.000000 0.000000 0.000000
vn -1.000000 0.000000 0.000000
vn -1.000000 0.000000 0.000000
vn 0.000000 -1.000000 0.000000
vn 0.000000 -1.000000 0.000000
vn 0.000000 -1.000000 0.000000
vn 0.000000 -1.000000 0.000000
vn 0.000000 -1.000000 0.000000
vn 0.000000 -1.000000 0.000000
vn 0.000000 -1.000000 0.000000
vn 0.000000 -1.000000 0.000000
vn -1.000000 0.000000 0.000000
vn -1.000000 0.000000 0.000000
vn -1.000000 0.000000 0.000000
vn -1.000000 0.000000 0.000000
vn -1.000000 0.000000 0.000000
vn -1.000000 0.000000 0.000000
vn -1.000000 0.000000 0.000000
vn -1.000000 0.000000 0.000000
vn -1.000000 0.000000 0.000000
vn -1.000000 0.000000 0.000000
vn -1.000000 0.000000 0.000000
vn -1.000000 0.000000 0.000000
vn -1.000000 0.000000 0.000000
vn -1.000000 0.000000 0.000000
vn -1.000000 0.000000 0.000000
vn -1.000000 0.000000 0.000000
vn -1.000000 0.000000 0.000000
vn 1.000000 0.000000 0.000000
vn 1.000000 0.000000 0.000000
vn 1.000000 0.000000 0.000000
vn 1.000000 0.000000 0.000000
vn 1.000000 0.000000 0.000000
vn 1.000000 0.000000 0.000000
vn 1.000000 0.000000 0.000000
vn 1.000000 0.000000 0.000000
vn 1.000000 0.000000 0.000000
vn 1.000000 0.000000 0.000000
vn 1.000000 0.000000 0.000000
vn 1.000000 0.000000 0.000000
vn 1.000000 0.000000 0.000000
vn 1.000000 0.000000 0.000000
vn 1.000000 0.000000 0.000000
vn 1.000000 0.000000 0.000000
vn 1.000000 0.000000 0.000000
vn 0.000000 0.000000 1.000000
vn 0.000000 0.000000 1.000000
vn 0.000000 0.000000 1.000000
vn 0.000000 0.000000 1.000000
vn 0.000000 0.362271 -0.932073
vn 0.000000 0.372397 -0.928073
vn 0.000000 0.382350 -0.924017
vn 0.000000 0.392130 -0.919910
vn 0.000000 0.401737 -0.915755
vn 0.000000 0.411171 -0.911558
vn 0.000000 0.420433 -0.907323
vn 0.000000 0.429528 -0.903053
vn 0.000000 0.438463 -0.898749
vn 0.000000 0.447240 -0.894414
vn 0.000000 0.455859 -0.890052
vn 0.000000 0.464324 -0.885666
vn 0.000000 0.472634 -0.881259
vn 0.000000 0.480789 -0.876836
vn 0.000000 0.488790 -0.872402
vn 0.000000 0.496638 -0.867958
vn 0.000000 0.496638 -0.867958
vn 0.000000 0.488772 -0.872411
vn 0.000000 0.480757 -0.876854
vn 0.000000 0.472589 -0.881283
vn 0.000000 0.464267 -0.885695
vn 0.000000 0.455794 -0.890085
vn 0.000000 0.447168 -0.894450
vn 0.000000 0.438388 -0.898786
vn 0.000000 0.429452 -0.903090
vn 0.000000 0.420358 -0.907359
vn 0.000000 0.411099 -0.911591
vn 0.000000 0.401670 -0.915785
vn 0.000000 0.392071 -0.919935
vn 0.000000 0.382301 -0.924038
vn 0.000000 0.372360 -0.928088
vn 0.000000 0.362271 -0.932073
usemtl 96,96,96
f 75/1/1 69/2/2 167/4/4
f 167/4/4 69/2/2 163/3/3
f 69/5/5 70/6/6 163/8/8
f 163/8/8 70/6/6 164/7/7
f 70/9/9 63/10/10 164/12/12
f 164/12/12 63/10/10 161/11/11
f 63/13/13 64/14/14 161/16/16
f 161/16/16 64/14/14 162/15/15
f 64/17/17 71/18/18 162/20/20
f 162/20/20 71/18/18 165/19/19
f 71/21/21 72/22/22 165/24/24
f 165/24/24 72/22/22 166/23/23
f 72/25/25 76/26/26 166/28/28
f 166/28/28 76/26/26 168/27/27
f 76/29/29 80/30/30 168/38/38
f 168/38/38 80/30/30 170/37/37
f 170/37/37 80/30/30 84/31/31
f 170/37/37 84/31/31 172/36/36
f 172/36/36 84/31/31 88/32/32
f 172/36/36 88/32/32 174/35/35
f 174/35/35 88/32/32 91/33/33
f 174/35/35 91/33/33 176/34/34
f 91/39/39 94/40/40 176/104/104
f 176/104/104 94/40/40 178/103/103
f 178/103/103 94/40/40 98/41/41
f 178/103/103 98/41/41 180/102/102
f 180/102/102 98/41/41 102/42/42
f 180/102/102 102/42/42 182/101/101
f 182/101/101 102/42/42 106/43/43
f 182/101/101 106/43/43 184/100/100
f 184/100/100 106/43/43 110/44/44
f 184/100/100 110/44/44 186/99/99
f 186/99/99 110/44/44 114/45/45
f 186/99/99 114/45/45 188/98/98
f 188/98/98 114/45/45 118/46/46
f 188/98/98 118/46/46 190/97/97
f 190/97/97 118/46/46 122/47/47
f 190/97/97 122/47/47 192/96/96
f 192/96/96 122/47/47 126/48/48
f 192/96/96 126/48/48 194/95/95
f 194/95/95 126/48/48 130/49/49
f 194/95/95 130/49/49 196/94/94
f 196/94/94 130/49/49 134/50/50
f 196/94/94 134/50/50 198/93/93
f 198/93/93 134/50/50 138/51/51
f 198/93/93 138/51/51 200/92/92
f 200/92/92 138/51/51 142/52/52
f 200/92/92 142/52/52 202/91/91
f 202/91/91 142/52/52 146/53/53
f 202/91/91 146/53/53 204/90/90
f 204/90/90 146/53/53 150/54/54
f 204/90/90 150/54/54 206/89/89
f 206/89/89 150/54/54 153/55/55
f 206/89/89 153/55/55 207/88/88
f 207/88/88 153/55/55 149/56/56
f 207/88/88 149/56/56 205/87/87
f 205/87/87 149/56/56 145/57/57
f 205/87/87 145/57/57 203/86/86
f 203/86/86 145/57/57 141/58/58
f 203/86/86 141/58/58 201/85/85
f 201/85/85 141/58/58 137/59/59
f 201/85/85 137/59/59 199/84/84
f 199/84/84 137/59/59 133/60/60
f 199/84/84 133/60/60 197/83/83
f 197/83/83 133/60/60 129/61/61
f 197/83/83 129/61/61 195/82/82
f 195/82/82 129/61/61 125/62/62
f 195/82/82 125/62/62 193/81/81
f 193/81/81 125/62/62 121/63/63
f 193/81/81 121/63/63 191/80/80
f 191/80/80 121/63/63 117/64/64
f 191/80/80 117/64/64 189/79/79
f 189/79/79 117/64/64 113/65/65
f 189/79/79 113/65/65 187/78/78
f 187/78/78 113/65/65 109/66/66
f 187/78/78 109/66/66 185/77/77
f 185/77/77 109/66/66 105/67/67
f 185/77/77 105/67/67 183/76/76
f 183/76/76 105/67/67 101/68/68
f 183/76/76 101/68/68 181/75/75
f 181/75/75 101/68/68 97/69/69
f 181/75/75 97/69/69 179/74/74
f 179/74/74 97/69/69 93/70/70
f 179/74/74 93/70/70 177/73/73
f 177/73/73 93/70/70 90/71/71
f 177/73/73 90/71/71 175/72/72
f 90/105/105 87/106/106 175/114/114
f 175/114/114 87/106/106 173/113/113
f 173/113/113 87/106/106 83/107/107
f 173/113/113 83/107/107 171/112/112
f 171/112/112 83/107/107 79/108/108
f 171/112/112 79/108/108 169/111/111
f 169/111/111 79/108/108 75/109/109
f 169/111/111 75/109/109 167/110/110
f 173/116/116 171/117/117 175/115/115
f 175/115/115 171/117/117 169/118/118
f 175/115/115 169/118/118 167/119/119
f 163/120/120 164/121/121 167/119/119
f 167/119/119 164/121/121 165/124/124
f 167/119/119 165/124/124 168/126/126
f 168/126/126 165/124/124 166/125/125
f 161/122/122 162/123/123 164/121/121
f 164/121/121 162/123/123 165/124/124
f 170/127/127 176/130/130 168/126/126
f 168/126/126 176/130/130 178/131/131
f 168/126/126 178/131/131 179/160/160
f 179/160/160 178/131/131 180/132/132
f 179/160/160 180/132/132 181/159/159
f 181/159/159 180/132/132 182/133/133
f 181/159/159 182/133/133 183/158/158
f 183/158/158 182/133/133 184/134/134
f 183/158/158 184/134/134 185/157/157
f 185/157/157 184/134/134 186/135/135
f 185/157/157 186/135/135 187/156/156
f 187/156/156 186/135/135 188/136/136
f 187/156/156 188/136/136 189/155/155
f 189/155/155 188/136/136 190/137/137
f 189/155/155 190/137/137 191/154/154
f 191/154/154 190/137/137 192/138/138
f 191/154/154 192/138/138 193/153/153
f 193/153/153 192/138/138 194/139/139
f 193/153/153 194/139/139 195/152/152
f 195/152/152 194/139/139 196/140/140
f 195/152/152 196/140/140 197/151/151
f 197/151/151 196/140/140 198/141/141
f 197/151/151 198/141/141 199/150/150
f 199/150/150 198/141/141 200/142/142
f 199/150/150 200/142/142 201/149/149
f 201/149/149 200/142/142 202/143/143
f 201/149/149 202/143/143 203/148/148
f 203/148/148 202/143/143 204/144/144
f 203/148/148 204/144/144 205/147/147
f 205/147/147 204/144/144 206/145/145
f 205/147/147 206/145/145 207/146/146
f 170/127/127 172/128/128 176/130/130
f 176/130/130 172/128/128 174/129/129
f 179/160/160 177/161/161 168/126/126
f 168/126/126 177/161/161 167/119/119
f 177/161/161 175/115/115 167/119/119
f 1270/162/162 1290/163/163 1269/165/165
f 1269/165/165 1290/163/163 1289/164/164
f 1290/166/166 1288/167/167 1289/169/169
f 1289/169/169 1288/167/167 1287/168/168
f 1288/170/170 1366/171/171 1287/173/173
f 1287/173/173 1366/171/171 1365/172/172
f 1267/174/174 1268/175/175 1269/177/177
f 1269/177/177 1268/175/175 1270/176/176
f 1365/183/183 1363/178/178 1287/182/182
f 1287/182/182 1363/178/178 1267/179/179
f 1287/182/182 1267/179/179 1269/180/180
f 1269/180/180 1289/181/181 1287/182/182
f 1364/184/184 1363/185/185 1366/187/187
f 1366/187/187 1363/185/185 1365/186/186
f 1270/193/193 1268/188/188 1288/191/191
f 1288/191/191 1268/188/188 1364/189/189
f 1288/191/191 1364/189/189 1366/190/190
f 1288/191/191 1290/192/192 1270/193/193
f 210/194/194 212/195/195 241/257/257
f 241/257/257 212/195/195 214/196/196
f 241/257/257 214/196/196 216/197/197
f 216/197/197 218/198/198 241/257/257
f 241/257/257 218/198/198 220/199/199
f 241/257/257 220/199/199 222/200/200
f 222/200/200 224/201/201 241/257/257
f 241/257/257 224/201/201 226/202/202
f 241/257/257 226/202/202 228/203/203
f 228/203/203 230/204/204 241/257/257
f 241/257/257 230/204/204 232/205/205
f 241/257/257 232/205/205 234/206/206
f 234/206/206 236/207/207 241/257/257
f 241/257/257 236/207/207 238/208/208
f 241/257/257 238/208/208 240/209/209
f 240/209/209 245/210/210 241/257/257
f 241/257/257 245/210/210 244/239/239
f 241/257/257 244/239/239 242/256/256
f 242/256/256 244/239/239 243/240/240
f 242/256/256 243/240/240 239/241/241
f 244/239/239 245/210/210 246/238/238
f 246/238/238 245/210/210 247/211/211
f 246/238/238 247/211/211 248/237/237
f 248/237/237 247/211/211 249/212/212
f 248/237/237 249/212/212 250/236/236
f 250/236/236 249/212/212 251/213/213
f 250/236/236 251/213/213 252/235/235
f 252/235/235 251/213/213 253/214/214
f 252/235/235 253/214/214 254/215/215
f 252/235/235 254/215/215 255/234/234
f 255/234/234 254/215/215 256/216/216
f 255/234/234 256/216/216 257/233/233
f 257/233/233 256/216/216 258/217/217
f 257/233/233 258/217/217 259/232/232
f 259/232/232 258/217/217 260/218/218
f 259/232/232 260/218/218 261/231/231
f 261/231/231 260/218/218 262/219/219
f 261/231/231 262/219/219 263/230/230
f 263/230/230 262/219/219 264/220/220
f 263/230/230 264/220/220 265/221/221
f 263/230/230 265/221/221 266/229/229
f 266/229/229 265/221/221 267/222/222
f 266/229/229 267/222/222 268/228/228
f 268/228/228 267/222/222 269/223/223
f 268/228/228 269/223/223 270/227/227
f 270/227/227 269/223/223 271/224/224
f 270/227/227 271/224/224 272/226/226
f 272/226/226 271/224/224 273/225/225
f 239/241/241 237/242/242 242/256/256
f 242/256/256 237/242/242 235/243/243
f 242/256/256 235/243/243 233/244/244
f 233/244/244 231/245/245 242/256/256
f 242/256/256 231/245/245 229/246/246
f 242/256/256 229/246/246 227/247/247
f 227/247/247 225/248/248 242/256/256
f 242/256/256 225/248/248 223/249/249
f 242/256/256 223/249/249 221/250/250
f 221/250/250 219/251/251 242/256/256
f 242/256/256 219/251/251 217/252/252
f 242/256/256 217/252/252 215/253/253
f 215/253/253 213/254/254 242/256/256
f 242/256/256 213/254/254 211/255/255
f 1201/259/259 1204/260/260 92/258/258
f 92/258/258 1204/260/260 96/323/323
f 96/323/323 1204/260/260 1208/261/261
f 96/323/323 1208/261/261 100/322/322
f 100/322/322 1208/261/261 1212/262/262
f 100/322/322 1212/262/262 104/321/321
f 104/321/321 1212/262/262 1216/263/263
f 104/321/321 1216/263/263 108/320/320
f 108/320/320 1216/263/263 1220/264/264
f 108/320/320 1220/264/264 112/319/319
f 112/319/319 1220/264/264 1225/265/265
f 112/319/319 1225/265/265 116/318/318
f 116/318/318 1225/265/265 1229/266/266
f 116/318/318 1229/266/266 120/317/317
f 120/317/317 1229/266/266 1233/267/267
f 120/317/317 1233/267/267 124/316/316
f 124/316/316 1233/267/267 1237/268/268
f 124/316/316 1237/268/268 128/315/315
f 128/315/315 1237/268/268 1241/269/269
f 128/315/315 1241/269/269 132/314/314
f 132/314/314 1241/269/269 1246/270/270
f 132/314/314 1246/270/270 136/313/313
f 136/313/313 1246/270/270 1250/271/271
f 136/313/313 1250/271/271 140/312/312
f 140/312/312 1250/271/271 1256/272/272
f 140/312/312 1256/272/272 144/311/311
f 144/311/311 1256/272/272 1259/273/273
f 144/311/311 1259/273/273 148/310/310
f 148/310/310 1259/273/273 1261/274/274
f 148/310/310 1261/274/274 152/309/309
f 152/309/309 1261/274/274 1262/275/275
f 152/309/309 1262/275/275 154/308/308
f 154/308/308 1262/275/275 1260/276/276
f 154/308/308 1260/276/276 151/307/307
f 151/307/307 1260/276/276 1258/277/277
f 151/307/307 1258/277/277 147/306/306
f 147/306/306 1258/277/277 1255/278/278
f 147/306/306 1255/278/278 143/305/305
f 143/305/305 1255/278/278 1249/279/279
f 143/305/305 1249/279/279 139/304/304
f 139/304/304 1249/279/279 1245/280/280
f 139/304/304 1245/280/280 135/303/303
f 135/303/303 1245/280/280 1240/281/281
f 135/303/303 1240/281/281 131/302/302
f 131/302/302 1240/281/281 1236/282/282
f 131/302/302 1236/282/282 127/301/301
f 127/301/301 1236/282/282 1232/283/283
f 127/301/301 1232/283/283 123/300/300
f 123/300/300 1232/283/283 1228/284/284
f 123/300/300 1228/284/284 119/299/299
f 119/299/299 1228/284/284 1224/285/285
f 119/299/299 1224/285/285 115/298/298
f 115/298/298 1224/285/285 1219/286/286
f 115/298/298 1219/286/286 111/297/297
f 111/297/297 1219/286/286 1215/287/287
f 111/297/297 1215/287/287 107/296/296
f 107/296/296 1215/287/287 1211/288/288
f 107/296/296 1211/288/288 103/295/295
f 103/295/295 1211/288/288 1207/289/289
f 103/295/295 1207/289/289 99/294/294
f 99/294/294 1207/289/289 1203/290/290
f 99/294/294 1203/290/290 95/293/293
f 95/293/293 1203/290/290 1198/291/291
f 95/293/293 1198/291/291 89/292/292
f 925/325/325 1007/359/359 929/324/324
f 929/324/324 1007/359/359 1011/360/360
f 929/324/324 1011/360/360 933/337/337
f 933/337/337 1011/360/360 1015/334/334
f 933/337/337 1015/334/334 937/336/336
f 937/336/336 1015/334/334 1019/335/335
f 1007/359/359 925/325/325 1003/355/355
f 1003/355/355 925/325/325 805/326/326
f 1003/355/355 805/326/326 715/354/354
f 715/354/354 805/326/326 755/350/350
f 715/354/354 755/350/350 703/353/353
f 703/353/353 755/350/350 701/352/352
f 701/352/352 755/350/350 699/351/351
f 755/350/350 805/326/326 759/349/349
f 759/349/349 805/326/326 809/327/327
f 759/349/349 809/327/327 763/341/341
f 763/341/341 809/327/327 813/338/338
f 763/341/341 813/338/338 767/340/340
f 767/340/340 813/338/338 817/339/339
f 809/327/327 929/324/324 813/338/338
f 813/338/338 929/324/324 933/337/337
f 211/329/329 1169/330/330 242/328/328
f 242/328/328 1169/330/330 1476/372/372
f 1476/372/372 1169/330/330 1422/332/332
f 1476/372/372 1422/332/332 1474/371/371
f 1474/371/371 1422/332/332 1472/368/368
f 1474/371/371 1472/368/368 1484/369/369
f 1169/330/330 1165/331/331 1422/332/332
f 1422/332/332 1418/333/333 1472/368/368
f 1472/368/368 1418/333/333 1414/361/361
f 1472/368/368 1414/361/361 1470/367/367
f 1470/367/367 1414/361/361 1410/362/362
f 1470/367/367 1410/362/362 1350/366/366
f 1350/366/366 1410/362/362 1336/365/365
f 1336/365/365 1410/362/362 1330/364/364
f 1330/364/364 1410/362/362 1318/363/363
f 1418/333/333 1015/334/334 1414/361/361
f 1414/361/361 1015/334/334 1011/360/360
f 759/349/349 763/341/341 629/348/348
f 629/348/348 763/341/341 575/342/342
f 629/348/348 575/342/342 571/347/347
f 571/347/347 575/342/342 559/346/346
f 559/346/346 575/342/342 579/343/343
f 559/346/346 579/343/343 515/345/345
f 515/345/345 579/343/343 519/344/344
f 1003/355/355 1065/356/356 1007/359/359
f 1007/359/359 1065/356/356 1071/357/357
f 1007/359/359 1071/357/357 1085/358/358
f 1484/369/369 1482/370/370 1474/371/371
f 211/373/373 213/374/374 1169/404/404
f 1169/404/404 213/374/374 215/375/375
f 1169/404/404 215/375/375 217/376/376
f 217/376/376 219/377/377 1169/404/404
f 1169/404/404 219/377/377 221/378/378
f 1169/404/404 221/378/378 223/379/379
f 223/379/379 225/380/380 1169/404/404
f 1169/404/404 225/380/380 227/381/381
f 1169/404/404 227/381/381 229/382/382
f 229/382/382 231/383/383 1169/404/404
f 1169/404/404 231/383/383 1171/403/403
f 1171/403/403 231/383/383 1173/402/402
f 1173/402/402 231/383/383 233/384/384
f 1173/402/402 233/384/384 1175/401/401
f 1175/401/401 233/384/384 1177/400/400
f 1177/400/400 233/384/384 1179/399/399
f 1179/399/399 233/384/384 1181/398/398
f 1181/398/398 233/384/384 1183/397/397
f 1183/397/397 233/384/384 1185/396/396
f 1185/396/396 233/384/384 1187/395/395
f 1187/395/395 233/384/384 1189/394/394
f 1189/394/394 233/384/384 1191/393/393
f 1191/393/393 233/384/384 235/385/385
f 1191/393/393 235/385/385 1193/392/392
f 1193/392/392 235/385/385 237/386/386
f 1193/392/392 237/386/386 1195/391/391
f 1195/391/391 237/386/386 239/387/387
f 1195/391/391 239/387/387 1197/390/390
f 1197/390/390 239/387/387 243/388/388
f 1197/390/390 243/388/388 1200/389/389
f 243/405/405 244/406/406 1200/468/468
f 1200/468/468 244/406/406 1202/467/467
f 1202/467/467 244/406/406 246/407/407
f 1202/467/467 246/407/407 1206/466/466
f 1206/466/466 246/407/407 248/408/408
f 1206/466/466 248/408/408 1210/465/465
f 1210/465/465 248/408/408 250/409/409
f 1210/465/465 250/409/409 1214/464/464
f 1214/464/464 250/409/409 252/410/410
f 1214/464/464 252/410/410 1218/463/463
f 1218/463/463 252/410/410 255/411/411
f 1218/463/463 255/411/411 1223/462/462
f 1223/462/462 255/411/411 257/412/412
f 1223/462/462 257/412/412 1227/461/461
f 1227/461/461 257/412/412 259/413/413
f 1227/461/461 259/413/413 1231/460/460
f 1231/460/460 259/413/413 261/414/414
f 1231/460/460 261/414/414 1235/459/459
f 1235/459/459 261/414/414 263/415/415
f 1235/459/459 263/415/415 1239/458/458
f 1239/458/458 263/415/415 266/416/416
f 1239/458/458 266/416/416 1244/457/457
f 1244/457/457 266/416/416 268/417/417
f 1244/457/457 268/417/417 1248/456/456
f 1248/456/456 268/417/417 270/418/418
f 1248/456/456 270/418/418 1252/455/455
f 1252/455/455 270/418/418 272/419/419
f 1252/455/455 272/419/419 1254/454/454
f 1254/454/454 272/419/419 273/420/420
f 1254/454/454 273/420/420 1257/453/453
f 1257/453/453 273/420/420 271/421/421
f 1257/453/453 271/421/421 1253/452/452
f 1253/452/452 271/421/421 269/422/422
f 1253/452/452 269/422/422 1251/451/451
f 1251/451/451 269/422/422 267/423/423
f 1251/451/451 267/423/423 1247/450/450
f 1247/450/450 267/423/423 265/424/424
f 1247/450/450 265/424/424 1243/449/449
f 1243/449/449 265/424/424 264/425/425
f 1243/449/449 264/425/425 1242/448/448
f 1242/448/448 264/425/425 262/426/426
f 1242/448/448 262/426/426 1238/447/447
f 1238/447/447 262/426/426 260/427/427
f 1238/447/447 260/427/427 1234/446/446
f 1234/446/446 260/427/427 258/428/428
f 1234/446/446 258/428/428 1230/445/445
f 1230/445/445 258/428/428 256/429/429
f 1230/445/445 256/429/429 1226/444/444
f 1226/444/444 256/429/429 254/430/430
f 1226/444/444 254/430/430 1222/443/443
f 1222/443/443 254/430/430 253/431/431
f 1222/443/443 253/431/431 1221/442/442
f 1221/442/442 253/431/431 251/432/432
f 1221/442/442 251/432/432 1217/441/441
f 1217/441/441 251/432/432 249/433/433
f 1217/441/441 249/433/433 1213/440/440
f 1213/440/440 249/433/433 247/434/434
f 1213/440/440 247/434/434 1209/439/439
f 1209/439/439 247/434/434 245/435/435
f 1209/439/439 245/435/435 1205/438/438
f 1205/438/438 245/435/435 240/436/436
f 1205/438/438 240/436/436 1199/437/437
f 1016/470/470 1018/471/471 1126/469/469
f 1126/469/469 1018/471/471 1128/492/492
f 1128/492/492 1018/471/471 936/472/472
f 1128/492/492 936/472/472 816/475/475
f 816/475/475 936/472/472 934/473/473
f 816/475/475 934/473/473 814/474/474
f 816/475/475 766/476/476 1128/492/492
f 1128/492/492 766/476/476 578/479/479
f 1128/492/492 578/479/479 518/480/480
f 766/476/476 764/477/477 578/479/479
f 578/479/479 764/477/477 576/478/478
f 1128/492/492 518/480/480 302/483/483
f 302/483/483 518/480/480 516/481/481
f 302/483/483 516/481/481 300/482/482
f 302/483/483 73/484/484 1128/492/492
f 1128/492/492 73/484/484 77/485/485
f 1128/492/492 77/485/485 1130/491/491
f 1130/491/491 77/485/485 81/486/486
f 1130/491/491 81/486/486 1166/490/490
f 1166/490/490 81/486/486 85/487/487
f 1166/490/490 85/487/487 1198/489/489
f 1198/489/489 85/487/487 89/488/488
f 1127/493/493 1133/494/494 1129/629/629
f 1129/629/629 1133/494/494 1131/628/628
f 1131/628/628 1133/494/494 1135/495/495
f 1131/628/628 1135/495/495 1137/496/496
f 1137/496/496 1139/497/497 1131/628/628
f 1131/628/628 1139/497/497 1141/498/498
f 1131/628/628 1141/498/498 1143/499/499
f 1143/499/499 1145/500/500 1131/628/628
f 1131/628/628 1145/500/500 1147/501/501
f 1131/628/628 1147/501/501 1165/510/510
f 1165/510/510 1147/501/501 1149/502/502
f 1165/510/510 1149/502/502 1151/503/503
f 1151/503/503 1153/504/504 1165/510/510
f 1165/510/510 1153/504/504 1155/505/505
f 1165/510/510 1155/505/505 1157/506/506
f 1157/506/506 1159/507/507 1165/510/510
f 1165/510/510 1159/507/507 1161/508/508
f 1165/510/510 1161/508/508 1164/509/509
f 1131/628/628 1165/510/510 1167/627/627
f 1167/627/627 1165/510/510 1169/511/511
f 1167/627/627 1169/511/511 1171/512/512
f 1171/512/512 1173/513/513 1167/627/627
f 1167/627/627 1173/513/513 1175/514/514
f 1167/627/627 1175/514/514 1177/515/515
f 1177/515/515 1179/516/516 1167/627/627
f 1167/627/627 1179/516/516 1181/517/517
f 1167/627/627 1181/517/517 1201/626/626
f 1201/626/626 1181/517/517 1183/518/518
f 1201/626/626 1183/518/518 1185/519/519
f 1185/519/519 1187/520/520 1201/626/626
f 1201/626/626 1187/520/520 1189/521/521
f 1201/626/626 1189/521/521 1191/522/522
f 1191/522/522 1193/523/523 1201/626/626
f 1201/626/626 1193/523/523 1195/524/524
f 1201/626/626 1195/524/524 1197/525/525
f 1197/525/525 1200/526/526 1201/626/626
f 1201/626/626 1200/526/526 1202/527/527
f 1201/626/626 1202/527/527 1204/625/625
f 1204/625/625 1202/527/527 1206/528/528
f 1204/625/625 1206/528/528 1208/624/624
f 1208/624/624 1206/528/528 1210/529/529
f 1208/624/624 1210/529/529 1212/623/623
f 1212/623/623 1210/529/529 1216/622/622
f 1216/622/622 1210/529/529 1214/530/530
f 1216/622/622 1214/530/530 1220/621/621
f 1220/621/621 1214/530/530 1218/531/531
f 1220/621/621 1218/531/531 1225/620/620
f 1225/620/620 1218/531/531 1223/532/532
f 1225/620/620 1223/532/532 1229/619/619
f 1229/619/619 1223/532/532 1227/533/533
f 1229/619/619 1227/533/533 1233/618/618
f 1233/618/618 1227/533/533 1231/534/534
f 1233/618/618 1231/534/534 1237/617/617
f 1237/617/617 1231/534/534 1235/535/535
f 1237/617/617 1235/535/535 1241/616/616
f 1241/616/616 1235/535/535 1239/536/536
f 1241/616/616 1239/536/536 1246/615/615
f 1246/615/615 1239/536/536 1244/537/537
f 1246/615/615 1244/537/537 1250/614/614
f 1250/614/614 1244/537/537 1248/538/538
f 1250/614/614 1248/538/538 1256/613/613
f 1256/613/613 1248/538/538 1252/539/539
f 1256/613/613 1252/539/539 1259/612/612
f 1259/612/612 1252/539/539 1254/540/540
f 1259/612/612 1254/540/540 1261/611/611
f 1261/611/611 1254/540/540 1257/541/541
f 1261/611/611 1257/541/541 1262/610/610
f 1262/610/610 1257/541/541 1260/609/609
f 1260/609/609 1257/541/541 1253/542/542
f 1260/609/609 1253/542/542 1258/608/608
f 1258/608/608 1253/542/542 1251/543/543
f 1258/608/608 1251/543/543 1255/607/607
f 1255/607/607 1251/543/543 1247/544/544
f 1255/607/607 1247/544/544 1249/606/606
f 1249/606/606 1247/544/544 1243/545/545
f 1249/606/606 1243/545/545 1245/605/605
f 1245/605/605 1243/545/545 1242/546/546
f 1245/605/605 1242/546/546 1240/604/604
f 1240/604/604 1242/546/546 1238/547/547
f 1240/604/604 1238/547/547 1236/603/603
f 1236/603/603 1238/547/547 1234/548/548
f 1236/603/603 1234/548/548 1232/602/602
f 1232/602/602 1234/548/548 1230/549/549
f 1232/602/602 1230/549/549 1228/601/601
f 1228/601/601 1230/549/549 1226/550/550
f 1228/601/601 1226/550/550 1224/600/600
f 1224/600/600 1226/550/550 1222/551/551
f 1224/600/600 1222/551/551 1221/552/552
f 1224/600/600 1221/552/552 1219/599/599
f 1219/599/599 1221/552/552 1217/553/553
f 1219/599/599 1217/553/553 1215/598/598
f 1215/598/598 1217/553/553 1213/554/554
f 1215/598/598 1213/554/554 1211/597/597
f 1211/597/597 1213/554/554 1209/555/555
f 1211/597/597 1209/555/555 1207/596/596
f 1207/596/596 1209/555/555 1205/556/556
f 1207/596/596 1205/556/556 1203/595/595
f 1203/595/595 1205/556/556 1199/557/557
f 1203/595/595 1199/557/557 1198/594/594
f 1198/594/594 1199/557/557 1196/558/558
f 1198/594/594 1196/558/558 1194/559/559
f 1194/559/559 1192/560/560 1198/594/594
f 1198/594/594 1192/560/560 1190/561/561
f 1198/594/594 1190/561/561 1188/562/562
f 1188/562/562 1186/563/563 1198/594/594
f 1198/594/594 1186/563/563 1184/564/564
f 1198/594/594 1184/564/564 1182/565/565
f 1182/565/565 1180/566/566 1198/594/594
f 1198/594/594 1180/566/566 1166/593/593
f 1166/593/593 1180/566/566 1178/567/567
f 1166/593/593 1178/567/567 1176/568/568
f 1176/568/568 1174/569/569 1166/593/593
f 1166/593/593 1174/569/569 1172/570/570
f 1166/593/593 1172/570/570 1170/571/571
f 1170/571/571 1168/572/572 1166/593/593
f 1166/593/593 1168/572/572 1162/573/573
f 1166/593/593 1162/573/573 1130/592/592
f 1130/592/592 1162/573/573 1146/582/582
f 1130/592/592 1146/582/582 1144/583/583
f 1163/574/574 1160/575/575 1162/573/573
f 1162/573/573 1160/575/575 1158/576/576
f 1162/573/573 1158/576/576 1156/577/577
f 1156/577/577 1154/578/578 1162/573/573
f 1162/573/573 1154/578/578 1152/579/579
f 1162/573/573 1152/579/579 1150/580/580
f 1150/580/580 1148/581/581 1162/573/573
f 1162/573/573 1148/581/581 1146/582/582
f 1144/583/583 1142/584/584 1130/592/592
f 1130/592/592 1142/584/584 1140/585/585
f 1130/592/592 1140/585/585 1138/586/586
f 1138/586/586 1136/587/587 1130/592/592
f 1130/592/592 1136/587/587 1134/588/588
f 1130/592/592 1134/588/588 1132/589/589
f 1126/590/590 1128/591/591 1132/589/589
f 1132/589/589 1128/591/591 1130/592/592
f 240/630/630 238/631/631 1199/661/661
f 1199/661/661 238/631/631 236/632/632
f 1199/661/661 236/632/632 234/633/633
f 234/633/633 232/634/634 1199/661/661
f 1199/661/661 232/634/634 230/635/635
f 1199/661/661 230/635/635 228/636/636
f 228/636/636 226/637/637 1199/661/661
f 1199/661/661 226/637/637 224/638/638
f 1199/661/661 224/638/638 222/639/639
f 222/639/639 220/640/640 1199/661/661
f 1199/661/661 220/640/640 218/641/641
f 1199/661/661 218/641/641 1196/660/660
f 1196/660/660 218/641/641 1194/659/659
f 1194/659/659 218/641/641 1192/658/658
f 1192/658/658 218/641/641 1190/657/657
f 1190/657/657 218/641/641 1188/656/656
f 1188/656/656 218/641/641 1186/655/655
f 1186/655/655 218/641/641 1184/654/654
f 1184/654/654 218/641/641 1182/653/653
f 1182/653/653 218/641/641 1180/652/652
f 1180/652/652 218/641/641 1178/651/651
f 1178/651/651 218/641/641 1176/650/650
f 1176/650/650 218/641/641 1174/649/649
f 1174/649/649 218/641/641 216/642/642
f 1174/649/649 216/642/642 1172/648/648
f 1172/648/648 216/642/642 214/643/643
f 1172/648/648 214/643/643 1170/647/647
f 1170/647/647 214/643/643 212/644/644
f 1170/647/647 212/644/644 1168/646/646
f 1168/646/646 212/644/644 210/645/645
f 1020/662/662 1132/663/663 1022/693/693
f 1022/693/693 1132/663/663 1134/664/664
f 1022/693/693 1134/664/664 1024/692/692
f 1024/692/692 1134/664/664 1136/665/665
f 1024/692/692 1136/665/665 1026/691/691
f 1026/691/691 1136/665/665 1138/666/666
f 1026/691/691 1138/666/666 1028/690/690
f 1028/690/690 1138/666/666 1140/667/667
f 1028/690/690 1140/667/667 1142/668/668
f 1142/668/668 1144/669/669 1028/690/690
f 1028/690/690 1144/669/669 1146/670/670
f 1028/690/690 1146/670/670 1148/671/671
f 1148/671/671 1150/672/672 1028/690/690
f 1028/690/690 1150/672/672 1152/673/673
f 1028/690/690 1152/673/673 1154/674/674
f 1154/674/674 1156/675/675 1028/690/690
f 1028/690/690 1156/675/675 1158/676/676
f 1028/690/690 1158/676/676 1160/677/677
f 1160/677/677 1163/678/678 1028/690/690
f 1028/690/690 1163/678/678 1030/689/689
f 1030/689/689 1163/678/678 1032/688/688
f 1032/688/688 1163/678/678 1034/687/687
f 1034/687/687 1163/678/678 1036/686/686
f 1036/686/686 1163/678/678 1038/685/685
f 1038/685/685 1163/678/678 1040/684/684
f 1040/684/684 1163/678/678 1042/683/683
f 1042/683/683 1163/678/678 1044/682/682
f 1044/682/682 1163/678/678 1046/681/681
f 1046/681/681 1163/678/678 1048/680/680
f 1048/680/680 1163/678/678 1050/679/679
f 1021/695/695 1023/696/696 1133/694/694
f 1133/694/694 1023/696/696 1025/697/697
f 1133/694/694 1025/697/697 1027/698/698
f 1027/698/698 1029/699/699 1133/694/694
f 1133/694/694 1029/699/699 1031/700/700
f 1133/694/694 1031/700/700 1033/701/701
f 1033/701/701 1035/702/702 1133/694/694
f 1133/694/694 1035/702/702 1037/703/703
f 1133/694/694 1037/703/703 1039/704/704
f 1039/704/704 1041/705/705 1133/694/694
f 1133/694/694 1041/705/705 1135/725/725
f 1135/725/725 1041/705/705 1137/724/724
f 1137/724/724 1041/705/705 1043/706/706
f 1137/724/724 1043/706/706 1139/723/723
f 1139/723/723 1043/706/706 1141/722/722
f 1141/722/722 1043/706/706 1143/721/721
f 1143/721/721 1043/706/706 1145/720/720
f 1145/720/720 1043/706/706 1147/719/719
f 1147/719/719 1043/706/706 1149/718/718
f 1149/718/718 1043/706/706 1151/717/717
f 1151/717/717 1043/706/706 1153/716/716
f 1153/716/716 1043/706/706 1155/715/715
f 1155/715/715 1043/706/706 1045/707/707
f 1155/715/715 1045/707/707 1157/714/714
f 1157/714/714 1045/707/707 1047/708/708
f 1157/714/714 1047/708/708 1159/713/713
f 1159/713/713 1047/708/708 1049/709/709
f 1159/713/713 1049/709/709 1161/712/712
f 1161/712/712 1049/709/709 1053/710/710
f 1161/712/712 1053/710/710 1164/711/711
f 1017/726/726 1127/727/727 1019/749/749
f 1019/749/749 1127/727/727 1129/728/728
f 1019/749/749 1129/728/728 937/748/748
f 937/748/748 1129/728/728 817/745/745
f 937/748/748 817/745/745 935/747/747
f 935/747/747 817/745/745 815/746/746
f 1131/729/729 78/735/735 1129/728/728
f 1129/728/728 78/735/735 767/744/744
f 1129/728/728 767/744/744 817/745/745
f 78/735/735 1131/729/729 82/734/734
f 82/734/734 1131/729/729 1167/730/730
f 82/734/734 1167/730/730 86/733/733
f 86/733/733 1167/730/730 1201/731/731
f 86/733/733 1201/731/731 92/732/732
f 74/736/736 303/737/737 78/735/735
f 78/735/735 303/737/737 519/740/740
f 78/735/735 519/740/740 579/741/741
f 301/738/738 517/739/739 303/737/737
f 303/737/737 517/739/739 519/740/740
f 577/742/742 765/743/743 579/741/741
f 579/741/741 765/743/743 767/744/744
f 579/741/741 767/744/744 78/735/735
f 935/750/750 815/751/751 932/753/753
f 932/753/753 815/751/751 812/752/752
f 937/754/754 935/755/755 933/757/757
f 933/757/757 935/755/755 932/756/756
f 817/759/759 813/760/760 815/758/758
f 815/758/758 813/760/760 812/761/761
f 767/762/762 765/763/763 763/765/765
f 763/765/765 765/763/763 762/764/764
f 765/766/766 577/767/767 762/769/769
f 762/769/769 577/767/767 574/768/768
f 579/771/771 575/772/772 577/770/770
f 577/770/770 575/772/772 574/773/773
f 1053/774/774 1049/775/775 1052/790/790
f 1052/790/790 1049/775/775 1047/776/776
f 1052/790/790 1047/776/776 1045/777/777
f 1045/777/777 1043/778/778 1052/790/790
f 1052/790/790 1043/778/778 1041/779/779
f 1052/790/790 1041/779/779 1039/780/780
f 1039/780/780 1037/781/781 1052/790/790
f 1052/790/790 1037/781/781 1035/782/782
f 1052/790/790 1035/782/782 1033/783/783
f 1033/783/783 1031/784/784 1052/790/790
f 1052/790/790 1031/784/784 1029/785/785
f 1052/790/790 1029/785/785 1027/786/786
f 1027/786/786 1025/787/787 1052/790/790
f 1052/790/790 1025/787/787 1023/788/788
f 1052/790/790 1023/788/788 1021/789/789
f 519/791/791 517/792/792 515/794/794
f 515/794/794 517/792/792 514/793/793
f 1050/795/795 1163/796/796 1051/800/800
f 1051/800/800 1163/796/796 1420/799/799
f 1420/799/799 1163/796/796 1419/798/798
f 1419/798/798 1163/796/796 1162/797/797
f 301/802/802 425/806/806 517/801/801
f 517/801/801 425/806/806 457/807/807
f 517/801/801 457/807/807 497/808/808
f 298/803/803 390/804/804 301/802/802
f 301/802/802 390/804/804 413/805/805
f 301/802/802 413/805/805 425/806/806
f 497/808/808 514/809/809 517/801/801
f 1018/810/810 1016/811/811 1012/813/813
f 1012/813/813 1016/811/811 1013/812/812
f 1020/814/814 1022/815/815 1051/830/830
f 1051/830/830 1022/815/815 1024/816/816
f 1051/830/830 1024/816/816 1026/817/817
f 1026/817/817 1028/818/818 1051/830/830
f 1051/830/830 1028/818/818 1030/819/819
f 1051/830/830 1030/819/819 1032/820/820
f 1032/820/820 1034/821/821 1051/830/830
f 1051/830/830 1034/821/821 1036/822/822
f 1051/830/830 1036/822/822 1038/823/823
f 1038/823/823 1040/824/824 1051/830/830
f 1051/830/830 1040/824/824 1042/825/825
f 1051/830/830 1042/825/825 1044/826/826
f 1044/826/826 1046/827/827 1051/830/830
f 1051/830/830 1046/827/827 1048/828/828
f 1051/830/830 1048/828/828 1050/829/829
f 303/832/832 299/833/833 301/831/831
f 301/831/831 299/833/833 298/834/834
f 303/835/835 74/836/836 299/846/846
f 299/846/846 74/836/836 295/841/841
f 299/846/846 295/841/841 369/842/842
f 68/837/837 209/838/838 74/836/836
f 74/836/836 209/838/838 295/841/841
f 209/838/838 283/839/839 295/841/841
f 295/841/841 283/839/839 291/840/840
f 369/842/842 379/843/843 299/846/846
f 299/846/846 379/843/843 381/844/844
f 299/846/846 381/844/844 391/845/845
f 936/848/848 930/849/849 934/847/847
f 934/847/847 930/849/849 931/850/850
f 814/851/851 934/852/852 811/854/854
f 811/854/854 934/852/852 931/853/853
f 816/855/855 814/856/856 810/858/858
f 810/858/858 814/856/856 811/857/857
f 302/859/859 300/860/860 296/862/862
f 296/862/862 300/860/860 297/861/861
f 516/864/864 424/868/868 300/863/863
f 300/863/863 424/868/868 412/869/869
f 300/863/863 412/869/869 389/870/870
f 513/865/865 496/866/866 516/864/864
f 516/864/864 496/866/866 456/867/867
f 516/864/864 456/867/867 424/868/868
f 389/870/870 297/871/871 300/863/863
f 766/873/873 760/874/874 764/872/872
f 764/872/872 760/874/874 761/875/875
f 518/877/877 512/878/878 516/876/876
f 516/876/876 512/878/878 513/879/879
f 576/880/880 764/881/881 573/883/883
f 573/883/883 764/881/881 761/882/882
f 302/885/885 296/886/886 73/884/884
f 73/884/884 296/886/886 292/891/891
f 73/884/884 292/891/891 208/894/894
f 208/894/894 292/891/891 282/893/893
f 282/893/893 292/891/891 288/892/892
f 388/887/887 380/888/888 296/886/886
f 296/886/886 380/888/888 378/889/889
f 296/886/886 378/889/889 366/890/890
f 366/890/890 292/891/891 296/886/886
f 208/894/894 65/895/895 73/884/884
f 210/896/896 241/897/897 1168/940/940
f 1168/940/940 241/897/897 1475/898/898
f 1168/940/940 1475/898/898 1419/938/938
f 1419/938/938 1475/898/898 1473/899/899
f 1419/938/938 1473/899/899 1471/902/902
f 1471/902/902 1473/899/899 1483/901/901
f 1483/901/901 1473/899/899 1481/900/900
f 1467/903/903 1411/909/909 1471/902/902
f 1471/902/902 1411/909/909 1415/937/937
f 1471/902/902 1415/937/937 1419/938/938
f 1411/909/909 1467/903/903 1407/908/908
f 1407/908/908 1467/903/903 1347/904/904
f 1407/908/908 1347/904/904 1335/905/905
f 1335/905/905 1329/906/906 1407/908/908
f 1407/908/908 1329/906/906 1315/907/907
f 1411/909/909 1008/910/910 1415/937/937
f 1415/937/937 1008/910/910 1012/936/936
f 1012/936/936 1008/910/910 926/942/942
f 1012/936/936 926/942/942 930/933/933
f 930/933/933 926/942/942 806/943/943
f 930/933/933 806/943/943 810/932/932
f 810/932/932 806/943/943 756/921/921
f 810/932/932 756/921/921 760/929/929
f 760/929/929 756/921/921 626/922/922
f 760/929/929 626/922/922 572/928/928
f 572/928/928 626/922/922 570/923/923
f 572/928/928 570/923/923 558/924/924
f 926/942/942 1008/910/910 922/941/941
f 922/941/941 1008/910/910 1004/911/911
f 922/941/941 1004/911/911 1000/915/915
f 1000/915/915 1004/911/911 1064/914/914
f 1064/914/914 1004/911/911 1070/913/913
f 1070/913/913 1004/911/911 1082/912/912
f 922/941/941 1000/915/915 802/944/944
f 802/944/944 1000/915/915 712/916/916
f 802/944/944 712/916/916 752/920/920
f 752/920/920 712/916/916 702/917/917
f 752/920/920 702/917/917 700/918/918
f 700/918/918 696/919/919 752/920/920
f 802/944/944 752/920/920 806/943/943
f 806/943/943 752/920/920 756/921/921
f 572/928/928 558/924/924 578/927/927
f 578/927/927 558/924/924 512/925/925
f 578/927/927 512/925/925 518/926/926
f 766/930/930 816/931/931 760/929/929
f 760/929/929 816/931/931 810/932/932
f 936/934/934 1018/935/935 930/933/933
f 930/933/933 1018/935/935 1012/936/936
f 1419/938/938 1162/939/939 1168/940/940
f 578/945/945 576/946/946 572/948/948
f 572/948/948 576/946/946 573/947/947
f 1471/950/950 1483/951/951 1472/949/949
f 1472/949/949 1483/951/951 1484/952/952
f 1483/953/953 1481/954/954 1484/956/956
f 1484/956/956 1481/954/954 1482/955/955
f 1474/958/958 1482/959/959 1473/957/957
f 1473/957/957 1482/959/959 1481/960/960
f 1473/962/962 1475/963/963 1474/961/961
f 1474/961/961 1475/963/963 1476/964/964
f 1466/965/965 1464/966/966 1480/968/968
f 1480/968/968 1464/966/966 1478/967/967
f 1465/969/969 1466/970/970 1479/972/972
f 1479/972/972 1466/970/970 1480/971/971
f 1463/973/973 1465/974/974 1477/976/976
f 1477/976/976 1465/974/974 1479/975/975
f 1464/977/977 1463/978/978 1478/980/980
f 1478/980/980 1463/978/978 1477/979/979
f 1478/981/981 1477/982/982 1480/984/984
f 1480/984/984 1477/982/982 1479/983/983
f 62/985/985 61/986/986 28/988/988
f 28/988/988 61/986/986 27/987/987
f 25/989/989 26/990/990 27/992/992
f 27/992/992 26/990/990 28/991/991
f 728/993/993 25/994/994 686/1016/1016
f 686/1016/1016 25/994/994 670/1015/1015
f 670/1015/1015 25/994/994 646/1014/1014
f 646/1014/1014 25/994/994 630/1013/1013
f 630/1013/1013 25/994/994 560/1012/1012
f 560/1012/1012 25/994/994 502/1011/1011
f 502/1011/1011 25/994/994 486/1010/1010
f 486/1010/1010 25/994/994 430/1009/1009
f 430/1009/1009 25/994/994 414/1008/1008
f 414/1008/1008 25/994/994 386/1007/1007
f 386/1007/1007 25/994/994 364/1006/1006
f 364/1006/1006 25/994/994 338/1005/1005
f 338/1005/1005 25/994/994 159/1004/1004
f 159/1004/1004 25/994/994 43/1003/1003
f 43/1003/1003 25/994/994 15/1002/1002
f 15/1002/1002 25/994/994 27/995/995
f 15/1002/1002 27/995/995 7/1001/1001
f 7/1001/1001 27/995/995 61/996/996
f 7/1001/1001 61/996/996 1/1000/1000
f 1/1000/1000 61/996/996 9/999/999
f 9/999/999 61/996/996 37/998/998
f 37/998/998 61/996/996 66/997/997
f 75/1018/1018 73/1068/1068 69/1017/1017
f 69/1017/1017 73/1068/1068 65/1069/1069
f 69/1017/1017 65/1069/1069 66/1070/1070
f 75/1018/1018 79/1019/1019 73/1068/1068
f 73/1068/1068 79/1019/1019 77/1067/1067
f 77/1067/1067 79/1019/1019 83/1020/1020
f 77/1067/1067 83/1020/1020 81/1066/1066
f 81/1066/1066 83/1020/1020 87/1021/1021
f 81/1066/1066 87/1021/1021 85/1065/1065
f 85/1065/1065 87/1021/1021 90/1022/1022
f 85/1065/1065 90/1022/1022 89/1064/1064
f 89/1064/1064 90/1022/1022 95/1110/1110
f 95/1110/1110 90/1022/1022 93/1023/1023
f 95/1110/1110 93/1023/1023 99/1109/1109
f 99/1109/1109 93/1023/1023 97/1024/1024
f 99/1109/1109 97/1024/1024 103/1108/1108
f 103/1108/1108 97/1024/1024 101/1025/1025
f 103/1108/1108 101/1025/1025 107/1107/1107
f 107/1107/1107 101/1025/1025 105/1026/1026
f 107/1107/1107 105/1026/1026 111/1106/1106
f 111/1106/1106 105/1026/1026 109/1027/1027
f 111/1106/1106 109/1027/1027 115/1105/1105
f 115/1105/1105 109/1027/1027 113/1028/1028
f 115/1105/1105 113/1028/1028 119/1104/1104
f 119/1104/1104 113/1028/1028 117/1029/1029
f 119/1104/1104 117/1029/1029 123/1103/1103
f 123/1103/1103 117/1029/1029 121/1030/1030
f 123/1103/1103 121/1030/1030 127/1102/1102
f 127/1102/1102 121/1030/1030 125/1031/1031
f 127/1102/1102 125/1031/1031 131/1101/1101
f 131/1101/1101 125/1031/1031 129/1032/1032
f 131/1101/1101 129/1032/1032 135/1100/1100
f 135/1100/1100 129/1032/1032 133/1033/1033
f 135/1100/1100 133/1033/1033 139/1099/1099
f 139/1099/1099 133/1033/1033 137/1034/1034
f 139/1099/1099 137/1034/1034 143/1098/1098
f 143/1098/1098 137/1034/1034 141/1035/1035
f 143/1098/1098 141/1035/1035 147/1097/1097
f 147/1097/1097 141/1035/1035 145/1036/1036
f 147/1097/1097 145/1036/1036 151/1096/1096
f 151/1096/1096 145/1036/1036 149/1037/1037
f 151/1096/1096 149/1037/1037 154/1095/1095
f 154/1095/1095 149/1037/1037 153/1038/1038
f 154/1095/1095 153/1038/1038 150/1039/1039
f 154/1095/1095 150/1039/1039 152/1094/1094
f 152/1094/1094 150/1039/1039 146/1040/1040
f 152/1094/1094 146/1040/1040 148/1093/1093
f 148/1093/1093 146/1040/1040 142/1041/1041
f 148/1093/1093 142/1041/1041 144/1092/1092
f 144/1092/1092 142/1041/1041 138/1042/1042
f 144/1092/1092 138/1042/1042 140/1091/1091
f 140/1091/1091 138/1042/1042 134/1043/1043
f 140/1091/1091 134/1043/1043 136/1090/1090
f 136/1090/1090 134/1043/1043 130/1044/1044
f 136/1090/1090 130/1044/1044 132/1089/1089
f 132/1089/1089 130/1044/1044 126/1045/1045
f 132/1089/1089 126/1045/1045 128/1088/1088
f 128/1088/1088 126/1045/1045 122/1046/1046
f 128/1088/1088 122/1046/1046 124/1087/1087
f 124/1087/1087 122/1046/1046 118/1047/1047
f 124/1087/1087 118/1047/1047 120/1086/1086
f 120/1086/1086 118/1047/1047 114/1048/1048
f 120/1086/1086 114/1048/1048 116/1085/1085
f 116/1085/1085 114/1048/1048 110/1049/1049
f 116/1085/1085 110/1049/1049 112/1084/1084
f 112/1084/1084 110/1049/1049 106/1050/1050
f 112/1084/1084 106/1050/1050 108/1083/1083
f 108/1083/1083 106/1050/1050 102/1051/1051
f 108/1083/1083 102/1051/1051 104/1082/1082
f 104/1082/1082 102/1051/1051 98/1052/1052
f 104/1082/1082 98/1052/1052 100/1081/1081
f 100/1081/1081 98/1052/1052 94/1053/1053
f 100/1081/1081 94/1053/1053 96/1080/1080
f 96/1080/1080 94/1053/1053 91/1054/1054
f 96/1080/1080 91/1054/1054 92/1079/1079
f 92/1079/1079 91/1054/1054 86/1078/1078
f 86/1078/1078 91/1054/1054 88/1055/1055
f 86/1078/1078 88/1055/1055 82/1077/1077
f 82/1077/1077 88/1055/1055 84/1056/1056
f 82/1077/1077 84/1056/1056 78/1076/1076
f 78/1076/1076 84/1056/1056 80/1057/1057
f 78/1076/1076 80/1057/1057 74/1075/1075
f 74/1075/1075 80/1057/1057 76/1058/1058
f 74/1075/1075 76/1058/1058 72/1059/1059
f 71/1060/1060 67/1073/1073 72/1059/1059
f 72/1059/1059 67/1073/1073 68/1074/1074
f 72/1059/1059 68/1074/1074 74/1075/1075
f 71/1060/1060 64/1061/1061 67/1073/1073
f 67/1073/1073 64/1061/1061 62/1072/1072
f 62/1072/1072 64/1061/1061 61/1071/1071
f 61/1071/1071 64/1061/1061 63/1062/1062
f 61/1071/1071 63/1062/1062 66/1070/1070
f 66/1070/1070 63/1062/1062 70/1063/1063
f 66/1070/1070 70/1063/1063 69/1017/1017
f 747/1112/1112 855/1113/1113 750/1111/1111
f 750/1111/1111 855/1113/1113 858/1114/1114
f 749/1116/1116 857/1117/1117 746/1115/1115
f 746/1115/1115 857/1117/1117 854/1118/1118
f 747/1119/1119 746/1120/1120 855/1122/1122
f 855/1122/1122 746/1120/1120 854/1121/1121
f 750/1123/1123 858/1124/1124 751/1130/1130
f 751/1130/1130 858/1124/1124 859/1125/1125
f 751/1130/1130 859/1125/1125 715/1128/1128
f 715/1128/1128 859/1125/1125 1003/1127/1127
f 1003/1127/1127 859/1125/1125 1002/1126/1126
f 715/1128/1128 714/1129/1129 751/1130/1130
f 857/1131/1131 749/1132/1132 856/1138/1138
f 856/1138/1138 749/1132/1132 748/1133/1133
f 856/1138/1138 748/1133/1133 712/1135/1135
f 712/1135/1135 748/1133/1133 713/1134/1134
f 712/1135/1135 1000/1136/1136 856/1138/1138
f 856/1138/1138 1000/1136/1136 1001/1137/1137
f 749/1139/1139 746/1140/1140 748/1146/1146
f 748/1146/1146 746/1140/1140 744/1145/1145
f 744/1145/1145 746/1140/1140 747/1141/1141
f 744/1145/1145 747/1141/1141 745/1144/1144
f 745/1144/1144 747/1141/1141 751/1143/1143
f 751/1143/1143 747/1141/1141 750/1142/1142
f 1349/1147/1147 1370/1148/1148 1469/1155/1155
f 1469/1155/1155 1370/1148/1148 1394/1149/1149
f 1469/1155/1155 1394/1149/1149 1424/1150/1150
f 1424/1150/1150 1448/1151/1151 1469/1155/1155
f 1469/1155/1155 1448/1151/1151 1456/1152/1152
f 1469/1155/1155 1456/1152/1152 1462/1154/1154
f 1462/1154/1154 1456/1152/1152 1458/1153/1153
f 863/1156/1156 865/1157/1157 853/1164/1164
f 853/1164/1164 865/1157/1157 873/1158/1158
f 853/1164/1164 873/1158/1158 859/1163/1163
f 859/1163/1163 873/1158/1158 897/1159/1159
f 859/1163/1163 897/1159/1159 913/1160/1160
f 913/1160/1160 985/1161/1161 859/1163/1163
f 859/1163/1163 985/1161/1161 1002/1162/1162
f 1457/1165/1165 1455/1166/1166 1461/1173/1173
f 1461/1173/1173 1455/1166/1166 1468/1172/1172
f 1468/1172/1172 1455/1166/1166 1447/1167/1167
f 1468/1172/1172 1447/1167/1167 1423/1168/1168
f 1423/1168/1168 1393/1169/1169 1468/1172/1172
f 1468/1172/1172 1393/1169/1169 1369/1170/1170
f 1468/1172/1172 1369/1170/1170 1348/1171/1171
f 1001/1174/1174 984/1175/1175 856/1182/1182
f 856/1182/1182 984/1175/1175 912/1176/1176
f 856/1182/1182 912/1176/1176 896/1177/1177
f 896/1177/1177 872/1178/1178 856/1182/1182
f 856/1182/1182 872/1178/1178 852/1181/1181
f 852/1181/1181 872/1178/1178 864/1179/1179
f 852/1181/1181 864/1179/1179 862/1180/1180
f 857/1184/1184 856/1185/1185 854/1183/1183
f 854/1183/1183 856/1185/1185 852/1186/1186
f 854/1183/1183 852/1186/1186 855/1190/1190
f 855/1190/1190 852/1186/1186 853/1187/1187
f 855/1190/1190 853/1187/1187 859/1188/1188
f 859/1188/1188 858/1189/1189 855/1190/1190
f 1461/1198/1198 1462/1191/1191 1457/1197/1197
f 1457/1197/1197 1462/1191/1191 1458/1192/1192
f 1457/1197/1197 1458/1192/1192 862/1196/1196
f 862/1196/1196 1458/1192/1192 863/1193/1193
f 862/1196/1196 863/1193/1193 852/1195/1195
f 852/1195/1195 863/1193/1193 853/1194/1194
f 728/1199/1199 732/1200/1200 744/1206/1206
f 744/1206/1206 732/1200/1200 740/1201/1201
f 744/1206/1206 740/1201/1201 748/1205/1205
f 748/1205/1205 740/1201/1201 738/1202/1202
f 748/1205/1205 738/1202/1202 730/1203/1203
f 730/1203/1203 713/1204/1204 748/1205/1205
f 714/1207/1207 731/1208/1208 751/1214/1214
f 751/1214/1214 731/1208/1208 739/1209/1209
f 751/1214/1214 739/1209/1209 741/1210/1210
f 751/1214/1214 741/1210/1210 745/1213/1213
f 745/1213/1213 741/1210/1210 733/1211/1211
f 745/1213/1213 733/1211/1211 729/1212/1212
f 26/1220/1220 25/1215/1215 729/1219/1219
f 729/1219/1219 25/1215/1215 728/1216/1216
f 729/1219/1219 728/1216/1216 745/1218/1218
f 745/1218/1218 728/1216/1216 744/1217/1217
f 863/1221/1221 1458/1222/1222 871/1236/1236
f 871/1236/1236 1458/1222/1222 1450/1223/1223
f 871/1236/1236 1450/1223/1223 895/1235/1235
f 895/1235/1235 1450/1223/1223 1426/1224/1224
f 895/1235/1235 1426/1224/1224 911/1234/1234
f 911/1234/1234 1426/1224/1224 1392/1225/1225
f 911/1234/1234 1392/1225/1225 987/1233/1233
f 987/1233/1233 1392/1225/1225 1368/1226/1226
f 987/1233/1233 1368/1226/1226 1063/1232/1232
f 1063/1232/1232 1368/1226/1226 1338/1227/1227
f 1063/1232/1232 1338/1227/1227 1081/1231/1231
f 1081/1231/1231 1338/1227/1227 1320/1228/1228
f 1081/1231/1231 1320/1228/1228 1099/1230/1230
f 1099/1230/1230 1320/1228/1228 1302/1229/1229
f 1468/1237/1237 1348/1238/1238 1467/1240/1240
f 1467/1240/1240 1348/1238/1238 1347/1239/1239
f 1349/1241/1241 1469/1242/1242 1350/1244/1244
f 1350/1244/1244 1469/1242/1242 1470/1243/1243
f 1371/1245/1245 1291/1246/1246 1372/1248/1248
f 1372/1248/1248 1291/1246/1246 1292/1247/1247
f 1435/1249/1249 1427/1250/1250 1436/1258/1258
f 1436/1258/1258 1427/1250/1250 1428/1257/1257
f 1428/1257/1257 1427/1250/1250 1399/1251/1251
f 1428/1257/1257 1399/1251/1251 1400/1256/1256
f 1400/1256/1256 1399/1251/1251 1383/1252/1252
f 1400/1256/1256 1383/1252/1252 1384/1255/1255
f 1384/1255/1255 1383/1252/1252 1372/1254/1254
f 1372/1254/1254 1383/1252/1252 1371/1253/1253
f 1291/1259/1259 1435/1260/1260 1292/1262/1262
f 1292/1262/1262 1435/1260/1260 1436/1261/1261
f 1436/1264/1264 1428/1265/1265 1292/1263/1263
f 1292/1263/1263 1428/1265/1265 1400/1266/1266
f 1292/1263/1263 1400/1266/1266 1384/1267/1267
f 1384/1267/1267 1372/1268/1268 1292/1263/1263
f 976/1269/1269 914/1270/1270 977/1278/1278
f 977/1278/1278 914/1270/1270 915/1277/1277
f 915/1277/1277 914/1270/1270 898/1271/1271
f 915/1277/1277 898/1271/1271 899/1276/1276
f 899/1276/1276 898/1271/1271 886/1272/1272
f 899/1276/1276 886/1272/1272 887/1275/1275
f 887/1275/1275 886/1272/1272 879/1274/1274
f 879/1274/1274 886/1272/1272 878/1273/1273
f 1102/1279/1279 976/1280/1280 1103/1282/1282
f 1103/1282/1282 976/1280/1280 977/1281/1281
f 878/1283/1283 1102/1284/1284 879/1286/1286
f 879/1286/1286 1102/1284/1284 1103/1285/1285
f 879/1287/1287 1103/1288/1288 887/1292/1292
f 887/1292/1292 1103/1288/1288 899/1291/1291
f 899/1291/1291 1103/1288/1288 915/1290/1290
f 915/1290/1290 1103/1288/1288 977/1289/1289
f 980/1293/1293 1106/1294/1294 981/1296/1296
f 981/1296/1296 1106/1294/1294 1107/1295/1295
f 882/1297/1297 890/1298/1298 883/1306/1306
f 883/1306/1306 890/1298/1298 891/1305/1305
f 891/1305/1305 890/1298/1298 902/1299/1299
f 891/1305/1305 902/1299/1299 903/1304/1304
f 903/1304/1304 902/1299/1299 918/1300/1300
f 903/1304/1304 918/1300/1300 919/1303/1303
f 919/1303/1303 918/1300/1300 981/1302/1302
f 981/1302/1302 918/1300/1300 980/1301/1301
f 1106/1307/1307 882/1308/1308 1107/1310/1310
f 1107/1310/1310 882/1308/1308 883/1309/1309
f 883/1312/1312 891/1313/1313 1107/1311/1311
f 1107/1311/1311 891/1313/1313 903/1314/1314
f 1107/1311/1311 903/1314/1314 919/1315/1315
f 919/1315/1315 981/1316/1316 1107/1311/1311
f 1359/1317/1317 1279/1318/1318 1360/1320/1320
f 1360/1320/1320 1279/1318/1318 1280/1319/1319
f 1283/1321/1321 1311/1322/1322 1284/1330/1330
f 1284/1330/1330 1311/1322/1322 1312/1329/1329
f 1312/1329/1329 1311/1322/1322 1325/1323/1323
f 1312/1329/1329 1325/1323/1323 1326/1328/1328
f 1326/1328/1328 1325/1323/1323 1343/1324/1324
f 1326/1328/1328 1343/1324/1324 1344/1327/1327
f 1344/1327/1327 1343/1324/1324 1360/1326/1326
f 1360/1326/1326 1343/1324/1324 1359/1325/1325
f 1279/1331/1331 1283/1332/1332 1280/1334/1334
f 1280/1334/1334 1283/1332/1332 1284/1333/1333
f 1284/1336/1336 1312/1337/1337 1280/1335/1335
f 1280/1335/1335 1312/1337/1337 1326/1338/1338
f 1280/1335/1335 1326/1338/1338 1344/1339/1339
f 1344/1339/1339 1360/1340/1340 1280/1335/1335
f 350/1341/1341 444/1342/1342 351/1344/1344
f 351/1344/1344 444/1342/1342 445/1343/1343
f 440/1345/1345 416/1346/1346 441/1356/1356
f 441/1356/1356 416/1346/1346 417/1355/1355
f 417/1355/1355 416/1346/1346 400/1347/1347
f 417/1355/1355 400/1347/1347 401/1354/1354
f 401/1354/1354 400/1347/1347 392/1348/1348
f 401/1354/1354 392/1348/1348 393/1353/1353
f 393/1353/1353 392/1348/1348 370/1349/1349
f 393/1353/1353 370/1349/1349 371/1352/1352
f 371/1352/1352 370/1349/1349 351/1351/1351
f 351/1351/1351 370/1349/1349 350/1350/1350
f 444/1357/1357 440/1358/1358 445/1360/1360
f 445/1360/1360 440/1358/1358 441/1359/1359
f 441/1362/1362 417/1363/1363 445/1361/1361
f 445/1361/1361 417/1363/1363 401/1364/1364
f 445/1361/1361 401/1364/1364 393/1365/1365
f 393/1365/1365 371/1366/1366 445/1361/1361
f 445/1361/1361 371/1366/1366 351/1367/1367
f 21/1368/1368 33/1369/1369 22/1379/1379
f 22/1379/1379 33/1369/1369 34/1378/1378
f 34/1378/1378 33/1369/1369 49/1370/1370
f 34/1378/1378 49/1370/1370 50/1377/1377
f 50/1377/1377 49/1370/1370 57/1371/1371
f 50/1377/1377 57/1371/1371 58/1376/1376
f 58/1376/1376 57/1371/1371 278/1372/1372
f 58/1376/1376 278/1372/1372 279/1375/1375
f 279/1375/1375 278/1372/1372 345/1374/1374
f 345/1374/1374 278/1372/1372 344/1373/1373
f 436/1380/1380 21/1381/1381 437/1383/1383
f 437/1383/1383 21/1381/1381 22/1382/1382
f 344/1384/1384 436/1385/1385 345/1387/1387
f 345/1387/1387 436/1385/1385 437/1386/1386
f 345/1388/1388 437/1389/1389 279/1394/1394
f 279/1394/1394 437/1389/1389 58/1393/1393
f 58/1393/1393 437/1389/1389 50/1392/1392
f 50/1392/1392 437/1389/1389 34/1391/1391
f 34/1391/1391 437/1389/1389 22/1390/1390
f 716/1395/1395 704/1396/1396 717/1406/1406
f 717/1406/1406 704/1396/1396 705/1405/1405
f 705/1405/1405 704/1396/1396 688/1397/1397
f 705/1405/1405 688/1397/1397 689/1404/1404
f 689/1404/1404 688/1397/1397 674/1398/1398
f 689/1404/1404 674/1398/1398 675/1403/1403
f 675/1403/1403 674/1398/1398 658/1399/1399
f 675/1403/1403 658/1399/1399 659/1402/1402
f 659/1402/1402 658/1399/1399 649/1401/1401
f 649/1401/1401 658/1399/1399 648/1400/1400
f 478/1407/1407 716/1408/1408 479/1410/1410
f 479/1410/1410 716/1408/1408 717/1409/1409
f 648/1411/1411 478/1412/1412 649/1414/1414
f 649/1414/1414 478/1412/1412 479/1413/1413
f 649/1415/1415 479/1416/1416 659/1421/1421
f 659/1421/1421 479/1416/1416 675/1420/1420
f 675/1420/1420 479/1416/1416 689/1419/1419
f 689/1419/1419 479/1416/1416 705/1418/1418
f 705/1418/1418 479/1416/1416 717/1417/1417
f 720/1422/1422 482/1423/1423 721/1425/1425
f 721/1425/1425 482/1423/1423 483/1424/1424
f 652/1426/1426 662/1427/1427 653/1437/1437
f 653/1437/1437 662/1427/1427 663/1436/1436
f 663/1436/1436 662/1427/1427 678/1428/1428
f 663/1436/1436 678/1428/1428 679/1435/1435
f 679/1435/1435 678/1428/1428 692/1429/1429
f 679/1435/1435 692/1429/1429 693/1434/1434
f 693/1434/1434 692/1429/1429 708/1430/1430
f 693/1434/1434 708/1430/1430 709/1433/1433
f 709/1433/1433 708/1430/1430 721/1432/1432
f 721/1432/1432 708/1430/1430 720/1431/1431
f 482/1438/1438 652/1439/1439 483/1441/1441
f 483/1441/1441 652/1439/1439 653/1440/1440
f 653/1443/1443 663/1444/1444 483/1442/1442
f 483/1442/1442 663/1444/1444 679/1445/1445
f 483/1442/1442 679/1445/1445 693/1446/1446
f 693/1446/1446 709/1447/1447 483/1442/1442
f 483/1442/1442 709/1447/1447 721/1448/1448
f 636/1449/1449 466/1450/1450 637/1452/1452
f 637/1452/1452 466/1450/1450 467/1451/1451
f 470/1453/1453 492/1454/1454 471/1464/1464
f 471/1464/1464 492/1454/1454 493/1463/1463
f 493/1463/1463 492/1454/1454 508/1455/1455
f 493/1463/1463 508/1455/1455 509/1462/1462
f 509/1462/1462 508/1455/1455 566/1456/1456
f 509/1462/1462 566/1456/1456 567/1461/1461
f 567/1461/1461 566/1456/1456 622/1457/1457
f 567/1461/1461 622/1457/1457 623/1460/1460
f 623/1460/1460 622/1457/1457 637/1459/1459
f 637/1459/1459 622/1457/1457 636/1458/1458
f 466/1465/1465 470/1466/1466 467/1468/1468
f 467/1468/1468 470/1466/1466 471/1467/1467
f 471/1470/1470 493/1471/1471 467/1469/1469
f 467/1469/1469 493/1471/1471 509/1472/1472
f 467/1469/1469 509/1472/1472 567/1473/1473
f 567/1473/1473 623/1474/1474 467/1469/1469
f 467/1469/1469 623/1474/1474 637/1475/1475
f 632/1476/1476 618/1477/1477 633/1487/1487
f 633/1487/1487 618/1477/1477 619/1486/1486
f 619/1486/1486 618/1477/1477 562/1478/1478
f 619/1486/1486 562/1478/1478 563/1485/1485
f 563/1485/1485 562/1478/1478 504/1479/1479
f 563/1485/1485 504/1479/1479 505/1484/1484
f 505/1484/1484 504/1479/1479 488/1480/1480
f 505/1484/1484 488/1480/1480 489/1483/1483
f 489/1483/1483 488/1480/1480 459/1482/1482
f 459/1482/1482 488/1480/1480 458/1481/1481
f 462/1488/1488 632/1489/1489 463/1491/1491
f 463/1491/1491 632/1489/1489 633/1490/1490
f 458/1492/1492 462/1493/1493 459/1495/1495
f 459/1495/1495 462/1493/1493 463/1494/1494
f 459/1496/1496 463/1497/1497 489/1502/1502
f 489/1502/1502 463/1497/1497 505/1501/1501
f 505/1501/1501 463/1497/1497 563/1500/1500
f 563/1500/1500 463/1497/1497 619/1499/1499
f 619/1499/1499 463/1497/1497 633/1498/1498
f 354/1503/1503 374/1504/1504 355/1514/1514
f 355/1514/1514 374/1504/1504 375/1513/1513
f 375/1513/1513 374/1504/1504 396/1505/1505
f 375/1513/1513 396/1505/1505 397/1512/1512
f 397/1512/1512 396/1505/1505 404/1506/1506
f 397/1512/1512 404/1506/1506 405/1511/1511
f 405/1511/1511 404/1506/1506 420/1507/1507
f 405/1511/1511 420/1507/1507 421/1510/1510
f 421/1510/1510 420/1507/1507 453/1509/1509
f 453/1509/1509 420/1507/1507 452/1508/1508
f 448/1515/1515 354/1516/1516 449/1518/1518
f 449/1518/1518 354/1516/1516 355/1517/1517
f 452/1519/1519 448/1520/1520 453/1522/1522
f 453/1522/1522 448/1520/1520 449/1521/1521
f 453/1523/1523 449/1524/1524 421/1529/1529
f 421/1529/1529 449/1524/1524 405/1528/1528
f 405/1528/1528 449/1524/1524 397/1527/1527
f 397/1527/1527 449/1524/1524 375/1526/1526
f 375/1526/1526 449/1524/1524 355/1525/1525
f 17/1530/1530 432/1531/1531 18/1533/1533
f 18/1533/1533 432/1531/1531 433/1532/1532
f 340/1534/1534 274/1535/1535 341/1545/1545
f 341/1545/1545 274/1535/1535 275/1544/1544
f 275/1544/1544 274/1535/1535 53/1536/1536
f 275/1544/1544 53/1536/1536 54/1543/1543
f 54/1543/1543 53/1536/1536 45/1537/1537
f 54/1543/1543 45/1537/1537 46/1542/1542
f 46/1542/1542 45/1537/1537 29/1538/1538
f 46/1542/1542 29/1538/1538 30/1541/1541
f 30/1541/1541 29/1538/1538 18/1540/1540
f 18/1540/1540 29/1538/1538 17/1539/1539
f 432/1546/1546 340/1547/1547 433/1549/1549
f 433/1549/1549 340/1547/1547 341/1548/1548
f 341/1551/1551 275/1552/1552 433/1550/1550
f 433/1550/1550 275/1552/1552 54/1553/1553
f 433/1550/1550 54/1553/1553 46/1554/1554
f 46/1554/1554 30/1555/1555 433/1550/1550
f 433/1550/1550 30/1555/1555 18/1556/1556
f 1375/1557/1557 1387/1558/1558 1376/1566/1566
f 1376/1566/1566 1387/1558/1558 1388/1565/1565
f 1388/1565/1565 1387/1558/1558 1403/1559/1559
f 1388/1565/1565 1403/1559/1559 1404/1564/1564
f 1404/1564/1564 1403/1559/1559 1431/1560/1560
f 1404/1564/1564 1431/1560/1560 1432/1563/1563
f 1432/1563/1563 1431/1560/1560 1440/1562/1562
f 1440/1562/1562 1431/1560/1560 1439/1561/1561
f 1295/1567/1567 1375/1568/1568 1296/1570/1570
f 1296/1570/1570 1375/1568/1568 1376/1569/1569
f 1439/1571/1571 1295/1572/1572 1440/1574/1574
f 1440/1574/1574 1295/1572/1572 1296/1573/1573
f 1440/1575/1575 1296/1576/1576 1432/1580/1580
f 1432/1580/1580 1296/1576/1576 1404/1579/1579
f 1404/1579/1579 1296/1576/1576 1388/1578/1578
f 1388/1578/1578 1296/1576/1576 1376/1577/1577
f 992/1581/1581 1058/1582/1582 993/1590/1590
f 993/1590/1590 1058/1582/1582 1059/1589/1589
f 1059/1589/1589 1058/1582/1582 1076/1583/1583
f 1059/1589/1589 1076/1583/1583 1077/1588/1588
f 1077/1588/1588 1076/1583/1583 1090/1584/1584
f 1077/1588/1588 1090/1584/1584 1091/1587/1587
f 1091/1587/1587 1090/1584/1584 1123/1586/1586
f 1123/1586/1586 1090/1584/1584 1122/1585/1585
f 1118/1591/1591 992/1592/1592 1119/1594/1594
f 1119/1594/1594 992/1592/1592 993/1593/1593
f 1122/1595/1595 1118/1596/1596 1123/1598/1598
f 1123/1598/1598 1118/1596/1596 1119/1597/1597
f 1123/1599/1599 1119/1600/1600 1091/1604/1604
f 1091/1604/1604 1119/1600/1600 1077/1603/1603
f 1077/1603/1603 1119/1600/1600 1059/1602/1602
f 1059/1602/1602 1119/1600/1600 993/1601/1601
f 988/1605/1605 1114/1606/1606 989/1608/1608
f 989/1608/1608 1114/1606/1606 1115/1607/1607
f 1110/1609/1609 1086/1610/1610 1111/1618/1618
f 1111/1618/1618 1086/1610/1610 1087/1617/1617
f 1087/1617/1617 1086/1610/1610 1072/1611/1611
f 1087/1617/1617 1072/1611/1611 1073/1616/1616
f 1073/1616/1616 1072/1611/1611 1054/1612/1612
f 1073/1616/1616 1054/1612/1612 1055/1615/1615
f 1055/1615/1615 1054/1612/1612 989/1614/1614
f 989/1614/1614 1054/1612/1612 988/1613/1613
f 1114/1619/1619 1110/1620/1620 1115/1622/1622
f 1115/1622/1622 1110/1620/1620 1111/1621/1621
f 1111/1624/1624 1087/1625/1625 1115/1623/1623
f 1115/1623/1623 1087/1625/1625 1073/1626/1626
f 1115/1623/1623 1073/1626/1626 1055/1627/1627
f 1055/1627/1627 989/1628/1628 1115/1623/1623
f 1355/1629/1629 1339/1630/1630 1356/1638/1638
f 1356/1638/1638 1339/1630/1630 1340/1637/1637
f 1340/1637/1637 1339/1630/1630 1321/1631/1631
f 1340/1637/1637 1321/1631/1631 1322/1636/1636
f 1322/1636/1636 1321/1631/1631 1307/1632/1632
f 1322/1636/1636 1307/1632/1632 1308/1635/1635
f 1308/1635/1635 1307/1632/1632 1272/1634/1634
f 1272/1634/1634 1307/1632/1632 1271/1633/1633
f 1275/1639/1639 1355/1640/1640 1276/1642/1642
f 1276/1642/1642 1355/1640/1640 1356/1641/1641
f 1271/1643/1643 1275/1644/1644 1272/1646/1646
f 1272/1646/1646 1275/1644/1644 1276/1645/1645
f 1272/1647/1647 1276/1648/1648 1308/1652/1652
f 1308/1652/1652 1276/1648/1648 1322/1651/1651
f 1322/1651/1651 1276/1648/1648 1340/1650/1650
f 1340/1650/1650 1276/1648/1648 1356/1649/1649
f 1453/1654/1654 1455/1725/1725 1459/1653/1653
f 1459/1726/1726 1455/1703/1703 1457/1704/1704
f 1459/1727/1727 1457/1704/1704 1451/1684/1684
f 1451/1684/1684 1457/1704/1704 1449/1705/1705
f 1451/1684/1684 1449/1705/1705 1443/1683/1683
f 1443/1683/1683 1449/1705/1705 1425/1706/1706
f 1443/1683/1683 1425/1706/1706 1395/1682/1682
f 1395/1682/1682 1425/1706/1706 1391/1707/1707
f 1395/1682/1682 1391/1707/1707 1379/1681/1681
f 1379/1681/1681 1391/1707/1707 1367/1708/1708
f 1379/1681/1681 1367/1708/1708 1351/1680/1680
f 1351/1680/1680 1367/1708/1708 1337/1709/1709
f 1351/1680/1680 1337/1709/1709 1331/1679/1679
f 1331/1679/1679 1337/1709/1709 1319/1710/1710
f 1331/1679/1679 1319/1710/1710 1303/1678/1678
f 1303/1678/1678 1319/1710/1710 1301/1711/1711
f 1303/1678/1678 1301/1711/1711 1263/1677/1677
f 1263/1677/1677 1301/1711/1711 1098/1712/1712
f 1263/1677/1677 1098/1712/1712 1094/1676/1676
f 1094/1676/1676 1098/1712/1712 1080/1713/1713
f 1094/1676/1676 1080/1713/1713 1066/1675/1675
f 1066/1675/1675 1080/1713/1713 1062/1714/1714
f 1066/1675/1675 1062/1714/1714 996/1674/1674
f 996/1674/1674 1062/1714/1714 986/1715/1715
f 996/1674/1674 986/1715/1715 972/1673/1673
f 972/1673/1673 986/1715/1715 910/1716/1716
f 972/1673/1673 910/1716/1716 906/1672/1672
f 906/1672/1672 910/1716/1716 894/1717/1717
f 906/1672/1672 894/1717/1717 874/1671/1671
f 874/1671/1671 894/1717/1717 870/1718/1718
f 874/1671/1671 870/1718/1718 866/1670/1670
f 866/1670/1670 870/1718/1718 862/1719/1719
f 866/1670/1670 862/1719/1719 860/1669/1669
f 860/1669/1669 862/1719/1719 864/1720/1720
f 860/1669/1669 864/1720/1720 868/1668/1668
f 868/1668/1668 864/1720/1720 872/1721/1721
f 868/1668/1668 872/1721/1721 876/1667/1667
f 876/1667/1667 872/1721/1721 896/1722/1722
f 876/1667/1667 896/1722/1722 908/1666/1666
f 908/1666/1666 896/1722/1722 912/1723/1723
f 908/1666/1666 912/1723/1723 974/1665/1665
f 974/1665/1665 912/1723/1723 984/1724/1724
f 974/1665/1665 984/1724/1724 998/1664/1664
f 998/1664/1664 984/1724/1724 1001/1685/1685
f 998/1664/1664 1001/1685/1685 1000/1686/1686
f 1455/1728/1728 1453/1654/1654 1447/1702/1702
f 1447/1702/1702 1453/1654/1654 1445/1655/1655
f 1447/1702/1702 1445/1655/1655 1423/1701/1701
f 1423/1701/1701 1445/1655/1655 1397/1656/1656
f 1423/1701/1701 1397/1656/1656 1393/1700/1700
f 1393/1700/1700 1397/1656/1656 1381/1657/1657
f 1393/1700/1700 1381/1657/1657 1369/1699/1699
f 1369/1699/1699 1381/1657/1657 1353/1658/1658
f 1369/1699/1699 1353/1658/1658 1348/1698/1698
f 1348/1698/1698 1353/1658/1658 1347/1697/1697
f 1347/1697/1697 1353/1658/1658 1335/1696/1696
f 1335/1696/1696 1353/1658/1658 1333/1659/1659
f 1335/1696/1696 1333/1659/1659 1329/1695/1695
f 1329/1695/1695 1333/1659/1659 1315/1694/1694
f 1315/1694/1694 1333/1659/1659 1305/1660/1660
f 1315/1694/1694 1305/1660/1660 1316/1693/1693
f 1316/1693/1693 1305/1660/1660 1299/1692/1692
f 1299/1692/1692 1305/1660/1660 1265/1661/1661
f 1299/1692/1692 1265/1661/1661 1100/1691/1691
f 1100/1691/1691 1265/1661/1661 1096/1662/1662
f 1100/1691/1691 1096/1662/1662 1083/1690/1690
f 1083/1690/1690 1096/1662/1662 1082/1689/1689
f 1082/1689/1689 1096/1662/1662 1068/1663/1663
f 1082/1689/1689 1068/1663/1663 1070/1688/1688
f 1070/1688/1688 1068/1663/1663 1064/1687/1687
f 1064/1687/1687 1068/1663/1663 998/1664/1664
f 1064/1687/1687 998/1664/1664 1000/1686/1686
f 1457/1729/1729 862/1730/1730 1449/1744/1744
f 1449/1744/1744 862/1730/1730 870/1731/1731
f 1449/1744/1744 870/1731/1731 1425/1743/1743
f 1425/1743/1743 870/1731/1731 894/1732/1732
f 1425/1743/1743 894/1732/1732 1391/1742/1742
f 1391/1742/1742 894/1732/1732 910/1733/1733
f 1391/1742/1742 910/1733/1733 1367/1741/1741
f 1367/1741/1741 910/1733/1733 986/1734/1734
f 1367/1741/1741 986/1734/1734 1337/1740/1740
f 1337/1740/1740 986/1734/1734 1062/1735/1735
f 1337/1740/1740 1062/1735/1735 1319/1739/1739
f 1319/1739/1739 1062/1735/1735 1080/1736/1736
f 1319/1739/1739 1080/1736/1736 1301/1738/1738
f 1301/1738/1738 1080/1736/1736 1098/1737/1737
f 1371/1746/1746 1275/1792/1792 1291/1745/1745
f 1291/1745/1745 1275/1792/1792 1114/1781/1781
f 1291/1745/1745 1114/1781/1781 1102/1756/1756
f 1102/1756/1756 1114/1781/1781 976/1755/1755
f 976/1755/1755 1114/1781/1781 988/1782/1782
f 976/1755/1755 988/1782/1782 972/1805/1805
f 972/1805/1805 988/1782/1782 996/1804/1804
f 996/1804/1804 988/1782/1782 1054/1783/1783
f 996/1804/1804 1054/1783/1783 1066/1803/1803
f 1066/1803/1803 1054/1783/1783 1072/1784/1784
f 1066/1803/1803 1072/1784/1784 1086/1785/1785
f 1383/1747/1747 1395/1796/1796 1371/1746/1746
f 1371/1746/1746 1395/1796/1796 1379/1797/1797
f 1371/1746/1746 1379/1797/1797 1355/1791/1791
f 1355/1791/1791 1379/1797/1797 1351/1798/1798
f 1355/1791/1791 1351/1798/1798 1339/1790/1790
f 1339/1790/1790 1351/1798/1798 1331/1799/1799
f 1339/1790/1790 1331/1799/1799 1321/1789/1789
f 1321/1789/1789 1331/1799/1799 1307/1788/1788
f 1307/1788/1788 1331/1799/1799 1303/1800/1800
f 1307/1788/1788 1303/1800/1800 1271/1787/1787
f 1271/1787/1787 1303/1800/1800 1263/1801/1801
f 1271/1787/1787 1263/1801/1801 1110/1786/1786
f 1110/1786/1786 1263/1801/1801 1094/1802/1802
f 1110/1786/1786 1094/1802/1802 1086/1785/1785
f 1086/1785/1785 1094/1802/1802 1066/1803/1803
f 1395/1796/1796 1383/1747/1747 1443/1795/1795
f 1443/1795/1795 1383/1747/1747 1399/1748/1748
f 1443/1795/1795 1399/1748/1748 1427/1749/1749
f 1443/1795/1795 1427/1749/1749 1451/1794/1794
f 1451/1794/1794 1427/1749/1749 1435/1750/1750
f 1451/1794/1794 1435/1750/1750 1459/1793/1793
f 1459/1793/1793 1435/1750/1750 1439/1769/1769
f 1459/1793/1793 1439/1769/1769 1453/1824/1824
f 1453/1824/1824 1439/1769/1769 1431/1770/1770
f 1453/1824/1824 1431/1770/1770 1445/1823/1823
f 1445/1823/1823 1431/1770/1770 1403/1771/1771
f 1445/1823/1823 1403/1771/1771 1387/1772/1772
f 1435/1750/1750 1291/1745/1745 1439/1769/1769
f 1439/1769/1769 1291/1745/1745 1295/1774/1774
f 1295/1774/1774 1291/1745/1745 1102/1756/1756
f 1295/1774/1774 1102/1756/1756 1106/1757/1757
f 1106/1757/1757 1102/1756/1756 878/1751/1751
f 1106/1757/1757 878/1751/1751 882/1762/1762
f 882/1762/1762 878/1751/1751 860/1809/1809
f 882/1762/1762 860/1809/1809 868/1810/1810
f 860/1809/1809 878/1751/1751 866/1808/1808
f 866/1808/1808 878/1751/1751 886/1752/1752
f 866/1808/1808 886/1752/1752 874/1807/1807
f 874/1807/1807 886/1752/1752 898/1753/1753
f 874/1807/1807 898/1753/1753 914/1754/1754
f 874/1807/1807 914/1754/1754 906/1806/1806
f 906/1806/1806 914/1754/1754 976/1755/1755
f 906/1806/1806 976/1755/1755 972/1805/1805
f 980/1758/1758 1118/1780/1780 1106/1757/1757
f 1106/1757/1757 1118/1780/1780 1279/1763/1763
f 1106/1757/1757 1279/1763/1763 1295/1774/1774
f 1295/1774/1774 1279/1763/1763 1375/1773/1773
f 1375/1773/1773 1279/1763/1763 1359/1764/1764
f 1375/1773/1773 1359/1764/1764 1381/1821/1821
f 1381/1821/1821 1359/1764/1764 1353/1820/1820
f 1353/1820/1820 1359/1764/1764 1343/1765/1765
f 1353/1820/1820 1343/1765/1765 1333/1819/1819
f 1333/1819/1819 1343/1765/1765 1325/1766/1766
f 1333/1819/1819 1325/1766/1766 1311/1767/1767
f 918/1759/1759 908/1812/1812 980/1758/1758
f 980/1758/1758 908/1812/1812 974/1813/1813
f 980/1758/1758 974/1813/1813 992/1779/1779
f 992/1779/1779 974/1813/1813 998/1814/1814
f 992/1779/1779 998/1814/1814 1058/1778/1778
f 1058/1778/1778 998/1814/1814 1068/1815/1815
f 1058/1778/1778 1068/1815/1815 1076/1777/1777
f 1076/1777/1777 1068/1815/1815 1090/1776/1776
f 1090/1776/1776 1068/1815/1815 1096/1816/1816
f 1090/1776/1776 1096/1816/1816 1122/1775/1775
f 1122/1775/1775 1096/1816/1816 1265/1817/1817
f 1122/1775/1775 1265/1817/1817 1283/1768/1768
f 1283/1768/1768 1265/1817/1817 1305/1818/1818
f 1283/1768/1768 1305/1818/1818 1311/1767/1767
f 1311/1767/1767 1305/1818/1818 1333/1819/1819
f 908/1812/1812 918/1759/1759 876/1811/1811
f 876/1811/1811 918/1759/1759 902/1760/1760
f 876/1811/1811 902/1760/1760 890/1761/1761
f 876/1811/1811 890/1761/1761 868/1810/1810
f 868/1810/1810 890/1761/1761 882/1762/1762
f 1122/1775/1775 1283/1768/1768 1118/1780/1780
f 1118/1780/1780 1283/1768/1768 1279/1763/1763
f 1445/1823/1823 1387/1772/1772 1397/1822/1822
f 1397/1822/1822 1387/1772/1772 1375/1773/1773
f 1397/1822/1822 1375/1773/1773 1381/1821/1821
f 992/1779/1779 1118/1780/1780 980/1758/1758
f 1271/1787/1787 1110/1786/1786 1275/1792/1792
f 1275/1792/1792 1110/1786/1786 1114/1781/1781
f 1355/1791/1791 1275/1792/1792 1371/1746/1746
f 702/1881/1881 712/1825/1825 726/1884/1884
f 726/1884/1884 712/1825/1825 713/1826/1826
f 726/1884/1884 713/1826/1826 730/1827/1827
f 726/1884/1884 730/1827/1827 736/1883/1883
f 736/1883/1883 730/1827/1827 738/1919/1919
f 736/1883/1883 738/1920/1920 742/1882/1882
f 742/1921/1921 738/1828/1828 740/1829/1829
f 742/1922/1922 740/1829/1829 734/1918/1918
f 734/1918/1918 740/1829/1829 732/1830/1830
f 734/1918/1918 732/1830/1830 728/1831/1831
f 734/1918/1918 728/1831/1831 724/1917/1917
f 724/1917/1917 728/1831/1831 686/1832/1832
f 724/1917/1917 686/1832/1832 682/1916/1916
f 682/1916/1916 686/1832/1832 670/1833/1833
f 682/1916/1916 670/1833/1833 666/1915/1915
f 666/1915/1915 670/1833/1833 646/1834/1834
f 666/1915/1915 646/1834/1834 642/1914/1914
f 642/1914/1914 646/1834/1834 630/1835/1835
f 642/1914/1914 630/1835/1835 614/1913/1913
f 614/1913/1913 630/1835/1835 560/1836/1836
f 614/1913/1913 560/1836/1836 554/1912/1912
f 554/1912/1912 560/1836/1836 502/1837/1837
f 554/1912/1912 502/1837/1837 498/1911/1911
f 498/1911/1911 502/1837/1837 486/1838/1838
f 498/1911/1911 486/1838/1838 474/1910/1910
f 474/1910/1910 486/1838/1838 430/1839/1839
f 474/1910/1910 430/1839/1839 426/1909/1909
f 426/1909/1909 430/1839/1839 414/1840/1840
f 426/1909/1909 414/1840/1840 408/1908/1908
f 408/1908/1908 414/1840/1840 386/1841/1841
f 408/1908/1908 386/1841/1841 382/1907/1907
f 382/1907/1907 386/1841/1841 364/1842/1842
f 382/1907/1907 364/1842/1842 360/1906/1906
f 360/1906/1906 364/1842/1842 338/1843/1843
f 360/1906/1906 338/1843/1843 284/1905/1905
f 284/1905/1905 338/1843/1843 159/1844/1844
f 284/1905/1905 159/1844/1844 155/1904/1904
f 155/1904/1904 159/1844/1844 43/1845/1845
f 155/1904/1904 43/1845/1845 39/1903/1903
f 39/1903/1903 43/1845/1845 15/1846/1846
f 39/1903/1903 15/1846/1846 11/1902/1902
f 11/1902/1902 15/1846/1846 7/1847/1847
f 11/1902/1902 7/1847/1847 3/1901/1901
f 3/1901/1901 7/1847/1847 1/1848/1848
f 3/1901/1901 1/1848/1848 5/1900/1900
f 5/1900/1900 1/1848/1848 9/1849/1849
f 5/1900/1900 9/1849/1849 13/1899/1899
f 13/1899/1899 9/1849/1849 37/1850/1850
f 13/1899/1899 37/1850/1850 41/1898/1898
f 41/1898/1898 37/1850/1850 65/1852/1852
f 41/1898/1898 65/1852/1852 157/1897/1897
f 157/1897/1897 65/1852/1852 208/1853/1853
f 157/1897/1897 208/1853/1853 286/1896/1896
f 286/1896/1896 208/1853/1853 282/1854/1854
f 286/1896/1896 282/1854/1854 288/1855/1855
f 37/1850/1850 66/1851/1851 65/1852/1852
f 289/1856/1856 348/1857/1857 288/1855/1855
f 288/1855/1855 348/1857/1857 286/1896/1896
f 286/1896/1896 348/1857/1857 362/1895/1895
f 362/1895/1895 348/1857/1857 358/1858/1858
f 362/1895/1895 358/1858/1858 366/1860/1860
f 366/1860/1860 358/1858/1858 367/1859/1859
f 366/1860/1860 378/1861/1861 362/1895/1895
f 362/1895/1895 378/1861/1861 384/1894/1894
f 384/1894/1894 378/1861/1861 380/1862/1862
f 384/1894/1894 380/1862/1862 388/1863/1863
f 384/1894/1894 388/1863/1863 410/1893/1893
f 410/1893/1893 388/1863/1863 389/1864/1864
f 410/1893/1893 389/1864/1864 412/1865/1865
f 412/1865/1865 424/1866/1866 410/1893/1893
f 410/1893/1893 424/1866/1866 428/1892/1892
f 428/1892/1892 424/1866/1866 456/1867/1867
f 428/1892/1892 456/1867/1867 476/1891/1891
f 476/1891/1891 456/1867/1867 496/1868/1868
f 476/1891/1891 496/1868/1868 500/1890/1890
f 500/1890/1890 496/1868/1868 513/1869/1869
f 500/1890/1890 513/1869/1869 512/1870/1870
f 500/1890/1890 512/1870/1870 556/1889/1889
f 556/1889/1889 512/1870/1870 558/1871/1871
f 556/1889/1889 558/1871/1871 570/1872/1872
f 556/1889/1889 570/1872/1872 616/1888/1888
f 616/1888/1888 570/1872/1872 626/1873/1873
f 616/1888/1888 626/1873/1873 644/1887/1887
f 644/1887/1887 626/1873/1873 640/1875/1875
f 644/1887/1887 640/1875/1875 656/1876/1876
f 626/1873/1873 627/1874/1874 640/1875/1875
f 644/1887/1887 656/1876/1876 668/1886/1886
f 668/1886/1886 656/1876/1876 672/1877/1877
f 668/1886/1886 672/1877/1877 684/1885/1885
f 684/1885/1885 672/1877/1877 697/1878/1878
f 684/1885/1885 697/1878/1878 696/1879/1879
f 696/1879/1879 700/1880/1880 684/1885/1885
f 684/1885/1885 700/1880/1880 702/1881/1881
f 684/1885/1885 702/1881/1881 726/1884/1884
f 350/1924/1924 432/1972/1972 444/1923/1923
f 444/1923/1923 432/1972/1972 448/1971/1971
f 444/1923/1923 448/1971/1971 466/1951/1951
f 466/1951/1951 448/1971/1971 470/1957/1957
f 470/1957/1957 448/1971/1971 452/1965/1965
f 470/1957/1957 452/1965/1965 476/2007/2007
f 476/2007/2007 452/1965/1965 428/2006/2006
f 428/2006/2006 452/1965/1965 420/1966/1966
f 428/2006/2006 420/1966/1966 410/2005/2005
f 410/2005/2005 420/1966/1966 404/1967/1967
f 410/2005/2005 404/1967/1967 384/2004/2004
f 384/2004/2004 404/1967/1967 396/1968/1968
f 384/2004/2004 396/1968/1968 374/1969/1969
f 370/1925/1925 360/1992/1992 350/1924/1924
f 350/1924/1924 360/1992/1992 284/1993/1993
f 350/1924/1924 284/1993/1993 340/1978/1978
f 340/1978/1978 284/1993/1993 274/1977/1977
f 274/1977/1977 284/1993/1993 155/1994/1994
f 274/1977/1977 155/1994/1994 53/1976/1976
f 53/1976/1976 155/1994/1994 39/1995/1995
f 53/1976/1976 39/1995/1995 45/1975/1975
f 45/1975/1975 39/1995/1995 11/1996/1996
f 45/1975/1975 11/1996/1996 29/1974/1974
f 29/1974/1974 11/1996/1996 3/1997/1997
f 29/1974/1974 3/1997/1997 17/1973/1973
f 17/1973/1973 3/1997/1997 21/1935/1935
f 17/1973/1973 21/1935/1935 436/1936/1936
f 360/1992/1992 370/1925/1925 382/1991/1991
f 382/1991/1991 370/1925/1925 392/1926/1926
f 382/1991/1991 392/1926/1926 400/1927/1927
f 382/1991/1991 400/1927/1927 408/1990/1990
f 408/1990/1990 400/1927/1927 416/1928/1928
f 408/1990/1990 416/1928/1928 426/1989/1989
f 426/1989/1989 416/1928/1928 440/1929/1929
f 426/1989/1989 440/1929/1929 474/1988/1988
f 474/1988/1988 440/1929/1929 458/1958/1958
f 474/1988/1988 458/1958/1958 488/1959/1959
f 458/1958/1958 440/1929/1929 462/1964/1964
f 462/1964/1964 440/1929/1929 444/1923/1923
f 462/1964/1964 444/1923/1923 466/1951/1951
f 278/1931/1931 286/2002/2002 344/1930/1930
f 344/1930/1930 286/2002/2002 354/1970/1970
f 344/1930/1930 354/1970/1970 436/1936/1936
f 436/1936/1936 354/1970/1970 448/1971/1971
f 436/1936/1936 448/1971/1971 432/1972/1972
f 286/2002/2002 278/1931/1931 157/2001/2001
f 157/2001/2001 278/1931/1931 57/1932/1932
f 157/2001/2001 57/1932/1932 41/2000/2000
f 41/2000/2000 57/1932/1932 49/1933/1933
f 41/2000/2000 49/1933/1933 13/1999/1999
f 13/1999/1999 49/1933/1933 33/1934/1934
f 13/1999/1999 33/1934/1934 5/1998/1998
f 5/1998/1998 33/1934/1934 21/1935/1935
f 5/1998/1998 21/1935/1935 3/1997/1997
f 658/1938/1938 666/1983/1983 648/1937/1937
f 648/1937/1937 666/1983/1983 642/1984/1984
f 648/1937/1937 642/1984/1984 632/1963/1963
f 632/1963/1963 642/1984/1984 618/1962/1962
f 618/1962/1962 642/1984/1984 614/1985/1985
f 618/1962/1962 614/1985/1985 562/1961/1961
f 562/1961/1961 614/1985/1985 554/1986/1986
f 562/1961/1961 554/1986/1986 504/1960/1960
f 504/1960/1960 554/1986/1986 498/1987/1987
f 504/1960/1960 498/1987/1987 488/1959/1959
f 488/1959/1959 498/1987/1987 474/1988/1988
f 666/1983/1983 658/1938/1938 682/1982/1982
f 682/1982/1982 658/1938/1938 674/1939/1939
f 682/1982/1982 674/1939/1939 724/1981/1981
f 724/1981/1981 674/1939/1939 688/1940/1940
f 724/1981/1981 688/1940/1940 734/1980/1980
f 734/1980/1980 688/1940/1940 704/1941/1941
f 734/1980/1980 704/1941/1941 716/1942/1942
f 478/1943/1943 720/1945/1945 716/1942/1942
f 716/1942/1942 720/1945/1945 742/1979/1979
f 716/1942/1942 742/1979/1979 734/1980/1980
f 648/1937/1937 632/1963/1963 478/1943/1943
f 478/1943/1943 632/1963/1963 462/1964/1964
f 478/1943/1943 462/1964/1964 482/1944/1944
f 482/1944/1944 462/1964/1964 466/1951/1951
f 482/1944/1944 466/1951/1951 636/1952/1952
f 482/1944/1944 720/1945/1945 478/1943/1943
f 742/1979/1979 720/1945/1945 736/2015/2015
f 736/2015/2015 720/1945/1945 708/1946/1946
f 736/2015/2015 708/1946/1946 692/1947/1947
f 736/2015/2015 692/1947/1947 726/2014/2014
f 726/2014/2014 692/1947/1947 678/1948/1948
f 726/2014/2014 678/1948/1948 684/2013/2013
f 684/2013/2013 678/1948/1948 662/1949/1949
f 684/2013/2013 662/1949/1949 668/2012/2012
f 668/2012/2012 662/1949/1949 652/1950/1950
f 668/2012/2012 652/1950/1950 644/2011/2011
f 644/2011/2011 652/1950/1950 636/1952/1952
f 644/2011/2011 636/1952/1952 622/1953/1953
f 652/1950/1950 482/1944/1944 636/1952/1952
f 644/2011/2011 622/1953/1953 616/2010/2010
f 616/2010/2010 622/1953/1953 566/1954/1954
f 616/2010/2010 566/1954/1954 556/2009/2009
f 556/2009/2009 566/1954/1954 508/1955/1955
f 556/2009/2009 508/1955/1955 500/2008/2008
f 500/2008/2008 508/1955/1955 492/1956/1956
f 500/2008/2008 492/1956/1956 476/2007/2007
f 476/2007/2007 492/1956/1956 470/1957/1957
f 384/2004/2004 374/1969/1969 362/2003/2003
f 362/2003/2003 374/1969/1969 354/1970/1970
f 362/2003/2003 354/1970/1970 286/2002/2002
f 432/1972/1972 17/1973/1973 436/1936/1936
f 340/1978/1978 432/1972/1972 350/1924/1924
f 1316/2017/2017 1408/2018/2018 1315/2016/2016
f 1315/2016/2016 1408/2018/2018 1407/2019/2019
f 697/2021/2021 753/2022/2022 696/2020/2020
f 696/2020/2020 753/2022/2022 752/2023/2023
f 753/2030/2030 697/2024/2024 757/2029/2029
f 757/2029/2029 697/2024/2024 672/2025/2025
f 757/2029/2029 672/2025/2025 656/2026/2026
f 656/2026/2026 640/2027/2027 757/2029/2029
f 757/2029/2029 640/2027/2027 627/2028/2028
f 626/2032/2032 756/2033/2033 627/2031/2031
f 627/2031/2031 756/2033/2033 757/2034/2034
f 1294/2035/2035 1374/2036/2036 1293/2038/2038
f 1293/2038/2038 1374/2036/2036 1373/2037/2037
f 1373/2048/2048 1374/2039/2039 1385/2047/2047
f 1385/2047/2047 1374/2039/2039 1386/2040/2040
f 1385/2047/2047 1386/2040/2040 1402/2041/2041
f 1385/2047/2047 1402/2041/2041 1401/2046/2046
f 1401/2046/2046 1402/2041/2041 1430/2042/2042
f 1401/2046/2046 1430/2042/2042 1429/2045/2045
f 1429/2045/2045 1430/2042/2042 1438/2043/2043
f 1429/2045/2045 1438/2043/2043 1437/2044/2044
f 1438/2049/2049 1294/2050/2050 1437/2052/2052
f 1437/2052/2052 1294/2050/2050 1293/2051/2051
f 1437/2053/2053 1293/2054/2054 1429/2058/2058
f 1429/2058/2058 1293/2054/2054 1401/2057/2057
f 1401/2057/2057 1293/2054/2054 1385/2056/2056
f 1385/2056/2056 1293/2054/2054 1373/2055/2055
f 880/2068/2068 881/2059/2059 888/2067/2067
f 888/2067/2067 881/2059/2059 889/2060/2060
f 888/2067/2067 889/2060/2060 901/2061/2061
f 888/2067/2067 901/2061/2061 900/2066/2066
f 900/2066/2066 901/2061/2061 917/2062/2062
f 900/2066/2066 917/2062/2062 916/2065/2065
f 916/2065/2065 917/2062/2062 979/2063/2063
f 916/2065/2065 979/2063/2063 978/2064/2064
f 979/2069/2069 1105/2070/2070 978/2072/2072
f 978/2072/2072 1105/2070/2070 1104/2071/2071
f 1105/2073/2073 881/2074/2074 1104/2076/2076
f 1104/2076/2076 881/2074/2074 880/2075/2075
f 880/2078/2078 888/2079/2079 1104/2077/2077
f 1104/2077/2077 888/2079/2079 900/2080/2080
f 1104/2077/2077 900/2080/2080 916/2081/2081
f 916/2081/2081 978/2082/2082 1104/2077/2077
f 1109/2083/2083 983/2084/2084 1108/2086/2086
f 1108/2086/2086 983/2084/2084 982/2085/2085
f 982/2096/2096 983/2087/2087 920/2095/2095
f 920/2095/2095 983/2087/2087 921/2088/2088
f 920/2095/2095 921/2088/2088 905/2089/2089
f 920/2095/2095 905/2089/2089 904/2094/2094
f 904/2094/2094 905/2089/2089 893/2090/2090
f 904/2094/2094 893/2090/2090 892/2093/2093
f 892/2093/2093 893/2090/2090 885/2091/2091
f 892/2093/2093 885/2091/2091 884/2092/2092
f 885/2097/2097 1109/2098/2098 884/2100/2100
f 884/2100/2100 1109/2098/2098 1108/2099/2099
f 884/2101/2101 1108/2102/2102 892/2106/2106
f 892/2106/2106 1108/2102/2102 904/2105/2105
f 904/2105/2105 1108/2102/2102 920/2104/2104
f 920/2104/2104 1108/2102/2102 982/2103/2103
f 1282/2107/2107 1362/2108/2108 1281/2110/2110
f 1281/2110/2110 1362/2108/2108 1361/2109/2109
f 1361/2120/2120 1362/2111/2111 1345/2119/2119
f 1345/2119/2119 1362/2111/2111 1346/2112/2112
f 1345/2119/2119 1346/2112/2112 1328/2113/2113
f 1345/2119/2119 1328/2113/2113 1327/2118/2118
f 1327/2118/2118 1328/2113/2113 1314/2114/2114
f 1327/2118/2118 1314/2114/2114 1313/2117/2117
f 1313/2117/2117 1314/2114/2114 1286/2115/2115
f 1313/2117/2117 1286/2115/2115 1285/2116/2116
f 1286/2121/2121 1282/2122/2122 1285/2124/2124
f 1285/2124/2124 1282/2122/2122 1281/2123/2123
f 1285/2125/2125 1281/2126/2126 1313/2130/2130
f 1313/2130/2130 1281/2126/2126 1327/2129/2129
f 1327/2129/2129 1281/2126/2126 1345/2128/2128
f 1345/2128/2128 1281/2126/2126 1361/2127/2127
f 447/2131/2131 353/2132/2132 446/2134/2134
f 446/2134/2134 353/2132/2132 352/2133/2133
f 352/2146/2146 353/2135/2135 372/2145/2145
f 372/2145/2145 353/2135/2135 373/2136/2136
f 372/2145/2145 373/2136/2136 395/2137/2137
f 372/2145/2145 395/2137/2137 394/2144/2144
f 394/2144/2144 395/2137/2137 403/2138/2138
f 394/2144/2144 403/2138/2138 402/2143/2143
f 402/2143/2143 403/2138/2138 419/2139/2139
f 402/2143/2143 419/2139/2139 418/2142/2142
f 418/2142/2142 419/2139/2139 443/2140/2140
f 418/2142/2142 443/2140/2140 442/2141/2141
f 443/2147/2147 447/2148/2148 442/2150/2150
f 442/2150/2150 447/2148/2148 446/2149/2149
f 442/2151/2151 446/2152/2152 418/2157/2157
f 418/2157/2157 446/2152/2152 402/2156/2156
f 402/2156/2156 446/2152/2152 394/2155/2155
f 394/2155/2155 446/2152/2152 372/2154/2154
f 372/2154/2154 446/2152/2152 352/2153/2153
f 346/2169/2169 347/2158/2158 280/2168/2168
f 280/2168/2168 347/2158/2158 281/2159/2159
f 280/2168/2168 281/2159/2159 60/2160/2160
f 280/2168/2168 60/2160/2160 59/2167/2167
f 59/2167/2167 60/2160/2160 52/2161/2161
f 59/2167/2167 52/2161/2161 51/2166/2166
f 51/2166/2166 52/2161/2161 36/2162/2162
f 51/2166/2166 36/2162/2162 35/2165/2165
f 35/2165/2165 36/2162/2162 24/2163/2163
f 35/2165/2165 24/2163/2163 23/2164/2164
f 24/2170/2170 439/2171/2171 23/2173/2173
f 23/2173/2173 439/2171/2171 438/2172/2172
f 439/2174/2174 347/2175/2175 438/2177/2177
f 438/2177/2177 347/2175/2175 346/2176/2176
f 346/2179/2179 280/2180/2180 438/2178/2178
f 438/2178/2178 280/2180/2180 59/2181/2181
f 438/2178/2178 59/2181/2181 51/2182/2182
f 51/2182/2182 35/2183/2183 438/2178/2178
f 438/2178/2178 35/2183/2183 23/2184/2184
f 650/2196/2196 651/2185/2185 660/2195/2195
f 660/2195/2195 651/2185/2185 661/2186/2186
f 660/2195/2195 661/2186/2186 677/2187/2187
f 660/2195/2195 677/2187/2187 676/2194/2194
f 676/2194/2194 677/2187/2187 691/2188/2188
f 676/2194/2194 691/2188/2188 690/2193/2193
f 690/2193/2193 691/2188/2188 707/2189/2189
f 690/2193/2193 707/2189/2189 706/2192/2192
f 706/2192/2192 707/2189/2189 719/2190/2190
f 706/2192/2192 719/2190/2190 718/2191/2191
f 719/2197/2197 481/2198/2198 718/2200/2200
f 718/2200/2200 481/2198/2198 480/2199/2199
f 481/2201/2201 651/2202/2202 480/2204/2204
f 480/2204/2204 651/2202/2202 650/2203/2203
f 650/2206/2206 660/2207/2207 480/2205/2205
f 480/2205/2205 660/2207/2207 676/2208/2208
f 480/2205/2205 676/2208/2208 690/2209/2209
f 690/2209/2209 706/2210/2210 480/2205/2205
f 480/2205/2205 706/2210/2210 718/2211/2211
f 485/2212/2212 723/2213/2213 484/2215/2215
f 484/2215/2215 723/2213/2213 722/2214/2214
f 722/2227/2227 723/2216/2216 710/2226/2226
f 710/2226/2226 723/2216/2216 711/2217/2217
f 710/2226/2226 711/2217/2217 695/2218/2218
f 710/2226/2226 695/2218/2218 694/2225/2225
f 694/2225/2225 695/2218/2218 681/2219/2219
f 694/2225/2225 681/2219/2219 680/2224/2224
f 680/2224/2224 681/2219/2219 665/2220/2220
f 680/2224/2224 665/2220/2220 664/2223/2223
f 664/2223/2223 665/2220/2220 655/2221/2221
f 664/2223/2223 655/2221/2221 654/2222/2222
f 655/2228/2228 485/2229/2229 654/2231/2231
f 654/2231/2231 485/2229/2229 484/2230/2230
f 654/2232/2232 484/2233/2233 664/2238/2238
f 664/2238/2238 484/2233/2233 680/2237/2237
f 680/2237/2237 484/2233/2233 694/2236/2236
f 694/2236/2236 484/2233/2233 710/2235/2235
f 710/2235/2235 484/2233/2233 722/2234/2234
f 469/2239/2239 639/2240/2240 468/2242/2242
f 468/2242/2242 639/2240/2240 638/2241/2241
f 638/2254/2254 639/2243/2243 624/2253/2253
f 624/2253/2253 639/2243/2243 625/2244/2244
f 624/2253/2253 625/2244/2244 569/2245/2245
f 624/2253/2253 569/2245/2245 568/2252/2252
f 568/2252/2252 569/2245/2245 511/2246/2246
f 568/2252/2252 511/2246/2246 510/2251/2251
f 510/2251/2251 511/2246/2246 495/2247/2247
f 510/2251/2251 495/2247/2247 494/2250/2250
f 494/2250/2250 495/2247/2247 473/2248/2248
f 494/2250/2250 473/2248/2248 472/2249/2249
f 473/2255/2255 469/2256/2256 472/2258/2258
f 472/2258/2258 469/2256/2256 468/2257/2257
f 472/2259/2259 468/2260/2260 494/2265/2265
f 494/2265/2265 468/2260/2260 510/2264/2264
f 510/2264/2264 468/2260/2260 568/2263/2263
f 568/2263/2263 468/2260/2260 624/2262/2262
f 624/2262/2262 468/2260/2260 638/2261/2261
f 460/2277/2277 461/2266/2266 490/2276/2276
f 490/2276/2276 461/2266/2266 491/2267/2267
f 490/2276/2276 491/2267/2267 507/2268/2268
f 490/2276/2276 507/2268/2268 506/2275/2275
f 506/2275/2275 507/2268/2268 565/2269/2269
f 506/2275/2275 565/2269/2269 564/2274/2274
f 564/2274/2274 565/2269/2269 621/2270/2270
f 564/2274/2274 621/2270/2270 620/2273/2273
f 620/2273/2273 621/2270/2270 635/2271/2271
f 620/2273/2273 635/2271/2271 634/2272/2272
f 635/2278/2278 465/2279/2279 634/2281/2281
f 634/2281/2281 465/2279/2279 464/2280/2280
f 465/2282/2282 461/2283/2283 464/2285/2285
f 464/2285/2285 461/2283/2283 460/2284/2284
f 460/2287/2287 490/2288/2288 464/2286/2286
f 464/2286/2286 490/2288/2288 506/2289/2289
f 464/2286/2286 506/2289/2289 564/2290/2290
f 564/2290/2290 620/2291/2291 464/2286/2286
f 464/2286/2286 620/2291/2291 634/2292/2292
f 454/2304/2304 455/2293/2293 422/2303/2303
f 422/2303/2303 455/2293/2293 423/2294/2294
f 422/2303/2303 423/2294/2294 407/2295/2295
f 422/2303/2303 407/2295/2295 406/2302/2302
f 406/2302/2302 407/2295/2295 399/2296/2296
f 406/2302/2302 399/2296/2296 398/2301/2301
f 398/2301/2301 399/2296/2296 377/2297/2297
f 398/2301/2301 377/2297/2297 376/2300/2300
f 376/2300/2300 377/2297/2297 357/2298/2298
f 376/2300/2300 357/2298/2298 356/2299/2299
f 357/2305/2305 451/2306/2306 356/2308/2308
f 356/2308/2308 451/2306/2306 450/2307/2307
f 451/2309/2309 455/2310/2310 450/2312/2312
f 450/2312/2312 455/2310/2310 454/2311/2311
f 454/2314/2314 422/2315/2315 450/2313/2313
f 450/2313/2313 422/2315/2315 406/2316/2316
f 450/2313/2313 406/2316/2316 398/2317/2317
f 398/2317/2317 376/2318/2318 450/2313/2313
f 450/2313/2313 376/2318/2318 356/2319/2319
f 435/2320/2320 20/2321/2321 434/2323/2323
f 434/2323/2323 20/2321/2321 19/2322/2322
f 19/2335/2335 20/2324/2324 31/2334/2334
f 31/2334/2334 20/2324/2324 32/2325/2325
f 31/2334/2334 32/2325/2325 48/2326/2326
f 31/2334/2334 48/2326/2326 47/2333/2333
f 47/2333/2333 48/2326/2326 56/2327/2327
f 47/2333/2333 56/2327/2327 55/2332/2332
f 55/2332/2332 56/2327/2327 277/2328/2328
f 55/2332/2332 277/2328/2328 276/2331/2331
f 276/2331/2331 277/2328/2328 343/2329/2329
f 276/2331/2331 343/2329/2329 342/2330/2330
f 343/2336/2336 435/2337/2337 342/2339/2339
f 342/2339/2339 435/2337/2337 434/2338/2338
f 342/2340/2340 434/2341/2341 276/2346/2346
f 276/2346/2346 434/2341/2341 55/2345/2345
f 55/2345/2345 434/2341/2341 47/2344/2344
f 47/2344/2344 434/2341/2341 31/2343/2343
f 31/2343/2343 434/2341/2341 19/2342/2342
f 1441/2356/2356 1442/2347/2347 1433/2355/2355
f 1433/2355/2355 1442/2347/2347 1434/2348/2348
f 1433/2355/2355 1434/2348/2348 1406/2349/2349
f 1433/2355/2355 1406/2349/2349 1405/2354/2354
f 1405/2354/2354 1406/2349/2349 1390/2350/2350
f 1405/2354/2354 1390/2350/2350 1389/2353/2353
f 1389/2353/2353 1390/2350/2350 1378/2351/2351
f 1389/2353/2353 1378/2351/2351 1377/2352/2352
f 1378/2357/2357 1298/2358/2358 1377/2360/2360
f 1377/2360/2360 1298/2358/2358 1297/2359/2359
f 1298/2361/2361 1442/2362/2362 1297/2364/2364
f 1297/2364/2364 1442/2362/2362 1441/2363/2363
f 1441/2366/2366 1433/2367/2367 1297/2365/2365
f 1297/2365/2365 1433/2367/2367 1405/2368/2368
f 1297/2365/2365 1405/2368/2368 1389/2369/2369
f 1389/2369/2369 1377/2370/2370 1297/2365/2365
f 1124/2380/2380 1125/2371/2371 1092/2379/2379
f 1092/2379/2379 1125/2371/2371 1093/2372/2372
f 1092/2379/2379 1093/2372/2372 1079/2373/2373
f 1092/2379/2379 1079/2373/2373 1078/2378/2378
f 1078/2378/2378 1079/2373/2373 1061/2374/2374
f 1078/2378/2378 1061/2374/2374 1060/2377/2377
f 1060/2377/2377 1061/2374/2374 995/2375/2375
f 1060/2377/2377 995/2375/2375 994/2376/2376
f 995/2381/2381 1121/2382/2382 994/2384/2384
f 994/2384/2384 1121/2382/2382 1120/2383/2383
f 1121/2385/2385 1125/2386/2386 1120/2388/2388
f 1120/2388/2388 1125/2386/2386 1124/2387/2387
f 1124/2390/2390 1092/2391/2391 1120/2389/2389
f 1120/2389/2389 1092/2391/2391 1078/2392/2392
f 1120/2389/2389 1078/2392/2392 1060/2393/2393
f 1060/2393/2393 994/2394/2394 1120/2389/2389
f 1117/2395/2395 991/2396/2396 1116/2398/2398
f 1116/2398/2398 991/2396/2396 990/2397/2397
f 990/2408/2408 991/2399/2399 1056/2407/2407
f 1056/2407/2407 991/2399/2399 1057/2400/2400
f 1056/2407/2407 1057/2400/2400 1075/2401/2401
f 1056/2407/2407 1075/2401/2401 1074/2406/2406
f 1074/2406/2406 1075/2401/2401 1089/2402/2402
f 1074/2406/2406 1089/2402/2402 1088/2405/2405
f 1088/2405/2405 1089/2402/2402 1113/2403/2403
f 1088/2405/2405 1113/2403/2403 1112/2404/2404
f 1113/2409/2409 1117/2410/2410 1112/2412/2412
f 1112/2412/2412 1117/2410/2410 1116/2411/2411
f 1112/2413/2413 1116/2414/2414 1088/2418/2418
f 1088/2418/2418 1116/2414/2414 1074/2417/2417
f 1074/2417/2417 1116/2414/2414 1056/2416/2416
f 1056/2416/2416 1116/2414/2414 990/2415/2415
f 1273/2428/2428 1274/2419/2419 1309/2427/2427
f 1309/2427/2427 1274/2419/2419 1310/2420/2420
f 1309/2427/2427 1310/2420/2420 1324/2421/2421
f 1309/2427/2427 1324/2421/2421 1323/2426/2426
f 1323/2426/2426 1324/2421/2421 1342/2422/2422
f 1323/2426/2426 1342/2422/2422 1341/2425/2425
f 1341/2425/2425 1342/2422/2422 1358/2423/2423
f 1341/2425/2425 1358/2423/2423 1357/2424/2424
f 1358/2429/2429 1278/2430/2430 1357/2432/2432
f 1357/2432/2432 1278/2430/2430 1277/2431/2431
f 1278/2433/2433 1274/2434/2434 1277/2436/2436
f 1277/2436/2436 1274/2434/2434 1273/2435/2435
f 1273/2438/2438 1309/2439/2439 1277/2437/2437
f 1277/2437/2437 1309/2439/2439 1323/2440/2440
f 1277/2437/2437 1323/2440/2440 1341/2441/2441
f 1341/2441/2441 1357/2442/2442 1277/2437/2437
f 1065/2482/2482 1003/2443/2443 999/2504/2504
f 999/2504/2504 1003/2443/2443 1002/2444/2444
f 999/2504/2504 1002/2444/2444 985/2445/2445
f 999/2504/2504 985/2445/2445 975/2503/2503
f 975/2503/2503 985/2445/2445 913/2446/2446
f 975/2503/2503 913/2446/2446 909/2502/2502
f 909/2502/2502 913/2446/2446 897/2447/2447
f 909/2502/2502 897/2447/2447 877/2501/2501
f 877/2501/2501 897/2447/2447 873/2448/2448
f 877/2501/2501 873/2448/2448 869/2500/2500
f 869/2500/2500 873/2448/2448 865/2449/2449
f 869/2500/2500 865/2449/2449 861/2499/2499
f 861/2499/2499 865/2449/2449 863/2450/2450
f 861/2499/2499 863/2450/2450 867/2498/2498
f 867/2498/2498 863/2450/2450 871/2451/2451
f 867/2498/2498 871/2451/2451 875/2497/2497
f 875/2497/2497 871/2451/2451 895/2452/2452
f 875/2497/2497 895/2452/2452 907/2496/2496
f 907/2496/2496 895/2452/2452 911/2453/2453
f 907/2496/2496 911/2453/2453 973/2495/2495
f 973/2495/2495 911/2453/2453 987/2454/2454
f 973/2495/2495 987/2454/2454 997/2494/2494
f 997/2494/2494 987/2454/2454 1063/2455/2455
f 997/2494/2494 1063/2455/2455 1067/2493/2493
f 1067/2493/2493 1063/2455/2455 1081/2456/2456
f 1067/2493/2493 1081/2456/2456 1095/2492/2492
f 1095/2492/2492 1081/2456/2456 1099/2457/2457
f 1095/2492/2492 1099/2457/2457 1264/2491/2491
f 1264/2491/2491 1099/2457/2457 1302/2458/2458
f 1264/2491/2491 1302/2458/2458 1304/2490/2490
f 1304/2490/2490 1302/2458/2458 1320/2459/2459
f 1304/2490/2490 1320/2459/2459 1332/2489/2489
f 1332/2489/2489 1320/2459/2459 1338/2460/2460
f 1332/2489/2489 1338/2460/2460 1352/2488/2488
f 1352/2488/2488 1338/2460/2460 1368/2461/2461
f 1352/2488/2488 1368/2461/2461 1380/2487/2487
f 1380/2487/2487 1368/2461/2461 1392/2462/2462
f 1380/2487/2487 1392/2462/2462 1396/2486/2486
f 1396/2486/2486 1392/2462/2462 1426/2463/2463
f 1396/2486/2486 1426/2463/2463 1444/2485/2485
f 1444/2485/2485 1426/2463/2463 1450/2464/2464
f 1444/2485/2485 1450/2464/2464 1452/2484/2484
f 1452/2484/2484 1450/2464/2464 1458/2515/2515
f 1452/2484/2484 1458/2516/2516 1460/2483/2483
f 1460/2517/2517 1458/2465/2465 1456/2466/2466
f 1460/2518/2518 1456/2466/2466 1454/2514/2514
f 1454/2514/2514 1456/2466/2466 1448/2467/2467
f 1454/2514/2514 1448/2467/2467 1446/2513/2513
f 1446/2513/2513 1448/2467/2467 1424/2468/2468
f 1446/2513/2513 1424/2468/2468 1398/2512/2512
f 1398/2512/2512 1424/2468/2468 1394/2469/2469
f 1398/2512/2512 1394/2469/2469 1382/2511/2511
f 1382/2511/2511 1394/2469/2469 1370/2470/2470
f 1382/2511/2511 1370/2470/2470 1354/2510/2510
f 1354/2510/2510 1370/2470/2470 1349/2471/2471
f 1354/2510/2510 1349/2471/2471 1350/2472/2472
f 1350/2472/2472 1336/2473/2473 1354/2510/2510
f 1354/2510/2510 1336/2473/2473 1334/2509/2509
f 1334/2509/2509 1336/2473/2473 1330/2474/2474
f 1334/2509/2509 1330/2474/2474 1318/2475/2475
f 1334/2509/2509 1318/2475/2475 1306/2508/2508
f 1306/2508/2508 1318/2475/2475 1317/2476/2476
f 1306/2508/2508 1317/2476/2476 1300/2477/2477
f 1306/2508/2508 1300/2477/2477 1266/2507/2507
f 1266/2507/2507 1300/2477/2477 1101/2478/2478
f 1266/2507/2507 1101/2478/2478 1097/2506/2506
f 1097/2506/2506 1101/2478/2478 1084/2479/2479
f 1097/2506/2506 1084/2479/2479 1085/2480/2480
f 1097/2506/2506 1085/2480/2480 1069/2505/2505
f 1069/2505/2505 1085/2480/2480 1071/2481/2481
f 1069/2505/2505 1071/2481/2481 1065/2482/2482
f 1069/2505/2505 1065/2482/2482 999/2504/2504
f 1294/2520/2520 1278/2566/2566 1374/2519/2519
f 1374/2519/2519 1278/2566/2566 1358/2561/2561
f 1374/2519/2519 1358/2561/2561 1380/2595/2595
f 1380/2595/2595 1358/2561/2561 1352/2594/2594
f 1352/2594/2594 1358/2561/2561 1342/2562/2562
f 1352/2594/2594 1342/2562/2562 1332/2593/2593
f 1332/2593/2593 1342/2562/2562 1324/2563/2563
f 1332/2593/2593 1324/2563/2563 1310/2564/2564
f 1438/2521/2521 1298/2548/2548 1294/2520/2520
f 1294/2520/2520 1298/2548/2548 1109/2532/2532
f 1294/2520/2520 1109/2532/2532 1105/2530/2530
f 1105/2530/2530 1109/2532/2532 885/2533/2533
f 1105/2530/2530 885/2533/2533 881/2529/2529
f 881/2529/2529 885/2533/2533 861/2583/2583
f 881/2529/2529 861/2583/2583 867/2584/2584
f 1430/2522/2522 1452/2598/2598 1438/2521/2521
f 1438/2521/2521 1452/2598/2598 1460/2567/2567
f 1438/2521/2521 1460/2567/2567 1442/2547/2547
f 1442/2547/2547 1460/2567/2567 1454/2568/2568
f 1442/2547/2547 1454/2568/2568 1434/2546/2546
f 1434/2546/2546 1454/2568/2568 1446/2569/2569
f 1434/2546/2546 1446/2569/2569 1406/2545/2545
f 1406/2545/2545 1446/2569/2569 1390/2544/2544
f 1390/2544/2544 1446/2569/2569 1398/2570/2570
f 1390/2544/2544 1398/2570/2570 1378/2543/2543
f 1378/2543/2543 1398/2570/2570 1382/2571/2571
f 1378/2543/2543 1382/2571/2571 1362/2537/2537
f 1362/2537/2537 1382/2571/2571 1354/2572/2572
f 1362/2537/2537 1354/2572/2572 1346/2542/2542
f 1346/2542/2542 1354/2572/2572 1334/2573/2573
f 1346/2542/2542 1334/2573/2573 1328/2541/2541
f 1328/2541/2541 1334/2573/2573 1314/2540/2540
f 1314/2540/2540 1334/2573/2573 1306/2574/2574
f 1314/2540/2540 1306/2574/2574 1286/2539/2539
f 1286/2539/2539 1306/2574/2574 1266/2575/2575
f 1286/2539/2539 1266/2575/2575 1125/2553/2553
f 1125/2553/2553 1266/2575/2575 1097/2576/2576
f 1125/2553/2553 1097/2576/2576 1093/2552/2552
f 1093/2552/2552 1097/2576/2576 1069/2577/2577
f 1093/2552/2552 1069/2577/2577 1079/2551/2551
f 1079/2551/2551 1069/2577/2577 1061/2550/2550
f 1061/2550/2550 1069/2577/2577 999/2578/2578
f 1061/2550/2550 999/2578/2578 995/2549/2549
f 995/2549/2549 999/2578/2578 975/2579/2579
f 995/2549/2549 975/2579/2579 983/2531/2531
f 983/2531/2531 975/2579/2579 909/2580/2580
f 983/2531/2531 909/2580/2580 921/2536/2536
f 921/2536/2536 909/2580/2580 877/2581/2581
f 921/2536/2536 877/2581/2581 905/2535/2535
f 905/2535/2535 877/2581/2581 893/2534/2534
f 893/2534/2534 877/2581/2581 869/2582/2582
f 893/2534/2534 869/2582/2582 885/2533/2533
f 885/2533/2533 869/2582/2582 861/2583/2583
f 1452/2598/2598 1430/2522/2522 1444/2597/2597
f 1444/2597/2597 1430/2522/2522 1402/2523/2523
f 1444/2597/2597 1402/2523/2523 1386/2524/2524
f 1444/2597/2597 1386/2524/2524 1396/2596/2596
f 1396/2596/2596 1386/2524/2524 1374/2519/2519
f 1396/2596/2596 1374/2519/2519 1380/2595/2595
f 917/2526/2526 907/2586/2586 979/2525/2525
f 979/2525/2525 907/2586/2586 973/2587/2587
f 979/2525/2525 973/2587/2587 991/2555/2555
f 991/2555/2555 973/2587/2587 997/2588/2588
f 991/2555/2555 997/2588/2588 1057/2560/2560
f 1057/2560/2560 997/2588/2588 1067/2589/2589
f 1057/2560/2560 1067/2589/2589 1075/2559/2559
f 1075/2559/2559 1067/2589/2589 1089/2558/2558
f 1089/2558/2558 1067/2589/2589 1095/2590/2590
f 1089/2558/2558 1095/2590/2590 1113/2557/2557
f 1113/2557/2557 1095/2590/2590 1264/2591/2591
f 1113/2557/2557 1264/2591/2591 1274/2565/2565
f 1274/2565/2565 1264/2591/2591 1304/2592/2592
f 1274/2565/2565 1304/2592/2592 1310/2564/2564
f 1310/2564/2564 1304/2592/2592 1332/2593/2593
f 907/2586/2586 917/2526/2526 875/2585/2585
f 875/2585/2585 917/2526/2526 901/2527/2527
f 875/2585/2585 901/2527/2527 889/2528/2528
f 875/2585/2585 889/2528/2528 867/2584/2584
f 867/2584/2584 889/2528/2528 881/2529/2529
f 979/2525/2525 1117/2556/2556 1105/2530/2530
f 1105/2530/2530 1117/2556/2556 1278/2566/2566
f 1105/2530/2530 1278/2566/2566 1294/2520/2520
f 995/2549/2549 983/2531/2531 1121/2554/2554
f 1121/2554/2554 983/2531/2531 1109/2532/2532
f 1121/2554/2554 1109/2532/2532 1298/2548/2548
f 1362/2537/2537 1282/2538/2538 1378/2543/2543
f 1378/2543/2543 1282/2538/2538 1298/2548/2548
f 1298/2548/2548 1282/2538/2538 1121/2554/2554
f 1121/2554/2554 1282/2538/2538 1125/2553/2553
f 1125/2553/2553 1282/2538/2538 1286/2539/2539
f 1442/2547/2547 1298/2548/2548 1438/2521/2521
f 991/2555/2555 1117/2556/2556 979/2525/2525
f 1278/2566/2566 1117/2556/2556 1274/2565/2565
f 1274/2565/2565 1117/2556/2556 1113/2557/2557
f 735/2600/2600 741/2693/2693 743/2599/2599
f 743/2694/2694 741/2690/2690 739/2691/2691
f 743/2695/2695 739/2691/2691 737/2635/2635
f 737/2635/2635 739/2691/2691 731/2692/2692
f 737/2635/2635 731/2692/2692 727/2634/2634
f 727/2634/2634 731/2692/2692 714/2636/2636
f 727/2634/2634 714/2636/2636 715/2637/2637
f 725/2601/2601 729/2688/2688 735/2600/2600
f 735/2600/2600 729/2688/2688 733/2689/2689
f 735/2600/2600 733/2689/2689 741/2696/2696
f 729/2688/2688 725/2601/2601 687/2687/2687
f 687/2687/2687 725/2601/2601 683/2602/2602
f 687/2687/2687 683/2602/2602 671/2686/2686
f 671/2686/2686 683/2602/2602 667/2603/2603
f 671/2686/2686 667/2603/2603 647/2685/2685
f 647/2685/2685 667/2603/2603 643/2604/2604
f 647/2685/2685 643/2604/2604 631/2684/2684
f 631/2684/2684 643/2604/2604 615/2605/2605
f 631/2684/2684 615/2605/2605 561/2683/2683
f 561/2683/2683 615/2605/2605 555/2606/2606
f 561/2683/2683 555/2606/2606 503/2682/2682
f 503/2682/2682 555/2606/2606 499/2607/2607
f 503/2682/2682 499/2607/2607 487/2681/2681
f 487/2681/2681 499/2607/2607 475/2608/2608
f 487/2681/2681 475/2608/2608 431/2680/2680
f 431/2680/2680 475/2608/2608 427/2609/2609
f 431/2680/2680 427/2609/2609 415/2679/2679
f 415/2679/2679 427/2609/2609 409/2610/2610
f 415/2679/2679 409/2610/2610 387/2678/2678
f 387/2678/2678 409/2610/2610 383/2611/2611
f 387/2678/2678 383/2611/2611 365/2677/2677
f 365/2677/2677 383/2611/2611 361/2612/2612
f 365/2677/2677 361/2612/2612 339/2676/2676
f 339/2676/2676 361/2612/2612 285/2613/2613
f 339/2676/2676 285/2613/2613 160/2675/2675
f 160/2675/2675 285/2613/2613 156/2614/2614
f 160/2675/2675 156/2614/2614 44/2674/2674
f 44/2674/2674 156/2614/2614 40/2615/2615
f 44/2674/2674 40/2615/2615 16/2673/2673
f 16/2673/2673 40/2615/2615 12/2616/2616
f 16/2673/2673 12/2616/2616 8/2672/2672
f 8/2672/2672 12/2616/2616 4/2617/2617
f 8/2672/2672 4/2617/2617 2/2671/2671
f 2/2671/2671 4/2617/2617 6/2618/2618
f 2/2671/2671 6/2618/2618 10/2670/2670
f 10/2670/2670 6/2618/2618 14/2619/2619
f 10/2670/2670 14/2619/2619 38/2669/2669
f 38/2669/2669 14/2619/2619 42/2620/2620
f 38/2669/2669 42/2620/2620 67/2668/2668
f 67/2668/2668 42/2620/2620 68/2667/2667
f 68/2667/2667 42/2620/2620 158/2621/2621
f 68/2667/2667 158/2621/2621 209/2666/2666
f 209/2666/2666 158/2621/2621 287/2622/2622
f 209/2666/2666 287/2622/2622 283/2665/2665
f 283/2665/2665 287/2622/2622 291/2664/2664
f 291/2664/2664 287/2622/2622 349/2662/2662
f 291/2664/2664 349/2662/2662 290/2663/2663
f 287/2622/2622 363/2623/2623 349/2662/2662
f 349/2662/2662 363/2623/2623 359/2661/2661
f 359/2661/2661 363/2623/2623 368/2660/2660
f 368/2660/2660 363/2623/2623 369/2659/2659
f 369/2659/2659 363/2623/2623 379/2658/2658
f 379/2658/2658 363/2623/2623 385/2624/2624
f 379/2658/2658 385/2624/2624 381/2657/2657
f 381/2657/2657 385/2624/2624 391/2656/2656
f 391/2656/2656 385/2624/2624 411/2625/2625
f 391/2656/2656 411/2625/2625 390/2655/2655
f 390/2655/2655 411/2625/2625 413/2654/2654
f 413/2654/2654 411/2625/2625 425/2653/2653
f 425/2653/2653 411/2625/2625 429/2626/2626
f 425/2653/2653 429/2626/2626 457/2652/2652
f 457/2652/2652 429/2626/2626 477/2627/2627
f 457/2652/2652 477/2627/2627 497/2651/2651
f 497/2651/2651 477/2627/2627 501/2628/2628
f 497/2651/2651 501/2628/2628 514/2650/2650
f 514/2650/2650 501/2628/2628 515/2649/2649
f 515/2649/2649 501/2628/2628 557/2629/2629
f 515/2649/2649 557/2629/2629 559/2648/2648
f 559/2648/2648 557/2629/2629 571/2647/2647
f 571/2647/2647 557/2629/2629 617/2630/2630
f 571/2647/2647 617/2630/2630 629/2646/2646
f 629/2646/2646 617/2630/2630 645/2631/2631
f 629/2646/2646 645/2631/2631 641/2644/2644
f 641/2644/2644 645/2631/2631 657/2643/2643
f 657/2643/2643 645/2631/2631 669/2632/2632
f 657/2643/2643 669/2632/2632 673/2642/2642
f 673/2642/2642 669/2632/2632 685/2633/2633
f 673/2642/2642 685/2633/2633 698/2641/2641
f 698/2641/2641 685/2633/2633 699/2640/2640
f 699/2640/2640 685/2633/2633 701/2639/2639
f 701/2639/2639 685/2633/2633 703/2638/2638
f 703/2638/2638 685/2633/2633 727/2634/2634
f 703/2638/2638 727/2634/2634 715/2637/2637
f 641/2644/2644 628/2645/2645 629/2646/2646
f 729/2698/2698 687/2699/2699 26/2697/2697
f 26/2697/2697 687/2699/2699 671/2700/2700
f 26/2697/2697 671/2700/2700 647/2701/2701
f 647/2701/2701 631/2702/2702 26/2697/2697
f 26/2697/2697 631/2702/2702 561/2703/2703
f 26/2697/2697 561/2703/2703 503/2704/2704
f 503/2704/2704 487/2705/2705 26/2697/2697
f 26/2697/2697 487/2705/2705 431/2706/2706
f 26/2697/2697 431/2706/2706 415/2707/2707
f 415/2707/2707 387/2708/2708 26/2697/2697
f 26/2697/2697 387/2708/2708 365/2709/2709
f 26/2697/2697 365/2709/2709 339/2710/2710
f 339/2710/2710 160/2711/2711 26/2697/2697
f 26/2697/2697 160/2711/2711 44/2712/2712
f 26/2697/2697 44/2712/2712 16/2713/2713
f 26/2697/2697 16/2713/2713 28/2720/2720
f 28/2720/2720 16/2713/2713 8/2714/2714
f 28/2720/2720 8/2714/2714 62/2719/2719
f 62/2719/2719 8/2714/2714 2/2715/2715
f 62/2719/2719 2/2715/2715 10/2716/2716
f 10/2716/2716 38/2717/2717 62/2719/2719
f 62/2719/2719 38/2717/2717 67/2718/2718
f 447/2722/2722 435/2771/2771 353/2721/2721
f 353/2721/2721 435/2771/2771 343/2772/2772
f 353/2721/2721 343/2772/2772 285/2800/2800
f 285/2800/2800 343/2772/2772 277/2773/2773
f 285/2800/2800 277/2773/2773 156/2799/2799
f 156/2799/2799 277/2773/2773 56/2774/2774
f 156/2799/2799 56/2774/2774 40/2798/2798
f 40/2798/2798 56/2774/2774 48/2775/2775
f 40/2798/2798 48/2775/2775 12/2797/2797
f 12/2797/2797 48/2775/2775 32/2776/2776
f 12/2797/2797 32/2776/2776 4/2796/2796
f 4/2796/2796 32/2776/2776 20/2770/2770
f 4/2796/2796 20/2770/2770 24/2728/2728
f 24/2728/2728 20/2770/2770 435/2771/2771
f 24/2728/2728 435/2771/2771 439/2734/2734
f 439/2734/2734 435/2771/2771 447/2722/2722
f 439/2734/2734 447/2722/2722 451/2769/2769
f 451/2769/2769 447/2722/2722 465/2762/2762
f 451/2769/2769 465/2762/2762 469/2750/2750
f 469/2750/2750 465/2762/2762 481/2741/2741
f 469/2750/2750 481/2741/2741 485/2743/2743
f 485/2743/2743 481/2741/2741 719/2735/2735
f 485/2743/2743 719/2735/2735 723/2742/2742
f 723/2742/2742 719/2735/2735 743/2777/2777
f 723/2742/2742 743/2777/2777 737/2778/2778
f 465/2762/2762 447/2722/2722 461/2761/2761
f 461/2761/2761 447/2722/2722 443/2723/2723
f 461/2761/2761 443/2723/2723 475/2805/2805
f 475/2805/2805 443/2723/2723 427/2804/2804
f 427/2804/2804 443/2723/2723 419/2724/2724
f 427/2804/2804 419/2724/2724 409/2803/2803
f 409/2803/2803 419/2724/2724 403/2725/2725
f 409/2803/2803 403/2725/2725 383/2802/2802
f 383/2802/2802 403/2725/2725 395/2726/2726
f 383/2802/2802 395/2726/2726 373/2727/2727
f 383/2802/2802 373/2727/2727 361/2801/2801
f 361/2801/2801 373/2727/2727 353/2721/2721
f 361/2801/2801 353/2721/2721 285/2800/2800
f 4/2796/2796 24/2728/2728 6/2795/2795
f 6/2795/2795 24/2728/2728 36/2729/2729
f 6/2795/2795 36/2729/2729 14/2794/2794
f 14/2794/2794 36/2729/2729 52/2730/2730
f 14/2794/2794 52/2730/2730 42/2793/2793
f 42/2793/2793 52/2730/2730 60/2731/2731
f 42/2793/2793 60/2731/2731 158/2792/2792
f 158/2792/2792 60/2731/2731 281/2732/2732
f 158/2792/2792 281/2732/2732 287/2791/2791
f 287/2791/2791 281/2732/2732 347/2733/2733
f 287/2791/2791 347/2733/2733 357/2763/2763
f 357/2763/2763 347/2733/2733 439/2734/2734
f 357/2763/2763 439/2734/2734 451/2769/2769
f 743/2777/2777 719/2735/2735 735/2813/2813
f 735/2813/2813 719/2735/2735 707/2736/2736
f 735/2813/2813 707/2736/2736 691/2737/2737
f 735/2813/2813 691/2737/2737 725/2812/2812
f 725/2812/2812 691/2737/2737 677/2738/2738
f 725/2812/2812 677/2738/2738 683/2811/2811
f 683/2811/2811 677/2738/2738 661/2739/2739
f 683/2811/2811 661/2739/2739 667/2810/2810
f 667/2810/2810 661/2739/2739 651/2740/2740
f 667/2810/2810 651/2740/2740 643/2809/2809
f 643/2809/2809 651/2740/2740 635/2756/2756
f 643/2809/2809 635/2756/2756 621/2757/2757
f 651/2740/2740 481/2741/2741 635/2756/2756
f 635/2756/2756 481/2741/2741 465/2762/2762
f 469/2750/2750 485/2743/2743 639/2749/2749
f 639/2749/2749 485/2743/2743 655/2744/2744
f 639/2749/2749 655/2744/2744 645/2782/2782
f 645/2782/2782 655/2744/2744 669/2781/2781
f 669/2781/2781 655/2744/2744 665/2745/2745
f 669/2781/2781 665/2745/2745 685/2780/2780
f 685/2780/2780 665/2745/2745 681/2746/2746
f 685/2780/2780 681/2746/2746 727/2779/2779
f 727/2779/2779 681/2746/2746 695/2747/2747
f 727/2779/2779 695/2747/2747 737/2778/2778
f 737/2778/2778 695/2747/2747 711/2748/2748
f 737/2778/2778 711/2748/2748 723/2742/2742
f 451/2769/2769 469/2750/2750 455/2768/2768
f 455/2768/2768 469/2750/2750 473/2751/2751
f 455/2768/2768 473/2751/2751 477/2786/2786
f 477/2786/2786 473/2751/2751 495/2752/2752
f 477/2786/2786 495/2752/2752 501/2785/2785
f 501/2785/2785 495/2752/2752 511/2753/2753
f 501/2785/2785 511/2753/2753 557/2784/2784
f 557/2784/2784 511/2753/2753 569/2754/2754
f 557/2784/2784 569/2754/2754 617/2783/2783
f 617/2783/2783 569/2754/2754 625/2755/2755
f 617/2783/2783 625/2755/2755 645/2782/2782
f 645/2782/2782 625/2755/2755 639/2749/2749
f 643/2809/2809 621/2757/2757 615/2808/2808
f 615/2808/2808 621/2757/2757 565/2758/2758
f 615/2808/2808 565/2758/2758 555/2807/2807
f 555/2807/2807 565/2758/2758 507/2759/2759
f 555/2807/2807 507/2759/2759 499/2806/2806
f 499/2806/2806 507/2759/2759 491/2760/2760
f 499/2806/2806 491/2760/2760 475/2805/2805
f 475/2805/2805 491/2760/2760 461/2761/2761
f 287/2791/2791 357/2763/2763 363/2790/2790
f 363/2790/2790 357/2763/2763 377/2764/2764
f 363/2790/2790 377/2764/2764 385/2789/2789
f 385/2789/2789 377/2764/2764 399/2765/2765
f 385/2789/2789 399/2765/2765 407/2766/2766
f 385/2789/2789 407/2766/2766 411/2788/2788
f 411/2788/2788 407/2766/2766 423/2767/2767
f 411/2788/2788 423/2767/2767 429/2787/2787
f 429/2787/2787 423/2767/2767 455/2768/2768
f 429/2787/2787 455/2768/2768 477/2786/2786
f 1006/2821/2821 1084/2814/2814 1010/2820/2820
f 1010/2820/2820 1084/2814/2814 1101/2815/2815
f 1010/2820/2820 1101/2815/2815 1300/2816/2816
f 1010/2820/2820 1300/2816/2816 1413/2819/2819
f 1413/2819/2819 1300/2816/2816 1317/2817/2817
f 1413/2819/2819 1317/2817/2817 1409/2818/2818
f 1318/2823/2823 1410/2824/2824 1317/2822/2822
f 1317/2822/2822 1410/2824/2824 1409/2825/2825
f 1084/2827/2827 1006/2828/2828 1085/2826/2826
f 1085/2826/2826 1006/2828/2828 1007/2829/2829
f 290/2831/2831 294/2832/2832 291/2830/2830
f 291/2830/2830 294/2832/2832 295/2833/2833
f 290/2834/2834 349/2835/2835 294/2838/2838
f 294/2838/2838 349/2835/2835 359/2836/2836
f 294/2838/2838 359/2836/2836 368/2837/2837
f 369/2840/2840 295/2841/2841 368/2839/2839
f 368/2839/2839 295/2841/2841 294/2842/2842
f 367/2844/2844 293/2845/2845 366/2843/2843
f 366/2843/2843 293/2845/2845 292/2846/2846
f 288/2848/2848 292/2849/2849 289/2847/2847
f 289/2847/2847 292/2849/2849 293/2850/2850
f 367/2851/2851 358/2852/2852 293/2855/2855
f 293/2855/2855 358/2852/2852 348/2853/2853
f 293/2855/2855 348/2853/2853 289/2854/2854
f 756/2856/2856 752/2857/2857 757/2859/2859
f 757/2859/2859 752/2857/2857 753/2858/2858
f 926/2860/2860 922/2861/2861 927/2863/2863
f 927/2863/2863 922/2861/2861 923/2862/2862
f 806/2864/2864 926/2865/2865 807/2867/2867
f 807/2867/2867 926/2865/2865 927/2866/2866
f 802/2868/2868 806/2869/2869 803/2871/2871
f 803/2871/2871 806/2869/2869 807/2870/2870
f 922/2872/2872 802/2873/2873 923/2875/2875
f 923/2875/2875 802/2873/2873 803/2874/2874
f 923/2876/2876 803/2877/2877 927/2879/2879
f 927/2879/2879 803/2877/2877 807/2878/2878
f 1008/2880/2880 1411/2881/2881 1009/2883/2883
f 1009/2883/2883 1411/2881/2881 1412/2882/2882
f 1004/2884/2884 1008/2885/2885 1005/2887/2887
f 1005/2887/2887 1008/2885/2885 1009/2886/2886
f 1082/2889/2889 1004/2890/2890 1083/2888/2888
f 1083/2888/2888 1004/2890/2890 1005/2891/2891
f 1411/2892/2892 1407/2893/2893 1412/2895/2895
f 1412/2895/2895 1407/2893/2893 1408/2894/2894
f 1408/2903/2903 1316/2896/2896 1412/2902/2902
f 1412/2902/2902 1316/2896/2896 1299/2897/2897
f 1412/2902/2902 1299/2897/2897 1009/2901/2901
f 1009/2901/2901 1299/2897/2897 1100/2898/2898
f 1009/2901/2901 1100/2898/2898 1083/2899/2899
f 1083/2899/2899 1005/2900/2900 1009/2901/2901
f 1419/2904/2904 1415/2905/2905 1420/2907/2907
f 1420/2907/2907 1415/2905/2905 1416/2906/2906
f 1415/2908/2908 1012/2909/2909 1416/2911/2911
f 1416/2911/2911 1012/2909/2909 1013/2910/2910
f 1020/2913/2913 1051/2914/2914 1132/2912/2912
f 1132/2912/2912 1051/2914/2914 1420/2915/2915
f 1132/2912/2912 1420/2915/2915 1126/2919/2919
f 1126/2919/2919 1420/2915/2915 1416/2916/2916
f 1126/2919/2919 1416/2916/2916 1013/2917/2917
f 1013/2917/2917 1016/2918/2918 1126/2919/2919
f 930/2920/2920 810/2921/2921 931/2923/2923
f 931/2923/2923 810/2921/2921 811/2922/2922
f 760/2924/2924 572/2925/2925 761/2927/2927
f 761/2927/2927 572/2925/2925 573/2926/2926
f 388/2929/2929 296/2930/2930 389/2928/2928
f 389/2928/2928 296/2930/2930 297/2931/2931
f 755/2932/2932 759/2933/2933 754/2935/2935
f 754/2935/2935 759/2933/2933 758/2934/2934
f 628/2937/2937 758/2938/2938 629/2936/2936
f 629/2936/2936 758/2938/2938 759/2939/2939
f 699/2941/2941 755/2942/2942 698/2940/2940
f 698/2940/2940 755/2942/2942 754/2943/2943
f 628/2944/2944 641/2945/2945 758/2950/2950
f 758/2950/2950 641/2945/2945 657/2946/2946
f 758/2950/2950 657/2946/2946 673/2947/2947
f 673/2947/2947 698/2948/2948 758/2950/2950
f 758/2950/2950 698/2948/2948 754/2949/2949
f 925/2951/2951 929/2952/2952 924/2954/2954
f 924/2954/2954 929/2952/2952 928/2953/2953
f 929/2955/2955 809/2956/2956 928/2958/2958
f 928/2958/2958 809/2956/2956 808/2957/2957
f 809/2959/2959 805/2960/2960 808/2962/2962
f 808/2962/2962 805/2960/2960 804/2961/2961
f 805/2963/2963 925/2964/2964 804/2966/2966
f 804/2966/2966 925/2964/2964 924/2965/2965
f 804/2967/2967 924/2968/2968 808/2970/2970
f 808/2970/2970 924/2968/2968 928/2969/2969
f 1414/2971/2971 1011/2972/2972 1413/2974/2974
f 1413/2974/2974 1011/2972/2972 1010/2973/2973
f 1011/2975/2975 1007/2976/2976 1010/2978/2978
f 1010/2978/2978 1007/2976/2976 1006/2977/2977
f 1410/2979/2979 1414/2980/2980 1409/2982/2982
f 1409/2982/2982 1414/2980/2980 1413/2981/2981
f 1418/2983/2983 1422/2984/2984 1417/2986/2986
f 1417/2986/2986 1422/2984/2984 1421/2985/2985
f 1053/2988/2988 1052/2989/2989 1164/2987/2987
f 1164/2987/2987 1052/2989/2989 1421/2990/2990
f 1164/2987/2987 1421/2990/2990 1422/2991/2991
f 1422/2991/2991 1165/2992/2992 1164/2987/2987
f 1019/2994/2994 1015/2995/2995 1017/2993/2993
f 1017/2993/2993 1015/2995/2995 1014/2996/2996
f 1015/2997/2997 1418/2998/2998 1014/3000/3000
f 1014/3000/3000 1418/2998/2998 1417/2999/2999
f 1017/3002/3002 1014/3003/3003 1127/3001/3001
f 1127/3001/3001 1014/3003/3003 1417/3004/3004
f 1127/3001/3001 1417/3004/3004 1421/3005/3005
f 1127/3001/3001 1421/3005/3005 1133/3008/3008
f 1133/3008/3008 1421/3005/3005 1052/3006/3006
f 1133/3008/3008 1052/3006/3006 1021/3007/3007
f 813/3009/3009 933/3010/3010 812/3012/3012
f 812/3012/3012 933/3010/3010 932/3011/3011
f 575/3013/3013 763/3014/3014 574/3016/3016
f 574/3016/3016 763/3014/3014 762/3015/3015
f 390/3018/3018 298/3019/3019 391/3017/3017
f 391/3017/3017 298/3019/3019 299/3020/3020
f 1267/3022/3022 241/3025/3025 1268/3021/3021
f 1268/3021/3021 241/3025/3025 242/3026/3026
f 1268/3021/3021 242/3026/3026 1476/3027/3027
f 241/3025/3025 1267/3022/3022 1475/3028/3028
f 1475/3028/3028 1267/3022/3022 1363/3023/3023
f 1475/3028/3028 1363/3023/3023 1364/3024/3024
f 1475/3028/3028 1364/3024/3024 1476/3027/3027
f 1476/3027/3027 1364/3024/3024 1268/3021/3021
f 1472/3030/3030 1466/3038/3038 1471/3029/3029
f 1471/3029/3029 1466/3038/3038 1465/3039/3039
f 1471/3029/3029 1465/3039/3039 1468/3035/3035
f 1468/3035/3035 1465/3039/3039 1461/3034/3034
f 1461/3034/3034 1465/3039/3039 1463/3040/3040
f 1461/3034/3034 1463/3040/3040 1464/3037/3037
f 1470/3031/3031 1469/3032/3032 1472/3030/3030
f 1472/3030/3030 1469/3032/3032 1466/3038/3038
f 1469/3032/3032 1462/3033/3033 1466/3038/3038
f 1466/3038/3038 1462/3033/3033 1464/3037/3037
f 1464/3037/3037 1462/3033/3033 1461/3034/3034
f 1468/3035/3035 1467/3036/3036 1471/3029/3029
f 304/3072/3072 520/3041/3041 306/3071/3071
f 306/3071/3071 520/3041/3041 522/3042/3042
f 306/3071/3071 522/3042/3042 308/3070/3070
f 308/3070/3070 522/3042/3042 524/3043/3043
f 308/3070/3070 524/3043/3043 310/3069/3069
f 310/3069/3069 524/3043/3043 526/3044/3044
f 310/3069/3069 526/3044/3044 312/3068/3068
f 312/3068/3068 526/3044/3044 528/3045/3045
f 312/3068/3068 528/3045/3045 530/3046/3046
f 530/3046/3046 532/3047/3047 312/3068/3068
f 312/3068/3068 532/3047/3047 534/3048/3048
f 312/3068/3068 534/3048/3048 536/3049/3049
f 536/3049/3049 538/3050/3050 312/3068/3068
f 312/3068/3068 538/3050/3050 540/3051/3051
f 312/3068/3068 540/3051/3051 542/3052/3052
f 542/3052/3052 544/3053/3053 312/3068/3068
f 312/3068/3068 544/3053/3053 546/3054/3054
f 312/3068/3068 546/3054/3054 548/3055/3055
f 548/3055/3055 550/3056/3056 312/3068/3068
f 312/3068/3068 550/3056/3056 314/3067/3067
f 314/3067/3067 550/3056/3056 316/3066/3066
f 316/3066/3066 550/3056/3056 318/3065/3065
f 318/3065/3065 550/3056/3056 320/3064/3064
f 320/3064/3064 550/3056/3056 322/3063/3063
f 322/3063/3063 550/3056/3056 324/3062/3062
f 324/3062/3062 550/3056/3056 326/3061/3061
f 326/3061/3061 550/3056/3056 328/3060/3060
f 328/3060/3060 550/3056/3056 330/3059/3059
f 330/3059/3059 550/3056/3056 332/3058/3058
f 332/3058/3058 550/3056/3056 334/3057/3057
f 334/3073/3073 550/3074/3074 335/3076/3076
f 335/3076/3076 550/3074/3074 551/3075/3075
f 304/3077/3077 306/3078/3078 335/3093/3093
f 335/3093/3093 306/3078/3078 308/3079/3079
f 335/3093/3093 308/3079/3079 310/3080/3080
f 310/3080/3080 312/3081/3081 335/3093/3093
f 335/3093/3093 312/3081/3081 314/3082/3082
f 335/3093/3093 314/3082/3082 316/3083/3083
f 316/3083/3083 318/3084/3084 335/3093/3093
f 335/3093/3093 318/3084/3084 320/3085/3085
f 335/3093/3093 320/3085/3085 322/3086/3086
f 322/3086/3086 324/3087/3087 335/3093/3093
f 335/3093/3093 324/3087/3087 326/3088/3088
f 335/3093/3093 326/3088/3088 328/3089/3089
f 328/3089/3089 330/3090/3090 335/3093/3093
f 335/3093/3093 330/3090/3090 332/3091/3091
f 335/3093/3093 332/3091/3091 334/3092/3092
f 550/3094/3094 548/3095/3095 551/3110/3110
f 551/3110/3110 548/3095/3095 546/3096/3096
f 551/3110/3110 546/3096/3096 544/3097/3097
f 544/3097/3097 542/3098/3098 551/3110/3110
f 551/3110/3110 542/3098/3098 540/3099/3099
f 551/3110/3110 540/3099/3099 538/3100/3100
f 538/3100/3100 536/3101/3101 551/3110/3110
f 551/3110/3110 536/3101/3101 534/3102/3102
f 551/3110/3110 534/3102/3102 532/3103/3103
f 532/3103/3103 530/3104/3104 551/3110/3110
f 551/3110/3110 530/3104/3104 528/3105/3105
f 551/3110/3110 528/3105/3105 526/3106/3106
f 526/3106/3106 524/3107/3107 551/3110/3110
f 551/3110/3110 524/3107/3107 522/3108/3108
f 551/3110/3110 522/3108/3108 520/3109/3109
f 520/3111/3111 304/3112/3112 551/3114/3114
f 551/3114/3114 304/3112/3112 335/3113/3113
f 938/3115/3115 818/3116/3116 969/3118/3118
f 969/3118/3118 818/3116/3116 849/3117/3117
f 968/3119/3119 966/3120/3120 969/3135/3135
f 969/3135/3135 966/3120/3120 964/3121/3121
f 969/3135/3135 964/3121/3121 962/3122/3122
f 962/3122/3122 960/3123/3123 969/3135/3135
f 969/3135/3135 960/3123/3123 958/3124/3124
f 969/3135/3135 958/3124/3124 956/3125/3125
f 956/3125/3125 954/3126/3126 969/3135/3135
f 969/3135/3135 954/3126/3126 952/3127/3127
f 969/3135/3135 952/3127/3127 950/3128/3128
f 950/3128/3128 948/3129/3129 969/3135/3135
f 969/3135/3135 948/3129/3129 946/3130/3130
f 969/3135/3135 946/3130/3130 944/3131/3131
f 944/3131/3131 942/3132/3132 969/3135/3135
f 969/3135/3135 942/3132/3132 940/3133/3133
f 969/3135/3135 940/3133/3133 938/3134/3134
f 818/3136/3136 820/3137/3137 849/3152/3152
f 849/3152/3152 820/3137/3137 822/3138/3138
f 849/3152/3152 822/3138/3138 824/3139/3139
f 824/3139/3139 826/3140/3140 849/3152/3152
f 849/3152/3152 826/3140/3140 828/3141/3141
f 849/3152/3152 828/3141/3141 830/3142/3142
f 830/3142/3142 832/3143/3143 849/3152/3152
f 849/3152/3152 832/3143/3143 834/3144/3144
f 849/3152/3152 834/3144/3144 836/3145/3145
f 836/3145/3145 838/3146/3146 849/3152/3152
f 849/3152/3152 838/3146/3146 840/3147/3147
f 849/3152/3152 840/3147/3147 842/3148/3148
f 842/3148/3148 844/3149/3149 849/3152/3152
f 849/3152/3152 844/3149/3149 846/3150/3150
f 849/3152/3152 846/3150/3150 848/3151/3151
f 848/3153/3153 968/3154/3154 849/3156/3156
f 849/3156/3156 968/3154/3154 969/3155/3155
f 818/3188/3188 938/3157/3157 820/3187/3187
f 820/3187/3187 938/3157/3157 940/3158/3158
f 820/3187/3187 940/3158/3158 822/3186/3186
f 822/3186/3186 940/3158/3158 942/3159/3159
f 822/3186/3186 942/3159/3159 824/3185/3185
f 824/3185/3185 942/3159/3159 944/3160/3160
f 824/3185/3185 944/3160/3160 826/3184/3184
f 826/3184/3184 944/3160/3160 946/3161/3161
f 826/3184/3184 946/3161/3161 948/3162/3162
f 948/3162/3162 950/3163/3163 826/3184/3184
f 826/3184/3184 950/3163/3163 952/3164/3164
f 826/3184/3184 952/3164/3164 954/3165/3165
f 954/3165/3165 956/3166/3166 826/3184/3184
f 826/3184/3184 956/3166/3166 958/3167/3167
f 826/3184/3184 958/3167/3167 960/3168/3168
f 960/3168/3168 962/3169/3169 826/3184/3184
f 826/3184/3184 962/3169/3169 964/3170/3170
f 826/3184/3184 964/3170/3170 966/3171/3171
f 966/3171/3171 968/3172/3172 826/3184/3184
f 826/3184/3184 968/3172/3172 828/3183/3183
f 828/3183/3183 968/3172/3172 830/3182/3182
f 830/3182/3182 968/3172/3172 832/3181/3181
f 832/3181/3181 968/3172/3172 834/3180/3180
f 834/3180/3180 968/3172/3172 836/3179/3179
f 836/3179/3179 968/3172/3172 838/3178/3178
f 838/3178/3178 968/3172/3172 840/3177/3177
f 840/3177/3177 968/3172/3172 842/3176/3176
f 842/3176/3176 968/3172/3172 844/3175/3175
f 844/3175/3175 968/3172/3172 846/3174/3174
f 846/3174/3174 968/3172/3172 848/3173/3173
f 580/3220/3220 768/3189/3189 582/3219/3219
f 582/3219/3219 768/3189/3189 770/3190/3190
f 582/3219/3219 770/3190/3190 584/3218/3218
f 584/3218/3218 770/3190/3190 772/3191/3191
f 584/3218/3218 772/3191/3191 586/3217/3217
f 586/3217/3217 772/3191/3191 774/3192/3192
f 586/3217/3217 774/3192/3192 588/3216/3216
f 588/3216/3216 774/3192/3192 776/3193/3193
f 588/3216/3216 776/3193/3193 778/3194/3194
f 778/3194/3194 780/3195/3195 588/3216/3216
f 588/3216/3216 780/3195/3195 782/3196/3196
f 588/3216/3216 782/3196/3196 784/3197/3197
f 784/3197/3197 786/3198/3198 588/3216/3216
f 588/3216/3216 786/3198/3198 788/3199/3199
f 588/3216/3216 788/3199/3199 790/3200/3200
f 790/3200/3200 792/3201/3201 588/3216/3216
f 588/3216/3216 792/3201/3201 794/3202/3202
f 588/3216/3216 794/3202/3202 796/3203/3203
f 796/3203/3203 798/3204/3204 588/3216/3216
f 588/3216/3216 798/3204/3204 590/3215/3215
f 590/3215/3215 798/3204/3204 592/3214/3214
f 592/3214/3214 798/3204/3204 594/3213/3213
f 594/3213/3213 798/3204/3204 596/3212/3212
f 596/3212/3212 798/3204/3204 598/3211/3211
f 598/3211/3211 798/3204/3204 600/3210/3210
f 600/3210/3210 798/3204/3204 602/3209/3209
f 602/3209/3209 798/3204/3204 604/3208/3208
f 604/3208/3208 798/3204/3204 606/3207/3207
f 606/3207/3207 798/3204/3204 608/3206/3206
f 608/3206/3206 798/3204/3204 610/3205/3205
f 610/3221/3221 798/3222/3222 611/3224/3224
f 611/3224/3224 798/3222/3222 799/3223/3223
f 580/3225/3225 582/3226/3226 611/3241/3241
f 611/3241/3241 582/3226/3226 584/3227/3227
f 611/3241/3241 584/3227/3227 586/3228/3228
f 586/3228/3228 588/3229/3229 611/3241/3241
f 611/3241/3241 588/3229/3229 590/3230/3230
f 611/3241/3241 590/3230/3230 592/3231/3231
f 592/3231/3231 594/3232/3232 611/3241/3241
f 611/3241/3241 594/3232/3232 596/3233/3233
f 611/3241/3241 596/3233/3233 598/3234/3234
f 598/3234/3234 600/3235/3235 611/3241/3241
f 611/3241/3241 600/3235/3235 602/3236/3236
f 611/3241/3241 602/3236/3236 604/3237/3237
f 604/3237/3237 606/3238/3238 611/3241/3241
f 611/3241/3241 606/3238/3238 608/3239/3239
f 611/3241/3241 608/3239/3239 610/3240/3240
f 798/3242/3242 796/3243/3243 799/3258/3258
f 799/3258/3258 796/3243/3243 794/3244/3244
f 799/3258/3258 794/3244/3244 792/3245/3245
f 792/3245/3245 790/3246/3246 799/3258/3258
f 799/3258/3258 790/3246/3246 788/3247/3247
f 799/3258/3258 788/3247/3247 786/3248/3248
f 786/3248/3248 784/3249/3249 799/3258/3258
f 799/3258/3258 784/3249/3249 782/3250/3250
f 799/3258/3258 782/3250/3250 780/3251/3251
f 780/3251/3251 778/3252/3252 799/3258/3258
f 799/3258/3258 778/3252/3252 776/3253/3253
f 799/3258/3258 776/3253/3253 774/3254/3254
f 774/3254/3254 772/3255/3255 799/3258/3258
f 799/3258/3258 772/3255/3255 770/3256/3256
f 799/3258/3258 770/3256/3256 768/3257/3257
f 768/3259/3259 580/3260/3260 799/3262/3262
f 799/3262/3262 580/3260/3260 611/3261/3261
f 971/3263/3263 851/3264/3264 970/3266/3266
f 970/3266/3266 851/3264/3264 850/3265/3265
f 939/3267/3267 941/3268/3268 970/3283/3283
f 970/3283/3283 941/3268/3268 943/3269/3269
f 970/3283/3283 943/3269/3269 945/3270/3270
f 945/3270/3270 947/3271/3271 970/3283/3283
f 970/3283/3283 947/3271/3271 949/3272/3272
f 970/3283/3283 949/3272/3272 951/3273/3273
f 951/3273/3273 953/3274/3274 970/3283/3283
f 970/3283/3283 953/3274/3274 955/3275/3275
f 970/3283/3283 955/3275/3275 957/3276/3276
f 957/3276/3276 959/3277/3277 970/3283/3283
f 970/3283/3283 959/3277/3277 961/3278/3278
f 970/3283/3283 961/3278/3278 963/3279/3279
f 963/3279/3279 965/3280/3280 970/3283/3283
f 970/3283/3283 965/3280/3280 967/3281/3281
f 970/3283/3283 967/3281/3281 971/3282/3282
f 851/3284/3284 847/3285/3285 850/3300/3300
f 850/3300/3300 847/3285/3285 845/3286/3286
f 850/3300/3300 845/3286/3286 843/3287/3287
f 843/3287/3287 841/3288/3288 850/3300/3300
f 850/3300/3300 841/3288/3288 839/3289/3289
f 850/3300/3300 839/3289/3289 837/3290/3290
f 837/3290/3290 835/3291/3291 850/3300/3300
f 850/3300/3300 835/3291/3291 833/3292/3292
f 850/3300/3300 833/3292/3292 831/3293/3293
f 831/3293/3293 829/3294/3294 850/3300/3300
f 850/3300/3300 829/3294/3294 827/3295/3295
f 850/3300/3300 827/3295/3295 825/3296/3296
f 825/3296/3296 823/3297/3297 850/3300/3300
f 850/3300/3300 823/3297/3297 821/3298/3298
f 850/3300/3300 821/3298/3298 819/3299/3299
f 819/3301/3301 939/3302/3302 850/3304/3304
f 850/3304/3304 939/3302/3302 970/3303/3303
f 851/3336/3336 971/3305/3305 847/3335/3335
f 847/3335/3335 971/3305/3305 967/3306/3306
f 847/3335/3335 967/3306/3306 845/3334/3334
f 845/3334/3334 967/3306/3306 965/3307/3307
f 845/3334/3334 965/3307/3307 843/3333/3333
f 843/3333/3333 965/3307/3307 963/3308/3308
f 843/3333/3333 963/3308/3308 841/3332/3332
f 841/3332/3332 963/3308/3308 961/3309/3309
f 841/3332/3332 961/3309/3309 959/3310/3310
f 959/3310/3310 957/3311/3311 841/3332/3332
f 841/3332/3332 957/3311/3311 955/3312/3312
f 841/3332/3332 955/3312/3312 953/3313/3313
f 953/3313/3313 951/3314/3314 841/3332/3332
f 841/3332/3332 951/3314/3314 949/3315/3315
f 841/3332/3332 949/3315/3315 947/3316/3316
f 947/3316/3316 945/3317/3317 841/3332/3332
f 841/3332/3332 945/3317/3317 943/3318/3318
f 841/3332/3332 943/3318/3318 941/3319/3319
f 941/3319/3319 939/3320/3320 841/3332/3332
f 841/3332/3332 939/3320/3320 839/3331/3331
f 839/3331/3331 939/3320/3320 837/3330/3330
f 837/3330/3330 939/3320/3320 835/3329/3329
f 835/3329/3329 939/3320/3320 833/3328/3328
f 833/3328/3328 939/3320/3320 831/3327/3327
f 831/3327/3327 939/3320/3320 829/3326/3326
f 829/3326/3326 939/3320/3320 827/3325/3325
f 827/3325/3325 939/3320/3320 825/3324/3324
f 825/3324/3324 939/3320/3320 823/3323/3323
f 823/3323/3323 939/3320/3320 821/3322/3322
f 821/3322/3322 939/3320/3320 819/3321/3321
f 613/3368/3368 801/3337/3337 609/3367/3367
f 609/3367/3367 801/3337/3337 797/3338/3338
f 609/3367/3367 797/3338/3338 607/3366/3366
f 607/3366/3366 797/3338/3338 795/3339/3339
f 607/3366/3366 795/3339/3339 605/3365/3365
f 605/3365/3365 795/3339/3339 793/3340/3340
f 605/3365/3365 793/3340/3340 603/3364/3364
f 603/3364/3364 793/3340/3340 791/3341/3341
f 603/3364/3364 791/3341/3341 789/3342/3342
f 789/3342/3342 787/3343/3343 603/3364/3364
f 603/3364/3364 787/3343/3343 785/3344/3344
f 603/3364/3364 785/3344/3344 783/3345/3345
f 783/3345/3345 781/3346/3346 603/3364/3364
f 603/3364/3364 781/3346/3346 779/3347/3347
f 603/3364/3364 779/3347/3347 777/3348/3348
f 777/3348/3348 775/3349/3349 603/3364/3364
f 603/3364/3364 775/3349/3349 773/3350/3350
f 603/3364/3364 773/3350/3350 771/3351/3351
f 771/3351/3351 769/3352/3352 603/3364/3364
f 603/3364/3364 769/3352/3352 601/3363/3363
f 601/3363/3363 769/3352/3352 599/3362/3362
f 599/3362/3362 769/3352/3352 597/3361/3361
f 597/3361/3361 769/3352/3352 595/3360/3360
f 595/3360/3360 769/3352/3352 593/3359/3359
f 593/3359/3359 769/3352/3352 591/3358/3358
f 591/3358/3358 769/3352/3352 589/3357/3357
f 589/3357/3357 769/3352/3352 587/3356/3356
f 587/3356/3356 769/3352/3352 585/3355/3355
f 585/3355/3355 769/3352/3352 583/3354/3354
f 583/3354/3354 769/3352/3352 581/3353/3353
f 581/3369/3369 769/3370/3370 612/3372/3372
f 612/3372/3372 769/3370/3370 800/3371/3371
f 613/3373/3373 609/3374/3374 612/3389/3389
f 612/3389/3389 609/3374/3374 607/3375/3375
f 612/3389/3389 607/3375/3375 605/3376/3376
f 605/3376/3376 603/3377/3377 612/3389/3389
f 612/3389/3389 603/3377/3377 601/3378/3378
f 612/3389/3389 601/3378/3378 599/3379/3379
f 599/3379/3379 597/3380/3380 612/3389/3389
f 612/3389/3389 597/3380/3380 595/3381/3381
f 612/3389/3389 595/3381/3381 593/3382/3382
f 593/3382/3382 591/3383/3383 612/3389/3389
f 612/3389/3389 591/3383/3383 589/3384/3384
f 612/3389/3389 589/3384/3384 587/3385/3385
f 587/3385/3385 585/3386/3386 612/3389/3389
f 612/3389/3389 585/3386/3386 583/3387/3387
f 612/3389/3389 583/3387/3387 581/3388/3388
f 769/3390/3390 771/3391/3391 800/3406/3406
f 800/3406/3406 771/3391/3391 773/3392/3392
f 800/3406/3406 773/3392/3392 775/3393/3393
f 775/3393/3393 777/3394/3394 800/3406/3406
f 800/3406/3406 777/3394/3394 779/3395/3395
f 800/3406/3406 779/3395/3395 781/3396/3396
f 781/3396/3396 783/3397/3397 800/3406/3406
f 800/3406/3406 783/3397/3397 785/3398/3398
f 800/3406/3406 785/3398/3398 787/3399/3399
f 787/3399/3399 789/3400/3400 800/3406/3406
f 800/3406/3406 789/3400/3400 791/3401/3401
f 800/3406/3406 791/3401/3401 793/3402/3402
f 793/3402/3402 795/3403/3403 800/3406/3406
f 800/3406/3406 795/3403/3403 797/3404/3404
f 800/3406/3406 797/3404/3404 801/3405/3405
f 801/3407/3407 613/3408/3408 800/3410/3410
f 800/3410/3410 613/3408/3408 612/3409/3409
f 553/3411/3411 337/3412/3412 552/3414/3414
f 552/3414/3414 337/3412/3412 336/3413/3413
f 521/3415/3415 523/3416/3416 552/3431/3431
f 552/3431/3431 523/3416/3416 525/3417/3417
f 552/3431/3431 525/3417/3417 527/3418/3418
f 527/3418/3418 529/3419/3419 552/3431/3431
f 552/3431/3431 529/3419/3419 531/3420/3420
f 552/3431/3431 531/3420/3420 533/3421/3421
f 533/3421/3421 535/3422/3422 552/3431/3431
f 552/3431/3431 535/3422/3422 537/3423/3423
f 552/3431/3431 537/3423/3423 539/3424/3424
f 539/3424/3424 541/3425/3425 552/3431/3431
f 552/3431/3431 541/3425/3425 543/3426/3426
f 552/3431/3431 543/3426/3426 545/3427/3427
f 545/3427/3427 547/3428/3428 552/3431/3431
f 552/3431/3431 547/3428/3428 549/3429/3429
f 552/3431/3431 549/3429/3429 553/3430/3430
f 337/3432/3432 333/3433/3433 336/3448/3448
f 336/3448/3448 333/3433/3433 331/3434/3434
f 336/3448/3448 331/3434/3434 329/3435/3435
f 329/3435/3435 327/3436/3436 336/3448/3448
f 336/3448/3448 327/3436/3436 325/3437/3437
f 336/3448/3448 325/3437/3437 323/3438/3438
f 323/3438/3438 321/3439/3439 336/3448/3448
f 336/3448/3448 321/3439/3439 319/3440/3440
f 336/3448/3448 319/3440/3440 317/3441/3441
f 317/3441/3441 315/3442/3442 336/3448/3448
f 336/3448/3448 315/3442/3442 313/3443/3443
f 336/3448/3448 313/3443/3443 311/3444/3444
f 311/3444/3444 309/3445/3445 336/3448/3448
f 336/3448/3448 309/3445/3445 307/3446/3446
f 336/3448/3448 307/3446/3446 305/3447/3447
f 305/3449/3449 521/3450/3450 336/3452/3452
f 336/3452/3452 521/3450/3450 552/3451/3451
f 337/3484/3484 553/3453/3453 333/3483/3483
f 333/3483/3483 553/3453/3453 549/3454/3454
f 333/3483/3483 549/3454/3454 331/3482/3482
f 331/3482/3482 549/3454/3454 547/3455/3455
f 331/3482/3482 547/3455/3455 329/3481/3481
f 329/3481/3481 547/3455/3455 545/3456/3456
f 329/3481/3481 545/3456/3456 327/3480/3480
f 327/3480/3480 545/3456/3456 543/3457/3457
f 327/3480/3480 543/3457/3457 541/3458/3458
f 541/3458/3458 539/3459/3459 327/3480/3480
f 327/3480/3480 539/3459/3459 537/3460/3460
f 327/3480/3480 537/3460/3460 535/3461/3461
f 535/3461/3461 533/3462/3462 327/3480/3480
f 327/3480/3480 533/3462/3462 531/3463/3463
f 327/3480/3480 531/3463/3463 529/3464/3464
f 529/3464/3464 527/3465/3465 327/3480/3480
f 327/3480/3480 527/3465/3465 525/3466/3466
f 327/3480/3480 525/3466/3466 523/3467/3467
f 523/3467/3467 521/3468/3468 327/3480/3480
f 327/3480/3480 521/3468/3468 325/3479/3479
f 325/3479/3479 521/3468/3468 323/3478/3478
f 323/3478/3478 521/3468/3468 321/3477/3477
f 321/3477/3477 521/3468/3468 319/3476/3476
f 319/3476/3476 521/3468/3468 317/3475/3475
f 317/3475/3475 521/3468/3468 315/3474/3474
f 315/3474/3474 521/3468/3468 313/3473/3473
f 313/3473/3473 521/3468/3468 311/3472/3472
f 311/3472/3472 521/3468/3468 309/3471/3471
f 309/3471/3471 521/3468/3468 307/3470/3470
f 307/3470/3470 521/3468/3468 305/3469/3469

# 1484 vertices
# 3484 texture params
# 3484 normals
# 2940 facets

# 1 groups