# WaveFront *.obj file (generated by Autodesk ATF)

mtllib City.mtl

g Solid1

v -0.889000 0.000000 0.000000
v -0.889000 0.100000 0.000000
v -0.883410 0.000000 -0.099536
v -0.883410 0.000000 0.099536
v -0.883410 0.100000 -0.099536
v -0.883410 0.100000 0.099536
v -0.866711 0.000000 -0.197821
v -0.866711 0.000000 0.197821
v -0.866711 0.100000 -0.197821
v -0.866711 0.100000 0.197821
v -0.839112 0.000000 -0.293618
v -0.839112 0.000000 0.293618
v -0.839112 0.100000 -0.293618
v -0.839112 0.100000 0.293618
v -0.800961 0.000000 -0.385723
v -0.800961 0.000000 0.385723
v -0.800961 0.100000 -0.385723
v -0.800888 0.100000 -0.289146
v -0.800888 0.100000 -0.117800
v -0.800961 0.100000 0.385723
v -0.800888 0.265000 -0.289146
v -0.800888 0.265000 -0.117800
v -0.752738 0.000000 -0.472977
v -0.752738 0.000000 0.472977
v -0.752738 0.100000 -0.472977
v -0.752738 0.100000 0.472977
v -0.750477 0.100000 -0.036847
v -0.750365 0.100000 0.023567
v -0.750365 0.100000 0.197018
v -0.750365 0.250000 0.023567
v -0.750365 0.250000 0.197018
v -0.749708 0.370000 -0.059476
v -0.749708 0.370000 -0.031787
v -0.748968 0.100000 -0.062972
v -0.742959 0.100000 -0.011782
v -0.739706 0.370000 -0.085294
v -0.739706 0.370000 -0.005968
v -0.738615 0.100000 -0.087004
v -0.735888 0.330000 -0.289146
v -0.735888 0.330000 -0.117800
v -0.727322 0.100000 0.009199
v -0.721052 0.370000 -0.105756
v -0.721052 0.370000 0.014494
v -0.720666 0.100000 -0.106046
v -0.712658 0.100000 -0.430800
v -0.712658 0.100000 -0.300711
v -0.712658 0.250000 -0.430800
v -0.712658 0.250000 -0.300711
v -0.705451 0.100000 0.023567
v -0.705451 0.250000 0.023567
v -0.697286 0.100000 -0.117800
v -0.697286 0.330000 -0.117800
v -0.696266 0.370000 -0.118098
v -0.696266 0.370000 0.026836
v -0.695048 0.000000 -0.554282
v -0.695048 0.000000 0.554282
v -0.695048 0.100000 -0.554282
v -0.695048 0.100000 0.554282
v -0.685830 0.250000 0.029021
v -0.682952 0.330000 -0.120620
v -0.668696 0.370000 -0.120653
v -0.668696 0.370000 0.029391
v -0.668343 0.330000 -0.120620
v -0.665465 0.250000 0.029021
v -0.654009 0.100000 -0.117800
v -0.654009 0.330000 -0.117800
v -0.645844 0.100000 0.023567
v -0.645844 0.250000 0.023567
v -0.642064 0.370000 -0.113076
v -0.642064 0.370000 0.021813
v -0.631073 0.100000 -0.289146
v -0.631073 0.100000 -0.117800
v -0.631073 0.330000 -0.289146
v -0.631073 0.330000 -0.117800
v -0.630629 0.100000 -0.106046
v -0.628618 0.000000 -0.628618
v -0.628618 0.000000 0.628618
v -0.628618 0.100000 -0.628618
v -0.628618 0.100000 0.628618
v -0.623973 0.100000 0.009199
v -0.619968 0.370000 -0.096390
v -0.619968 0.370000 0.005127
v -0.612680 0.100000 -0.087004
v -0.610579 0.100000 0.243959
v -0.610579 0.100000 0.521991
v -0.610579 0.385000 0.243959
v -0.610579 0.385000 0.521991
v -0.608336 0.100000 -0.011782
v -0.605392 0.370000 -0.072848
v -0.605392 0.370000 -0.018414
v -0.602327 0.100000 -0.062972
v -0.600818 0.100000 -0.036847
v -0.600304 0.370000 -0.045631
v -0.584455 0.100000 0.023567
v -0.584455 0.100000 0.197018
v -0.584455 0.250000 0.023567
v -0.584455 0.250000 0.197018
v -0.554282 0.000000 -0.695048
v -0.554282 0.000000 0.695048
v -0.554282 0.100000 -0.695048
v -0.554282 0.100000 0.695048
v -0.545579 0.450000 0.243959
v -0.545579 0.450000 0.521991
v -0.545160 0.100000 -0.576506
v -0.545160 0.100000 -0.430800
v -0.545160 0.100000 -0.300711
v -0.545160 0.100000 -0.042250
v -0.545160 0.250000 -0.430800
v -0.545160 0.250000 -0.300711
v -0.545160 0.385000 -0.576506
v -0.545160 0.385000 -0.042250
v -0.504093 0.100000 -0.015299
v -0.504093 0.100000 0.243959
v -0.504093 0.100000 0.521991
v -0.504093 0.100000 0.615009
v -0.504093 0.265000 -0.015299
v -0.504093 0.265000 0.243959
v -0.504093 0.265000 0.615009
v -0.504093 0.330000 0.521991
v -0.504093 0.330000 0.550009
v -0.480160 0.450000 -0.576506
v -0.480160 0.450000 -0.042250
v -0.472977 0.000000 -0.752738
v -0.472977 0.000000 0.752738
v -0.472977 0.100000 -0.752738
v -0.472977 0.100000 0.752738
v -0.465846 0.100000 -0.677734
v -0.465846 0.100000 -0.576506
v -0.465846 0.265000 -0.677734
v -0.465846 0.330000 -0.612734
v -0.465846 0.330000 -0.576506
v -0.456482 0.450000 -0.466197
v -0.456482 0.500000 -0.466197
v -0.451187 0.450000 -0.492814
v -0.451187 0.450000 -0.439580
v -0.451187 0.500000 -0.492814
v -0.451187 0.500000 -0.439580
v -0.439093 0.330000 -0.015299
v -0.439093 0.330000 0.243959
v -0.436110 0.450000 -0.515379
v -0.436110 0.450000 -0.417016
v -0.436110 0.500000 -0.515379
v -0.436110 0.500000 -0.417016
v -0.420256 0.500000 0.399010
v -0.418918 0.450000 0.384735
v -0.418918 0.450000 0.413611
v -0.415628 0.500000 0.425742
v -0.415623 0.504902 0.425288
v -0.415583 0.514044 0.421746
v -0.415507 0.521289 0.415142
v -0.415406 0.500000 0.371993
v -0.415408 0.525659 0.406367
v -0.415297 0.526563 0.396605
v -0.415189 0.523880 0.387176
v -0.415021 0.500000 0.372391
v -0.415042 0.509637 0.374193
v -0.415100 0.517972 0.379353
v -0.413545 0.450000 -0.530456
v -0.413545 0.450000 -0.401938
v -0.413545 0.500000 -0.530456
v -0.413545 0.500000 -0.401938
v -0.408487 0.450000 0.357808
v -0.408487 0.450000 0.440538
v -0.402185 0.500000 0.449306
v -0.402175 0.509203 0.448453
v -0.402100 0.526367 0.441804
v -0.401959 0.539970 0.429405
v -0.401771 0.548175 0.412929
v -0.401558 0.500000 0.348293
v -0.401563 0.549873 0.394601
v -0.401361 0.544836 0.376898
v -0.401194 0.533743 0.362210
v -0.401046 0.500000 0.349139
v -0.401084 0.518093 0.352521
v -0.389033 0.450000 0.336468
v -0.389033 0.450000 0.461878
v -0.386928 0.450000 -0.535751
v -0.386928 0.450000 -0.396644
v -0.386928 0.500000 -0.535751
v -0.386928 0.500000 -0.396644
v -0.385723 0.000000 -0.800961
v -0.385723 0.000000 0.800961
v -0.385723 0.100000 -0.800961
v -0.385723 0.100000 0.800961
v -0.381530 0.500000 0.466894
v -0.381517 0.512392 0.465746
v -0.381415 0.535502 0.456794
v -0.381225 0.553817 0.440098
v -0.380973 0.564865 0.417914
v -0.380692 0.567151 0.393238
v -0.380404 0.500000 0.330802
v -0.380421 0.560369 0.369402
v -0.380196 0.545433 0.349625
v -0.379996 0.500000 0.332025
v -0.380047 0.524362 0.336579
v -0.363184 0.450000 0.323597
v -0.363184 0.450000 0.474749
v -0.360312 0.450000 -0.530456
v -0.360312 0.450000 -0.401938
v -0.360312 0.500000 -0.530456
v -0.360312 0.500000 -0.401938
v -0.357225 0.100000 0.521991
v -0.357225 0.100000 0.615009
v -0.357225 0.265000 0.615009
v -0.357225 0.330000 0.521991
v -0.357225 0.330000 0.550009
v -0.356289 0.000000 -0.359763
v -0.356289 0.000000 -0.284989
v -0.356289 0.000000 -0.255741
v -0.356289 0.050000 -0.359763
v -0.356289 0.050000 -0.284989
v -0.356289 0.050000 -0.255741
v -0.356124 0.500000 0.476410
v -0.356109 0.514087 0.475105
v -0.355994 0.540359 0.464927
v -0.355778 0.561180 0.445948
v -0.355491 0.573738 0.420729
v -0.355172 0.576338 0.392677
v -0.354864 0.568628 0.365580
v -0.354524 0.500000 0.321654
v -0.354608 0.551649 0.343098
v -0.354380 0.500000 0.323090
v -0.354439 0.527695 0.328267
v -0.343780 0.000000 -0.133692
v -0.343780 0.050000 -0.133692
v -0.340104 0.000000 -0.100635
v -0.340104 0.050000 -0.100635
v -0.339658 0.370000 0.610674
v -0.339337 0.100000 0.604591
v -0.337747 0.450000 -0.515379
v -0.337747 0.450000 -0.417016
v -0.337747 0.500000 -0.515379
v -0.337747 0.500000 -0.417016
v -0.337070 0.000000 -0.166269
v -0.337070 0.050000 -0.166269
v -0.337039 0.100000 0.637436
v -0.335807 0.100000 -0.677734
v -0.335807 0.100000 -0.576506
v -0.335807 0.265000 -0.677734
v -0.335807 0.330000 -0.612734
v -0.335807 0.330000 -0.576506
v -0.334973 0.370000 0.645290
v -0.334430 0.450000 0.320932
v -0.334430 0.450000 0.477414
v -0.334048 0.000000 -0.384750
v -0.334048 0.050000 -0.384750
v -0.333244 0.370000 0.576336
v -0.331803 0.100000 0.572539
v -0.328997 0.500000 0.476718
v -0.328982 0.514087 0.475413
v -0.328866 0.540359 0.465236
v -0.328650 0.561180 0.446256
v -0.328364 0.573738 0.421037
v -0.328045 0.576338 0.392985
v -0.327736 0.568628 0.365888
v -0.327481 0.551649 0.343406
v -0.327253 0.500000 0.323399
v -0.327312 0.527695 0.328575
v -0.327077 0.500000 0.321966
v -0.326401 0.000000 -0.070328
v -0.326401 0.050000 -0.070328
v -0.325116 0.100000 0.668127
v -0.322669 0.450000 -0.492814
v -0.322669 0.450000 -0.439580
v -0.322669 0.500000 -0.492814
v -0.322669 0.500000 -0.439580
v -0.319663 0.370000 0.676688
v -0.317375 0.450000 -0.466197
v -0.317375 0.500000 -0.466197
v -0.316426 0.000000 0.038466
v -0.316426 0.000000 0.076230
v -0.316426 0.000000 0.255455
v -0.316426 0.050000 0.038466
v -0.316426 0.050000 0.076230
v -0.316426 0.050000 0.255455
v -0.316380 0.370000 0.545745
v -0.315114 0.100000 0.544157
v -0.310656 0.000000 0.356915
v -0.310656 0.050000 0.356915
v -0.306656 0.450000 0.328835
v -0.306656 0.450000 0.469511
v -0.304637 0.100000 0.693909
v -0.304011 0.000000 -0.045732
v -0.304011 0.050000 -0.045732
v -0.303898 0.000000 -0.140605
v -0.303898 0.050000 -0.140605
v -0.303580 0.000000 -0.115284
v -0.303580 0.050000 -0.115284
v -0.303382 0.500000 0.467783
v -0.303369 0.512392 0.466635
v -0.303267 0.535502 0.457683
v -0.303077 0.553817 0.440987
v -0.302824 0.564865 0.418803
v -0.302544 0.567151 0.394127
v -0.302273 0.560369 0.370290
v -0.302048 0.545433 0.350514
v -0.301847 0.500000 0.332914
v -0.301899 0.524362 0.337468
v -0.301411 0.500000 0.331700
v -0.295274 0.370000 0.701697
v -0.294857 0.000000 -0.164258
v -0.294857 0.050000 -0.164258
v -0.293947 0.000000 -0.091865
v -0.293947 0.050000 -0.091865
v -0.293618 0.000000 -0.839112
v -0.293618 0.000000 0.839112
v -0.293618 0.100000 -0.839112
v -0.293618 0.100000 0.839112
v -0.290768 0.100000 0.521991
v -0.290768 0.370000 0.521991
v -0.285321 0.100000 -0.015299
v -0.285321 0.100000 0.243959
v -0.285321 0.330000 -0.015299
v -0.285321 0.330000 0.243959
v -0.283612 0.450000 0.346237
v -0.283612 0.450000 0.452109
v -0.282332 0.500000 0.450669
v -0.282322 0.509203 0.449817
v -0.282246 0.526367 0.443168
v -0.282105 0.539970 0.430768
v -0.281918 0.548175 0.414292
v -0.281709 0.549873 0.395965
v -0.281508 0.544836 0.378262
v -0.281341 0.533743 0.363574
v -0.281192 0.500000 0.350502
v -0.281231 0.518093 0.353884
v -0.280660 0.500000 0.349668
v -0.277441 0.100000 0.712469
v -0.276357 0.000000 -0.073649
v -0.276357 0.050000 -0.073649
v -0.275120 0.000000 -0.029252
v -0.275120 0.050000 -0.029252
v -0.268411 0.450000 0.370788
v -0.268411 0.450000 0.427558
v -0.268356 0.500000 0.427417
v -0.268351 0.504902 0.426963
v -0.268311 0.514044 0.423422
v -0.268236 0.521289 0.416817
v -0.268136 0.525659 0.408042
v -0.268025 0.526563 0.398281
v -0.267749 0.500000 0.374067
v -0.267770 0.509637 0.375868
v -0.267828 0.517972 0.381029
v -0.267917 0.523880 0.388852
v -0.267749 0.500000 0.374067
v -0.267356 0.500000 0.373677
v -0.264270 0.370000 0.717789
v -0.263104 0.450000 0.399173
v -0.263121 0.500000 0.400798
v -0.253290 0.000000 -0.063202
v -0.253290 0.050000 -0.063202
v -0.245969 0.100000 0.722142
v -0.242553 0.000000 -0.022496
v -0.242553 0.050000 -0.022496
v -0.237492 0.000000 -0.284989
v -0.237492 0.000000 0.303942
v -0.237492 0.050000 -0.284989
v -0.237492 0.050000 0.303942
v -0.229782 0.370000 0.723340
v -0.227996 0.000000 -0.061998
v -0.227996 0.050000 -0.061998
v -0.226241 0.100000 -0.576506
v -0.226241 0.100000 -0.042250
v -0.226241 0.450000 -0.576506
v -0.226241 0.450000 -0.042250
v -0.224066 0.100000 -0.265342
v -0.224066 0.370000 -0.265342
v -0.220378 0.000000 0.252149
v -0.220378 0.050000 0.252149
v -0.218990 0.100000 -0.294128
v -0.218990 0.100000 -0.236556
v -0.218990 0.370000 -0.294128
v -0.218990 0.370000 -0.236556
v -0.214947 0.100000 -0.520157
v -0.214947 0.100000 -0.374819
v -0.214947 0.330000 -0.520157
v -0.214947 0.330000 -0.374819
v -0.213043 0.100000 0.722058
v -0.213043 0.100000 0.764505
v -0.213043 0.250000 0.722058
v -0.213043 0.250000 0.764505
v -0.209491 0.000000 -0.026127
v -0.209491 0.050000 -0.026127
v -0.206956 0.000000 -0.296519
v -0.206956 0.000000 0.330428
v -0.206956 0.050000 -0.296519
v -0.206956 0.050000 0.330428
v -0.204375 0.100000 -0.319443
v -0.204375 0.100000 -0.211241
v -0.204375 0.370000 -0.319443
v -0.204375 0.370000 -0.211241
v -0.204040 0.000000 -0.070205
v -0.204040 0.050000 -0.070205
v -0.197821 0.000000 -0.866711
v -0.197821 0.000000 0.866711
v -0.197821 0.100000 -0.866711
v -0.197821 0.100000 0.866711
v -0.195294 0.370000 0.717789
v -0.184799 0.000000 -0.086668
v -0.184799 0.050000 -0.086668
v -0.181983 0.100000 -0.338232
v -0.181983 0.100000 -0.192452
v -0.181983 0.370000 -0.338232
v -0.181983 0.370000 -0.192452
v -0.180578 0.250000 0.711711
v -0.179165 0.000000 -0.039787
v -0.179165 0.050000 -0.039787
v -0.177014 0.000000 -0.158647
v -0.177014 0.050000 -0.158647
v -0.175000 0.100000 -0.175000
v -0.175000 0.100000 0.175000
v -0.175000 1.200000 -0.175000
v -0.175000 1.200000 0.175000
v -0.172985 0.000000 -0.109065
v -0.172985 0.050000 -0.109065
v -0.170190 0.000000 -0.284989
v -0.170262 0.000000 -0.134241
v -0.170190 0.050000 -0.284989
v -0.170262 0.050000 -0.134241
v -0.168796 0.100000 0.521991
v -0.168796 0.370000 0.521991
v -0.164290 0.370000 0.701697
v -0.154538 0.000000 -0.062144
v -0.154538 0.050000 -0.062144
v -0.154515 0.100000 -0.348229
v -0.154515 0.100000 -0.182455
v -0.154515 0.370000 -0.348229
v -0.154515 0.370000 -0.182455
v -0.152841 0.250000 0.691918
v -0.149500 0.450000 0.243959
v -0.149500 0.450000 0.521991
v -0.144962 0.100000 0.543530
v -0.143184 0.370000 0.545745
v -0.139901 0.370000 0.676688
v -0.139515 0.100000 -0.789014
v -0.139515 0.100000 -0.594824
v -0.139515 0.185000 -0.789014
v -0.139515 0.250000 -0.724014
v -0.139515 0.250000 -0.594824
v -0.138018 0.000000 -0.091012
v -0.138018 0.050000 -0.091012
v -0.137691 0.000000 0.291567
v -0.137691 0.050000 0.291567
v -0.136513 0.000000 0.038466
v -0.136513 0.000000 0.076230
v -0.136513 0.050000 0.038466
v -0.136513 0.050000 0.076230
v -0.134802 0.000000 -0.156637
v -0.134802 0.050000 -0.156637
v -0.132500 0.100000 0.664582
v -0.132500 0.250000 0.664582
v -0.131217 0.000000 -0.123570
v -0.131217 0.050000 -0.123570
v -0.128374 0.100000 0.571041
v -0.126320 0.370000 0.576336
v -0.125285 0.100000 -0.348229
v -0.125285 0.100000 -0.182455
v -0.125285 0.370000 -0.348229
v -0.125285 0.370000 -0.182455
v -0.124591 0.370000 0.645290
v -0.121865 0.100000 0.634268
v -0.120449 0.100000 0.602174
v -0.119906 0.370000 0.610674
v -0.112280 0.000000 -0.359763
v -0.112280 0.000000 0.057348
v -0.112280 0.050000 -0.359763
v -0.112280 0.050000 0.057348
v -0.107265 0.000000 0.041913
v -0.107265 0.000000 0.072783
v -0.107265 0.050000 0.041913
v -0.107265 0.050000 0.072783
v -0.099536 0.000000 -0.883410
v -0.099536 0.000000 0.883410
v -0.099536 0.100000 -0.883410
v -0.099536 0.100000 0.883410
v -0.097817 0.100000 -0.338232
v -0.097817 0.100000 -0.192452
v -0.097817 0.370000 -0.338232
v -0.097817 0.370000 -0.192452
v -0.097147 0.100000 0.521991
v -0.097147 0.100000 0.556874
v -0.097147 0.330000 0.521991
v -0.097147 0.330000 0.556874
v -0.095610 0.000000 -0.334808
v -0.095610 0.050000 -0.334808
v -0.094135 0.000000 0.032374
v -0.094135 0.000000 0.082322
v -0.094135 0.050000 0.032374
v -0.094135 0.050000 0.082322
v -0.093373 0.000000 0.156220
v -0.093373 0.000000 0.211400
v -0.093373 0.050000 0.156220
v -0.093373 0.050000 0.211400
v -0.084500 0.100000 0.243959
v -0.084500 0.100000 0.335042
v -0.084500 0.330000 0.335042
v -0.084500 0.330000 0.521991
v -0.084500 0.385000 0.243959
v -0.084500 0.385000 0.521991
v -0.077906 0.000000 0.032374
v -0.077906 0.000000 0.082322
v -0.077906 0.050000 0.032374
v -0.077906 0.050000 0.082322
v -0.075425 0.100000 -0.319443
v -0.075425 0.100000 -0.211241
v -0.075425 0.370000 -0.319443
v -0.075425 0.370000 -0.211241
v -0.074515 0.000000 -0.291707
v -0.074515 0.000000 -0.255741
v -0.074515 0.050000 -0.291707
v -0.074515 0.050000 -0.255741
v -0.066071 0.000000 0.384022
v -0.066071 0.000000 0.411129
v -0.066071 0.050000 0.384022
v -0.066071 0.050000 0.411129
v -0.064776 0.000000 0.041913
v -0.064776 0.000000 0.072783
v -0.064776 0.050000 0.041913
v -0.064776 0.050000 0.072783
v -0.061960 0.100000 -0.520157
v -0.061960 0.100000 -0.374819
v -0.061960 0.330000 -0.520157
v -0.061960 0.330000 -0.374819
v -0.060810 0.100000 -0.294128
v -0.060810 0.100000 -0.236556
v -0.060810 0.370000 -0.294128
v -0.060810 0.370000 -0.236556
v -0.059761 0.000000 0.057348
v -0.059761 0.050000 0.057348
v -0.055734 0.100000 -0.265342
v -0.055734 0.370000 -0.265342
v -0.050000 1.325000 -0.050000
v -0.050000 1.325000 0.050000
v -0.041477 0.100000 -0.365756
v -0.041477 0.100000 -0.191362
v -0.041477 0.100000 0.664582
v -0.041477 0.100000 0.764505
v -0.041477 0.250000 -0.365756
v -0.041477 0.250000 -0.191362
v -0.041477 0.250000 0.664582
v -0.041477 0.250000 0.764505
v 0.000000 0.000000 -0.889000
v 0.000000 0.000000 0.889000
v 0.000000 0.100000 -0.889000
v 0.000000 0.100000 0.175000
v 0.000000 0.100000 0.335042
v 0.000000 0.100000 0.889000
v 0.000000 0.300000 0.175000
v 0.000000 0.300000 0.335042
v 0.022624 0.100000 -0.789014
v 0.022624 0.100000 -0.594824
v 0.022624 0.185000 -0.789014
v 0.022624 0.250000 -0.724014
v 0.022624 0.250000 -0.594824
v 0.040728 0.000000 -0.411240
v 0.040728 0.000000 -0.379765
v 0.040728 0.050000 -0.411240
v 0.040728 0.050000 -0.379765
v 0.043312 0.000000 0.429778
v 0.043312 0.050000 0.429778
v 0.050000 1.325000 -0.050000
v 0.050000 1.325000 0.050000
v 0.053125 0.000000 -0.318027
v 0.053125 0.000000 -0.290273
v 0.053125 0.000000 -0.225390
v 0.053125 0.000000 -0.177803
v 0.053125 0.000000 -0.112276
v 0.053125 0.000000 -0.061240
v 0.053125 0.050000 -0.318027
v 0.053125 0.050000 -0.290273
v 0.053125 0.050000 -0.225390
v 0.053125 0.050000 -0.177803
v 0.053125 0.050000 -0.112276
v 0.053125 0.050000 -0.061240
v 0.061844 0.000000 0.096850
v 0.061844 0.000000 0.125510
v 0.061844 0.050000 0.096850
v 0.061844 0.050000 0.125510
v 0.072197 0.000000 0.070126
v 0.072197 0.000000 0.152235
v 0.072197 0.050000 0.070126
v 0.072197 0.050000 0.152235
v 0.074199 0.100000 -0.636427
v 0.074199 0.100000 -0.486500
v 0.074199 0.330000 -0.636427
v 0.074199 0.330000 -0.486500
v 0.081475 0.000000 0.299758
v 0.081475 0.050000 0.299758
v 0.091505 0.000000 0.048946
v 0.091505 0.000000 0.173415
v 0.091505 0.050000 0.048946
v 0.091505 0.050000 0.173415
v 0.092656 0.000000 0.444261
v 0.092656 0.050000 0.444261
v 0.096111 0.366002 -0.428298
v 0.096039 0.370000 -0.428299
v 0.096301 0.100000 -0.421909
v 0.097580 0.000000 0.101094
v 0.097580 0.000000 0.121267
v 0.097580 0.050000 0.101094
v 0.097580 0.050000 0.121267
v 0.098138 0.366039 -0.449417
v 0.098166 0.366039 -0.407181
v 0.099536 0.000000 -0.883410
v 0.099536 0.000000 0.883410
v 0.099536 0.100000 -0.883410
v 0.099491 0.100000 -0.455470
v 0.099536 0.100000 0.883410
v 0.101438 0.370000 -0.462460
v 0.101438 0.370000 -0.394280
v 0.101438 0.404090 -0.428316
v 0.103394 0.100000 -0.388952
v 0.104348 0.366155 -0.470192
v 0.104403 0.366155 -0.386414
v 0.106573 0.404090 -0.460792
v 0.106573 0.404090 -0.395948
v 0.106955 0.000000 0.083232
v 0.106955 0.000000 0.139129
v 0.106955 0.050000 0.083232
v 0.106955 0.050000 0.139129
v 0.111235 0.100000 -0.365756
v 0.111235 0.100000 -0.191362
v 0.111235 0.250000 -0.365756
v 0.111235 0.250000 -0.191362
v 0.112669 0.100000 -0.486500
v 0.112669 0.330000 -0.486500
v 0.114562 0.366352 -0.489443
v 0.114716 0.000000 0.369104
v 0.114716 0.050000 0.369104
v 0.114642 0.366352 -0.367177
v 0.117160 0.000000 0.036171
v 0.117160 0.000000 0.186190
v 0.117160 0.050000 0.036171
v 0.117160 0.050000 0.186190
v 0.117108 0.370000 -0.493213
v 0.117108 0.370000 -0.363527
v 0.117108 0.434843 -0.428336
v 0.120109 0.100000 -0.359676
v 0.121476 0.404090 -0.490040
v 0.121476 0.404090 -0.366700
v 0.121476 0.434843 -0.455950
v 0.121476 0.434843 -0.400791
v 0.123557 0.000000 0.071772
v 0.123557 0.000000 0.150589
v 0.123557 0.050000 0.071772
v 0.123557 0.050000 0.150589
v 0.127472 0.000000 -0.177803
v 0.127472 0.000000 -0.112276
v 0.127472 0.050000 -0.177803
v 0.127472 0.050000 -0.112276
v 0.128234 0.366635 -0.506185
v 0.128336 0.366635 -0.350453
v 0.130715 0.330000 -0.508604
v 0.134153 0.434843 -0.480829
v 0.134153 0.434843 -0.375911
v 0.140740 0.000000 -0.379765
v 0.140740 0.000000 -0.318027
v 0.140740 0.050000 -0.379765
v 0.140740 0.050000 -0.318027
v 0.141513 0.370000 -0.517619
v 0.141513 0.370000 -0.339121
v 0.141513 0.459249 -0.428353
v 0.143583 0.000000 0.069341
v 0.143583 0.000000 0.153020
v 0.143583 0.050000 0.069341
v 0.143583 0.050000 0.153020
v 0.144524 0.367007 -0.519677
v 0.144644 0.367007 -0.336982
v 0.144687 0.404090 -0.513251
v 0.144687 0.404090 -0.343489
v 0.144687 0.459249 -0.448408
v 0.144687 0.459249 -0.408332
v 0.144885 0.100000 -0.336815
v 0.145698 0.000000 0.033527
v 0.145698 0.000000 0.188834
v 0.145698 0.050000 0.033527
v 0.145698 0.050000 0.188834
v 0.153827 0.330000 -0.525340
v 0.153897 0.434843 -0.500574
v 0.153897 0.434843 -0.356166
v 0.153897 0.459249 -0.466484
v 0.153897 0.459249 -0.390256
v 0.162445 0.000000 0.076494
v 0.162445 0.000000 0.145867
v 0.162445 0.050000 0.076494
v 0.162445 0.050000 0.145867
v 0.164181 0.367529 -0.530277
v 0.164315 0.367529 -0.326408
v 0.168243 0.459249 -0.480829
v 0.168243 0.459249 -0.375911
v 0.172267 0.370000 -0.533289
v 0.172267 0.370000 -0.323451
v 0.172267 0.474919 -0.428366
v 0.173264 0.000000 0.041370
v 0.173264 0.000000 0.180991
v 0.173264 0.050000 0.041370
v 0.173264 0.050000 0.180991
v 0.173935 0.404090 -0.528154
v 0.173935 0.404090 -0.328586
v 0.173935 0.474919 -0.438904
v 0.173935 0.474919 -0.417836
v 0.175000 0.100000 -0.202700
v 0.175000 0.100000 -0.175000
v 0.175000 0.300000 0.071086
v 0.175000 0.300000 0.175000
v 0.175000 0.785000 0.071086
v 0.175000 0.850000 -0.069369
v 0.175000 0.850000 0.006086
v 0.175000 0.985000 -0.202700
v 0.175000 0.985000 -0.069369
v 0.175000 1.012700 -0.175000
v 0.175000 1.050000 -0.137700
v 0.175000 1.050000 -0.134369
v 0.175000 1.200000 -0.175000
v 0.175000 1.200000 0.175000
v 0.175408 0.100000 -0.322503
v 0.175822 0.000000 0.091594
v 0.175822 0.000000 0.130767
v 0.175822 0.050000 0.091594
v 0.175822 0.050000 0.130767
v 0.178777 0.434843 -0.513251
v 0.178777 0.434843 -0.343489
v 0.178777 0.474919 -0.448408
v 0.178777 0.474919 -0.408332
v 0.180459 0.330000 -0.535588
v 0.180649 0.000000 0.111180
v 0.180649 0.050000 0.111180
v 0.181235 0.000000 -0.411240
v 0.181235 0.000000 -0.290273
v 0.181235 0.000000 -0.225390
v 0.181235 0.000000 -0.112276
v 0.181235 0.050000 -0.411240
v 0.181235 0.050000 -0.290273
v 0.181235 0.050000 -0.225390
v 0.181235 0.050000 -0.112276
v 0.185166 0.368250 -0.536619
v 0.185308 0.368250 -0.320093
v 0.186319 0.459249 -0.490040
v 0.186319 0.459249 -0.366700
v 0.186319 0.474919 -0.455950
v 0.186319 0.474919 -0.400791
v 0.188939 0.100000 0.344149
v 0.188939 0.100000 0.556874
v 0.188939 0.300000 0.335042
v 0.188939 0.300000 0.344149
v 0.188939 0.330000 0.335042
v 0.188939 0.330000 0.556874
v 0.195822 0.474919 -0.460792
v 0.195822 0.474919 -0.395948
v 0.196135 0.000000 0.058641
v 0.196135 0.000000 0.163720
v 0.196135 0.050000 0.058641
v 0.196135 0.050000 0.163720
v 0.196309 0.368797 -0.538222
v 0.196454 0.368797 -0.318505
v 0.197821 0.000000 -0.866711
v 0.197821 0.000000 0.866711
v 0.197821 0.100000 -0.866711
v 0.197821 0.100000 0.866711
v 0.201733 0.369186 -0.538587
v 0.201878 0.369186 -0.318147
v 0.204509 0.369493 -0.538671
v 0.204654 0.369493 -0.318066
v 0.205683 0.369705 -0.538686
v 0.205828 0.369705 -0.318054
v 0.206076 0.369826 -0.538688
v 0.206221 0.369826 -0.318052
v 0.206284 0.370000 -0.538688
v 0.206302 0.404090 -0.533289
v 0.206322 0.434843 -0.517619
v 0.206406 0.369942 -0.318052
v 0.206357 0.404090 -0.323451
v 0.206357 0.434843 -0.339121
v 0.206340 0.459249 -0.493213
v 0.206357 0.459249 -0.363527
v 0.206352 0.474919 -0.462460
v 0.206357 0.474919 -0.394280
v 0.206357 0.480318 -0.428370
v 0.208828 0.100000 -0.636427
v 0.208828 0.100000 -0.538662
v 0.208828 0.100000 -0.318078
v 0.208828 0.100000 -0.203473
v 0.208828 0.330000 -0.636427
v 0.208828 0.330000 -0.538662
v 0.208828 0.330000 -0.318078
v 0.208828 0.330000 -0.203473
v 0.211223 0.000000 0.083008
v 0.211223 0.000000 0.139353
v 0.211223 0.050000 0.083008
v 0.211223 0.050000 0.139353
v 0.216489 0.000000 0.111180
v 0.216489 0.050000 0.111180
v 0.216887 0.474919 -0.460793
v 0.216895 0.474919 -0.395950
v 0.223204 0.330000 -0.319335
v 0.226378 0.459249 -0.490045
v 0.226411 0.459249 -0.366706
v 0.226391 0.474919 -0.455952
v 0.226398 0.474919 -0.400793
v 0.228782 0.100000 -0.536400
v 0.233903 0.434843 -0.513262
v 0.233970 0.434843 -0.343500
v 0.233934 0.474919 -0.448411
v 0.233939 0.474919 -0.408336
v 0.237294 0.330000 -0.322458
v 0.238726 0.404090 -0.528171
v 0.238831 0.404090 -0.328603
v 0.238777 0.474919 -0.438909
v 0.238780 0.474919 -0.417840
v 0.240378 0.370000 -0.533311
v 0.240516 0.370000 -0.323474
v 0.240447 0.474919 -0.428374
v 0.241860 0.000000 0.229553
v 0.241860 0.000000 0.299758
v 0.241860 0.000000 0.360249
v 0.241860 0.000000 0.448800
v 0.241860 0.050000 0.229553
v 0.241860 0.050000 0.299758
v 0.241860 0.050000 0.360249
v 0.241860 0.050000 0.448800
v 0.243209 0.100000 0.500557
v 0.243209 0.100000 0.664582
v 0.243209 0.185000 0.664582
v 0.243209 0.250000 0.500557
v 0.243209 0.250000 0.599582
v 0.244457 0.459249 -0.480839
v 0.244484 0.459249 -0.375921
v 0.247996 0.100000 -0.530557
v 0.250855 0.100000 -0.327393
v 0.250855 0.330000 -0.327393
v 0.250940 0.850000 -0.069369
v 0.250940 0.850000 0.006086
v 0.258788 0.434843 -0.500595
v 0.258845 0.434843 -0.356187
v 0.258806 0.459249 -0.466498
v 0.258826 0.459249 -0.390270
v 0.265833 0.100000 -0.540149
v 0.265833 0.100000 -0.521329
v 0.265833 0.250000 -0.540149
v 0.265833 0.250000 -0.521329
v 0.265846 1.050000 -0.137700
v 0.265846 1.050000 -0.134369
v 0.267982 0.404090 -0.513283
v 0.268071 0.404090 -0.343521
v 0.268021 0.459249 -0.448424
v 0.268032 0.459249 -0.408349
v 0.271141 0.370000 -0.517662
v 0.271296 0.370000 -0.339138
v 0.271200 0.459249 -0.428387
v 0.276771 0.100000 -0.343387
v 0.278540 0.434843 -0.480858
v 0.278582 0.434843 -0.375939
v 0.288145 0.250000 -0.502482
v 0.291205 0.404090 -0.490084
v 0.291270 0.404090 -0.366745
v 0.291227 0.434843 -0.455983
v 0.291249 0.434843 -0.400824
v 0.293618 0.000000 -0.839112
v 0.293618 0.000000 0.839112
v 0.293618 0.100000 -0.839112
v 0.293618 0.100000 0.839112
v 0.295619 0.370000 -0.493295
v 0.295649 0.370000 -0.363585
v 0.295606 0.434843 -0.428405
v 0.297327 0.100000 -0.365858
v 0.302074 0.000000 0.229553
v 0.302074 0.000000 0.448800
v 0.302074 0.050000 0.229553
v 0.302074 0.050000 0.448800
v 0.304730 0.250000 -0.478440
v 0.306123 0.404090 -0.460844
v 0.306157 0.404090 -0.396001
v 0.310955 0.100000 -0.393093
v 0.310955 0.250000 -0.393093
v 0.311253 0.370000 -0.462529
v 0.311366 0.370000 -0.394335
v 0.311275 0.404090 -0.428425
v 0.314424 0.250000 -0.450889
v 0.315940 0.100000 0.344149
v 0.315940 0.100000 0.385701
v 0.315940 0.300000 0.071086
v 0.315940 0.300000 0.344149
v 0.315940 0.450000 -0.069369
v 0.315940 0.450000 0.071086
v 0.315940 0.450000 0.385701
v 0.315940 0.785000 -0.069369
v 0.315940 0.785000 0.071086
v 0.316549 0.250000 -0.421759
v 0.316675 0.370000 -0.428443
v 0.330846 0.100000 -0.202700
v 0.330846 0.100000 -0.069369
v 0.330846 0.450000 -0.069369
v 0.330846 0.985000 -0.202700
v 0.330846 0.985000 -0.069369
v 0.344014 0.000000 -0.112276
v 0.344014 0.000000 -0.061240
v 0.344014 0.050000 -0.112276
v 0.344014 0.050000 -0.061240
v 0.355870 0.100000 0.500557
v 0.355870 0.250000 0.500557
v 0.355977 0.305000 0.497484
v 0.356721 0.250000 0.518166
v 0.359646 0.305000 0.533966
v 0.360038 0.250000 0.535480
v 0.362290 0.100000 0.463685
v 0.363041 0.305000 0.461504
v 0.365756 0.100000 0.552157
v 0.365756 0.100000 0.664582
v 0.365756 0.185000 0.664582
v 0.365756 0.250000 0.552157
v 0.365756 0.250000 0.599582
v 0.373733 0.305000 0.567819
v 0.379328 0.100000 0.430361
v 0.380232 0.305000 0.429117
v 0.383981 0.100000 0.582398
v 0.385723 0.000000 -0.800961
v 0.385723 0.000000 0.800961
v 0.385723 0.100000 -0.800961
v 0.385723 0.100000 0.800961
v 0.386203 0.450000 -0.012103
v 0.386203 0.450000 0.320626
v 0.386203 0.485000 -0.012103
v 0.386203 0.485000 0.320626
v 0.386203 0.550000 0.052897
v 0.386203 0.550000 0.255626
v 0.397029 0.305000 0.596133
v 0.405459 0.100000 0.403567
v 0.406074 0.305000 0.403105
v 0.409118 0.100000 -0.540149
v 0.409118 0.100000 -0.393093
v 0.409118 0.250000 -0.540149
v 0.409118 0.250000 -0.393093
v 0.409930 0.100000 0.606343
v 0.419098 0.367560 0.494016
v 0.419098 0.367560 0.512664
v 0.422153 0.370000 0.490840
v 0.422153 0.370000 0.515839
v 0.424594 0.367560 0.476196
v 0.424594 0.367560 0.530483
v 0.427533 0.305000 0.616479
v 0.432321 0.370000 0.468003
v 0.432321 0.370000 0.538677
v 0.435099 0.367560 0.460789
v 0.435099 0.367560 0.545891
v 0.438347 0.100000 0.385701
v 0.438347 0.305000 0.385701
v 0.441535 0.100000 0.622086
v 0.449679 0.367560 0.449162
v 0.449679 0.367560 0.557518
v 0.450899 0.370000 0.451275
v 0.450899 0.370000 0.555405
v 0.460149 0.310653 0.385701
v 0.462625 0.305000 0.627109
v 0.467038 0.367560 0.442349
v 0.467038 0.367560 0.564331
v 0.472977 0.000000 -0.752738
v 0.472977 0.000000 0.752738
v 0.472977 0.100000 -0.752738
v 0.472977 0.100000 0.752738
v 0.474674 0.370000 0.443550
v 0.474674 0.370000 0.563130
v 0.476280 0.100000 0.628371
v 0.480958 0.312480 0.385701
v 0.485634 0.367560 0.440955
v 0.485634 0.367560 0.565724
v 0.485735 0.100000 -0.327393
v 0.485735 0.100000 -0.203473
v 0.485735 0.330000 -0.327393
v 0.485735 0.330000 -0.203473
v 0.486639 0.100000 -0.155402
v 0.486639 0.370000 -0.155402
v 0.488033 0.100000 -0.123546
v 0.488033 0.370000 -0.123546
v 0.495539 0.100000 -0.186021
v 0.495539 0.370000 -0.186021
v 0.499292 0.305000 0.627109
v 0.499573 0.100000 -0.093821
v 0.499573 0.370000 -0.093821
v 0.499536 0.370000 0.446163
v 0.499536 0.370000 0.560517
v 0.501768 0.310653 0.385701
v 0.503814 0.367560 0.445105
v 0.503814 0.367560 0.561575
v 0.511397 0.100000 0.624700
v 0.513790 0.100000 -0.212167
v 0.513790 0.370000 -0.212167
v 0.520039 0.100000 -0.069369
v 0.519964 0.367560 0.454429
v 0.519964 0.367560 0.552251
v 0.520039 0.370000 -0.069369
v 0.521186 0.370000 0.458663
v 0.521186 0.370000 0.548017
v 0.523570 0.100000 0.385701
v 0.523570 0.305000 0.385701
v 0.532648 0.367560 0.468099
v 0.532648 0.367560 0.538581
v 0.534384 0.305000 0.616479
v 0.535225 0.450000 -0.012103
v 0.535225 0.450000 0.320626
v 0.535225 0.485000 -0.012103
v 0.535225 0.485000 0.320626
v 0.535225 0.550000 0.052897
v 0.535225 0.550000 0.255626
v 0.535880 0.370000 0.478887
v 0.535880 0.370000 0.527793
v 0.537098 0.100000 -0.486322
v 0.537098 0.100000 -0.312555
v 0.537098 0.735000 -0.486322
v 0.537098 0.735000 -0.312555
v 0.539465 0.100000 -0.231076
v 0.539465 0.370000 -0.231076
v 0.540739 0.367560 0.484900
v 0.540739 0.367560 0.521780
v 0.541078 0.370000 0.503340
v 0.543518 0.367560 0.503340
v 0.544091 0.100000 0.611363
v 0.554282 0.000000 -0.695048
v 0.554282 0.000000 0.695048
v 0.554282 0.100000 -0.695048
v 0.554282 0.100000 0.695048
v 0.554740 0.100000 0.402290
v 0.555843 0.305000 0.403105
v 0.564888 0.305000 0.596133
v 0.569849 0.100000 -0.240749
v 0.569849 0.370000 -0.240749
v 0.571756 0.100000 0.589424
v 0.580033 0.100000 0.426926
v 0.581685 0.305000 0.429117
v 0.584455 0.100000 0.385701
v 0.584455 0.100000 0.432685
v 0.584455 0.250000 0.385701
v 0.584455 0.250000 0.432685
v 0.586047 0.100000 -0.045652
v 0.586047 0.100000 0.000000
v 0.586047 0.100000 0.194294
v 0.586047 0.100000 0.304482
v 0.586047 0.250000 0.304482
v 0.586047 0.250000 0.385701
v 0.586047 0.330000 0.000000
v 0.586047 0.330000 0.194294
v 0.586047 0.370000 -0.069369
v 0.586047 0.370000 -0.045652
v 0.586047 0.450000 -0.069369
v 0.586047 0.450000 0.385701
v 0.588184 0.305000 0.567819
v 0.592191 0.100000 0.560629
v 0.597436 0.100000 0.457648
v 0.598876 0.305000 0.461504
v 0.601730 0.100000 -0.240164
v 0.601730 0.370000 -0.240164
v 0.602098 0.800000 -0.421322
v 0.602098 0.800000 -0.377555
v 0.602271 0.305000 0.533966
v 0.603767 0.100000 0.527272
v 0.605563 0.100000 0.492009
v 0.605940 0.305000 0.497484
v 0.617395 0.100000 -0.051487
v 0.617395 0.370000 -0.051487
v 0.628618 0.000000 -0.628618
v 0.628618 0.000000 0.628618
v 0.628618 0.100000 -0.628618
v 0.628618 0.100000 0.628618
v 0.631738 0.100000 -0.229382
v 0.631738 0.370000 -0.229382
v 0.645214 0.100000 -0.067071
v 0.645214 0.370000 -0.067071
v 0.648686 0.330000 0.000000
v 0.648686 0.330000 0.194294
v 0.650378 0.800000 -0.421322
v 0.650378 0.800000 -0.377555
v 0.656701 0.100000 -0.209543
v 0.656701 0.370000 -0.209543
v 0.666564 0.100000 -0.090755
v 0.666564 0.370000 -0.090755
v 0.673980 0.100000 -0.182744
v 0.673980 0.370000 -0.182744
v 0.674951 0.100000 0.304482
v 0.674951 0.100000 0.432685
v 0.674951 0.250000 0.304482
v 0.674951 0.250000 0.432685
v 0.679187 0.100000 -0.120036
v 0.679187 0.370000 -0.120036
v 0.681749 0.100000 -0.151819
v 0.681749 0.370000 -0.151819
v 0.695048 0.000000 -0.554282
v 0.695048 0.000000 0.554282
v 0.695048 0.100000 -0.554282
v 0.695048 0.100000 0.554282
v 0.713686 0.100000 0.000000
v 0.713686 0.100000 0.194294
v 0.713686 0.265000 0.000000
v 0.713686 0.265000 0.194294
v 0.715378 0.100000 -0.486322
v 0.715378 0.100000 -0.312555
v 0.715378 0.735000 -0.486322
v 0.715378 0.735000 -0.312555
v 0.720199 0.100000 -0.163082
v 0.720199 0.100000 -0.057503
v 0.720199 0.250000 -0.163082
v 0.720199 0.250000 -0.057503
v 0.734383 0.250000 -0.163082
v 0.734383 0.250000 -0.057503
v 0.752738 0.000000 -0.472977
v 0.752738 0.000000 0.472977
v 0.752738 0.100000 -0.472977
v 0.752738 0.100000 0.472977
v 0.799383 0.100000 -0.163082
v 0.799383 0.100000 -0.057503
v 0.799383 0.185000 -0.163082
v 0.799383 0.185000 -0.057503
v 0.800961 0.000000 -0.385723
v 0.800961 0.000000 0.385723
v 0.800961 0.100000 -0.385723
v 0.800961 0.100000 0.385723
v 0.839112 0.000000 -0.293618
v 0.839112 0.000000 0.293618
v 0.839112 0.100000 -0.293618
v 0.839112 0.100000 0.293618
v 0.866711 0.000000 -0.197821
v 0.866711 0.000000 0.197821
v 0.866711 0.100000 -0.197821
v 0.866711 0.100000 0.197821
v 0.883410 0.000000 -0.099536
v 0.883410 0.000000 0.099536
v 0.883410 0.100000 -0.099536
v 0.883410 0.100000 0.099536
v 0.889000 0.000000 0.000000
v 0.889000 0.100000 0.000000
vt -0.122695 0.000000 0.000000
vt -0.095430 0.000000 0.000000
vt -0.068164 0.000000 0.000000
vt -0.040898 0.000000 0.000000
vt -0.013633 0.000000 0.000000
vt 0.013633 0.000000 0.000000
vt 0.040898 0.000000 0.000000
vt 0.068164 0.000000 0.000000
vt 0.095430 0.000000 0.000000
vt 0.122695 0.244556 0.000000
vt 0.095430 0.244556 0.000000
vt 0.068164 0.244556 0.000000
vt 0.040898 0.244556 0.000000
vt 0.013633 0.244556 0.000000
vt -0.013633 0.244556 0.000000
vt -0.040898 0.244556 0.000000
vt -0.068164 0.244556 0.000000
vt -0.095430 0.244556 0.000000
vt 0.122695 0.000000 0.000000
vt 0.122695 0.122278 0.000000
vt -0.122695 0.244556 0.000000
vt -0.122695 0.122278 0.000000
vt 0.122695 0.014386 0.000000
vt 0.122695 0.043157 0.000000
vt 0.122695 0.071928 0.000000
vt 0.122695 0.100699 0.000000
vt 0.122695 0.129471 0.000000
vt 0.122695 0.158242 0.000000
vt 0.122695 0.187013 0.000000
vt 0.122695 0.215785 0.000000
vt -0.122695 0.215785 0.000000
vt -0.122695 0.187013 0.000000
vt -0.122695 0.158242 0.000000
vt -0.122695 0.129471 0.000000
vt -0.122695 0.100699 0.000000
vt -0.122695 0.071928 0.000000
vt -0.122695 0.043157 0.000000
vt -0.122695 0.014386 0.000000
vt 0.095430 0.014386 0.000000
vt 0.068164 0.014386 0.000000
vt 0.040898 0.014386 0.000000
vt 0.013633 0.014386 0.000000
vt -0.013633 0.014386 0.000000
vt -0.040898 0.014386 0.000000
vt -0.068164 0.014386 0.000000
vt -0.095430 0.014386 0.000000
vt -0.095430 0.215785 0.000000
vt -0.068164 0.215785 0.000000
vt -0.040898 0.215785 0.000000
vt -0.013633 0.215785 0.000000
vt 0.013633 0.215785 0.000000
vt 0.040898 0.215785 0.000000
vt 0.068164 0.215785 0.000000
vt 0.095430 0.215785 0.000000
vt 0.095430 0.129471 0.000000
vt 0.068164 0.129471 0.000000
vt 0.040898 0.129471 0.000000
vt 0.013633 0.129471 0.000000
vt -0.013633 0.129471 0.000000
vt -0.040898 0.129471 0.000000
vt -0.068164 0.129471 0.000000
vt -0.095430 0.129471 0.000000
vt -0.095430 0.100699 0.000000
vt -0.068164 0.100699 0.000000
vt -0.040898 0.100699 0.000000
vt -0.013633 0.100699 0.000000
vt 0.013633 0.100699 0.000000
vt 0.040898 0.100699 0.000000
vt 0.068164 0.100699 0.000000
vt 0.095430 0.100699 0.000000
vt 0.095430 0.043157 0.000000
vt 0.068164 0.043157 0.000000
vt 0.040898 0.043157 0.000000
vt 0.013633 0.043157 0.000000
vt -0.013633 0.043157 0.000000
vt -0.040898 0.043157 0.000000
vt -0.068164 0.043157 0.000000
vt -0.095430 0.043157 0.000000
vt 0.095430 0.071928 0.000000
vt 0.068164 0.071928 0.000000
vt 0.040898 0.071928 0.000000
vt 0.013633 0.071928 0.000000
vt -0.013633 0.071928 0.000000
vt -0.040898 0.071928 0.000000
vt -0.068164 0.071928 0.000000
vt -0.095430 0.071928 0.000000
vt 0.095430 0.158242 0.000000
vt 0.068164 0.158242 0.000000
vt 0.040898 0.158242 0.000000
vt 0.013633 0.158242 0.000000
vt -0.013633 0.158242 0.000000
vt -0.040898 0.158242 0.000000
vt -0.068164 0.158242 0.000000
vt -0.095430 0.158242 0.000000
vt 0.095430 0.187013 0.000000
vt 0.068164 0.187013 0.000000
vt 0.040898 0.187013 0.000000
vt 0.013633 0.187013 0.000000
vt -0.013633 0.187013 0.000000
vt -0.040898 0.187013 0.000000
vt -0.068164 0.187013 0.000000
vt -0.095430 0.187013 0.000000
vt 0.400692 -0.045962 0.000000
vt 0.400692 0.045962 0.000000
vt -0.133564 0.045962 0.000000
vt -0.133564 -0.045962 0.000000
vt 0.534257 0.285000 0.000000
vt 0.000000 0.285000 0.000000
vt 0.000000 0.000000 0.000000
vt 0.145707 0.000000 0.000000
vt 0.145707 0.150000 0.000000
vt 0.275795 0.150000 0.000000
vt 0.275795 0.000000 0.000000
vt 0.534257 0.000000 0.000000
vt 0.318918 0.285000 0.000000
vt 0.253918 0.350000 0.000000
vt 0.000000 0.350000 0.000000
vt 0.000000 0.000000 0.000000
vt 0.109566 0.000000 0.000000
vt 0.109566 0.230000 0.000000
vt 0.239605 0.230000 0.000000
vt 0.239605 0.000000 0.000000
vt 0.318918 0.000000 0.000000
vt -0.067697 0.045962 0.000000
vt -0.067697 -0.045962 0.000000
vt 0.191561 -0.045962 0.000000
vt 0.191561 0.045962 0.000000
vt -0.135394 -0.044386 0.000000
vt 0.123864 -0.044386 0.000000
vt 0.123864 0.109386 0.000000
vt -0.135394 0.109386 0.000000
vt 0.091910 -0.045962 0.000000
vt 0.091910 0.045962 0.000000
vt -0.030637 0.045962 0.000000
vt -0.030637 -0.045962 0.000000
vt 0.164024 0.085000 0.000000
vt 0.099024 0.150000 0.000000
vt 0.000000 0.150000 0.000000
vt 0.000000 0.000000 0.000000
vt 0.164024 0.000000 0.000000
vt 0.017012 -0.061273 0.000000
vt 0.017012 0.061273 0.000000
vt -0.030413 0.061273 0.000000
vt -0.047089 0.055556 0.000000
vt -0.064403 0.052239 0.000000
vt -0.082012 0.051388 0.000000
vt -0.082012 -0.061273 0.000000
vt 0.110151 -0.045962 0.000000
vt 0.110151 0.045962 0.000000
vt -0.036717 0.045962 0.000000
vt -0.036717 -0.045962 0.000000
vt 0.146868 0.165000 0.000000
vt 0.000000 0.165000 0.000000
vt 0.000000 0.000000 0.000000
vt 0.146868 0.000000 0.000000
vt 0.104031 0.165000 0.000000
vt 0.039031 0.230000 0.000000
vt 0.011013 0.230000 0.000000
vt 0.011013 0.000000 0.000000
vt 0.104031 0.000000 0.000000
vt 0.208524 -0.045962 0.000000
vt 0.208524 0.045962 0.000000
vt -0.069508 0.045962 0.000000
vt -0.069508 -0.045962 0.000000
vt 0.526079 0.285000 0.000000
vt 0.461079 0.350000 0.000000
vt 0.065000 0.350000 0.000000
vt 0.000000 0.285000 0.000000
vt 0.000000 0.000000 0.000000
vt 0.200822 0.000000 0.000000
vt 0.200822 0.230000 0.000000
vt 0.354593 0.230000 0.000000
vt 0.419593 0.165000 0.000000
vt 0.419593 0.000000 0.000000
vt 0.526079 0.000000 0.000000
vt 0.016198 0.084435 0.000000
vt 0.044583 0.079129 0.000000
vt 0.069134 0.063927 0.000000
vt 0.086536 0.040883 0.000000
vt 0.094439 0.013109 0.000000
vt 0.091774 -0.015644 0.000000
vt 0.078903 -0.041493 0.000000
vt 0.057563 -0.060947 0.000000
vt 0.030636 -0.071379 0.000000
vt 0.001760 -0.071379 0.000000
vt -0.025167 -0.060947 0.000000
vt -0.046507 -0.041493 0.000000
vt -0.059378 -0.015644 0.000000
vt -0.062042 0.013109 0.000000
vt -0.054140 0.040883 0.000000
vt -0.036738 0.063927 0.000000
vt -0.012187 0.079129 0.000000
vt -0.139016 -0.198040 0.000000
vt 0.139016 -0.198040 0.000000
vt 0.139016 0.198040 0.000000
vt -0.139016 0.198040 0.000000
vt 0.208524 -0.045962 0.000000
vt 0.208524 0.045962 0.000000
vt -0.069508 0.045962 0.000000
vt -0.069508 -0.045962 0.000000
vt 0.045962 -0.177673 0.000000
vt 0.037967 -0.161702 0.000000
vt 0.035384 -0.145486 0.000000
vt 0.037967 -0.129270 0.000000
vt 0.045962 -0.113298 0.000000
vt 0.045962 -0.086058 0.000000
vt 0.045962 -0.058818 0.000000
vt 0.045962 -0.031577 0.000000
vt 0.045962 -0.004337 0.000000
vt 0.045962 0.022904 0.000000
vt 0.045962 0.050144 0.000000
vt 0.045962 0.077385 0.000000
vt 0.045962 0.104625 0.000000
vt 0.045962 0.131866 0.000000
vt 0.045962 0.159106 0.000000
vt 0.045962 0.186346 0.000000
vt 0.045962 0.213587 0.000000
vt 0.045962 0.240827 0.000000
vt 0.045962 -0.313875 0.000000
vt 0.045962 -0.286635 0.000000
vt 0.045962 -0.259394 0.000000
vt 0.045962 -0.232154 0.000000
vt 0.045962 -0.204913 0.000000
vt -0.045962 0.290971 0.000000
vt -0.045962 0.252175 0.000000
vt -0.045962 0.213379 0.000000
vt -0.045962 0.174583 0.000000
vt -0.045962 0.135787 0.000000
vt -0.045962 0.096990 0.000000
vt -0.045962 0.058194 0.000000
vt -0.045962 0.019398 0.000000
vt -0.045962 -0.019398 0.000000
vt -0.045962 -0.058194 0.000000
vt -0.045962 -0.096990 0.000000
vt -0.045962 -0.135787 0.000000
vt -0.045962 -0.174583 0.000000
vt -0.045962 -0.213379 0.000000
vt -0.045962 -0.252175 0.000000
vt -0.042511 0.290971 0.000000
vt -0.042511 -0.180125 0.000000
vt -0.042511 0.013856 0.000000
vt -0.042511 0.207837 0.000000
vt -0.042511 -0.096990 0.000000
vt -0.042511 -0.124702 0.000000
vt -0.042511 -0.069279 0.000000
vt -0.042511 -0.013856 0.000000
vt -0.042511 0.096990 0.000000
vt -0.042511 0.069279 0.000000
vt -0.042511 0.124702 0.000000
vt -0.042511 0.180125 0.000000
vt -0.042511 0.263260 0.000000
vt -0.042511 -0.263260 0.000000
vt -0.042511 -0.207837 0.000000
vt -0.042511 -0.152414 0.000000
vt -0.042511 -0.041567 0.000000
vt -0.042511 0.041567 0.000000
vt -0.042511 0.152414 0.000000
vt -0.042511 0.235548 0.000000
vt -0.042511 -0.235548 0.000000
vt 0.045962 0.268068 0.000000
vt 0.045962 0.268068 0.000000
vt 0.045962 0.268068 0.000000
vt -0.042511 0.318683 0.000000
vt -0.045962 -0.290971 0.000000
vt -0.042511 -0.290971 0.000000
vt -0.042511 -0.290971 0.000000
vt 0.000000 0.060119 0.000000
vt -0.024453 0.054922 0.000000
vt -0.044677 0.040228 0.000000
vt -0.057177 0.018578 0.000000
vt -0.059790 -0.006284 0.000000
vt -0.052065 -0.030060 0.000000
vt -0.035337 -0.048637 0.000000
vt -0.012499 -0.058805 0.000000
vt 0.012499 -0.058805 0.000000
vt 0.035337 -0.048637 0.000000
vt 0.052065 -0.030060 0.000000
vt 0.059790 -0.006284 0.000000
vt 0.057177 0.018578 0.000000
vt 0.044677 0.040228 0.000000
vt 0.024453 0.054922 0.000000
vt -0.035543 -0.045962 0.000000
vt 0.104913 -0.045962 0.000000
vt 0.104913 0.045962 0.000000
vt 0.029457 0.045962 0.000000
vt 0.040705 0.045962 0.000000
vt -0.035235 0.045962 0.000000
vt -0.035235 -0.045962 0.000000
vt 0.105705 -0.045962 0.000000
vt 0.140456 0.685000 0.000000
vt 0.000000 0.685000 0.000000
vt 0.000000 0.350000 0.000000
vt 0.140456 0.350000 0.000000
vt 0.140940 0.685000 0.000000
vt 0.000000 0.685000 0.000000
vt 0.000000 0.200000 0.000000
vt 0.140940 0.200000 0.000000
vt 0.140940 0.350000 0.000000
vt -0.038962 -0.045962 0.000000
vt 0.116885 -0.045962 0.000000
vt 0.116885 -0.006789 0.000000
vt 0.116885 0.045962 0.000000
vt 0.026038 0.045962 0.000000
vt 0.034998 0.045962 0.000000
vt 0.031667 0.045962 0.000000
vt -0.033333 -0.045962 0.000000
vt 0.099998 -0.045962 0.000000
vt 0.051885 0.045962 0.000000
vt -0.038962 0.045962 0.000000
vt -0.038962 -0.045962 0.000000
vt 0.116885 -0.045962 0.000000
vt 0.027700 0.912700 0.000000
vt 0.000000 0.885000 0.000000
vt 0.000000 0.000000 0.000000
vt 0.027700 0.000000 0.000000
vt 0.155846 0.885000 0.000000
vt 0.000000 0.885000 0.000000
vt 0.000000 0.000000 0.000000
vt 0.155846 0.000000 0.000000
vt 0.133330 0.885000 0.000000
vt 0.000000 0.885000 0.000000
vt 0.000000 0.350000 0.000000
vt 0.000000 0.000000 0.000000
vt 0.133330 0.000000 0.000000
vt 0.155846 0.885000 0.000000
vt 0.000000 0.885000 0.000000
vt 0.000000 0.750000 0.000000
vt 0.075940 0.750000 0.000000
vt 0.140940 0.685000 0.000000
vt 0.140940 0.350000 0.000000
vt 0.155846 0.350000 0.000000
vt 0.128509 -0.045962 0.000000
vt 0.128509 0.045962 0.000000
vt -0.042836 0.045962 0.000000
vt -0.042836 -0.045962 0.000000
vt -0.085673 -0.019908 0.000000
vt 0.085673 -0.019908 0.000000
vt 0.085673 0.018694 0.000000
vt 0.082854 0.033028 0.000000
vt 0.082854 0.047637 0.000000
vt 0.085673 0.061972 0.000000
vt 0.085673 0.084908 0.000000
vt -0.085673 0.084908 0.000000
vt 0.065000 0.230000 0.000000
vt 0.000000 0.165000 0.000000
vt 0.000000 0.000000 0.000000
vt 0.103602 0.000000 0.000000
vt 0.103602 0.230000 0.000000
vt 0.097529 -0.045962 0.000000
vt 0.097529 0.045962 0.000000
vt -0.032510 0.045962 0.000000
vt -0.032510 -0.045962 0.000000
vt 0.130039 0.165000 0.000000
vt 0.000000 0.165000 0.000000
vt 0.000000 0.000000 0.000000
vt 0.130039 0.000000 0.000000
vt 0.116270 0.165000 0.000000
vt 0.051270 0.230000 0.000000
vt 0.015043 0.230000 0.000000
vt 0.015043 0.000000 0.000000
vt 0.116270 0.000000 0.000000
vt 0.121604 -0.045962 0.000000
vt 0.121604 0.045962 0.000000
vt -0.040535 0.045962 0.000000
vt -0.040535 -0.045962 0.000000
vt -0.032095 0.081070 0.000000
vt -0.032095 -0.081070 0.000000
vt 0.097095 -0.081070 0.000000
vt 0.097095 0.081070 0.000000
vt 0.065000 0.150000 0.000000
vt 0.000000 0.085000 0.000000
vt 0.000000 0.000000 0.000000
vt 0.194190 0.000000 0.000000
vt 0.194190 0.150000 0.000000
vt 0.145720 -0.045962 0.000000
vt 0.145720 0.045962 0.000000
vt -0.048573 0.045962 0.000000
vt -0.048573 -0.045962 0.000000
vt 0.097147 0.006139 0.000000
vt -0.097147 0.006139 0.000000
vt -0.097147 -0.056500 0.000000
vt 0.097147 -0.056500 0.000000
vt 0.065000 0.230000 0.000000
vt 0.000000 0.165000 0.000000
vt 0.000000 0.000000 0.000000
vt 0.127639 0.000000 0.000000
vt 0.127639 0.230000 0.000000
vt 0.079184 -0.045962 0.000000
vt 0.079184 0.045962 0.000000
vt -0.026395 0.045962 0.000000
vt -0.026395 -0.045962 0.000000
vt 0.065000 0.150000 0.000000
vt 0.000000 0.085000 0.000000
vt 0.000000 0.000000 0.000000
vt 0.079184 0.000000 0.000000
vt 0.079184 0.150000 0.000000
vt 0.105579 0.085000 0.000000
vt 0.000000 0.085000 0.000000
vt 0.000000 0.000000 0.000000
vt 0.105579 0.000000 0.000000
vt 0.068710 0.045962 0.000000
vt 0.020430 0.045962 0.000000
vt -0.044570 -0.045962 0.000000
vt 0.133710 -0.045962 0.000000
vt 0.065325 0.045962 0.000000
vt 0.021558 0.045962 0.000000
vt -0.043442 -0.045962 0.000000
vt 0.130325 -0.045962 0.000000
vt 0.068710 0.045962 0.000000
vt 0.020430 0.045962 0.000000
vt -0.044570 -0.045962 0.000000
vt 0.133710 -0.045962 0.000000
vt -0.043442 -0.045962 0.000000
vt 0.130325 -0.045962 0.000000
vt 0.065325 0.045962 0.000000
vt 0.021558 0.045962 0.000000
vt 0.173767 0.635000 0.000000
vt 0.000000 0.635000 0.000000
vt 0.000000 0.000000 0.000000
vt 0.173767 0.000000 0.000000
vt 0.178280 0.635000 0.000000
vt 0.000000 0.635000 0.000000
vt 0.000000 0.000000 0.000000
vt 0.178280 0.000000 0.000000
vt -0.021883 0.024140 0.000000
vt -0.021883 -0.024140 0.000000
vt 0.021883 -0.024140 0.000000
vt 0.021883 0.024140 0.000000
vt 0.111766 -0.045962 0.000000
vt 0.111766 0.045962 0.000000
vt -0.037255 0.045962 0.000000
vt -0.037255 -0.045962 0.000000
vt 0.332729 0.035000 0.000000
vt 0.267729 0.100000 0.000000
vt 0.065000 0.100000 0.000000
vt 0.000000 0.035000 0.000000
vt 0.000000 0.000000 0.000000
vt 0.332729 0.000000 0.000000
vt 0.101364 -0.074511 0.000000
vt 0.101364 0.074511 0.000000
vt -0.101364 0.074511 0.000000
vt -0.101364 -0.074511 0.000000
vt 0.111766 -0.045962 0.000000
vt 0.111766 0.045962 0.000000
vt -0.037255 0.045962 0.000000
vt -0.037255 -0.045962 0.000000
vt -0.000000 0.000052 0.000000
vt 0.000058 0.000069 0.000000
vt 0.000174 0.000202 0.000000
vt 0.000295 0.000485 0.000000
vt 0.000507 0.001330 0.000000
vt 0.000814 0.003329 0.000000
vt 0.001203 0.007243 0.000000
vt 0.001750 0.015351 0.000000
vt 0.002471 0.031160 0.000000
vt 0.002993 0.047268 0.000000
vt 0.003365 0.062524 0.000000
vt 0.003648 0.078116 0.000000
vt 0.003846 0.093837 0.000000
vt 0.003962 0.109480 0.000000
vt 0.003999 0.124785 0.000000
vt 0.003962 0.140091 0.000000
vt 0.003846 0.155734 0.000000
vt 0.003648 0.171455 0.000000
vt 0.003365 0.187047 0.000000
vt 0.002993 0.202303 0.000000
vt 0.002471 0.218411 0.000000
vt 0.001750 0.234220 0.000000
vt 0.001203 0.242328 0.000000
vt 0.000814 0.246242 0.000000
vt 0.000507 0.248240 0.000000
vt 0.000295 0.249086 0.000000
vt 0.000174 -0.249564 0.000000
vt 0.000058 -0.249431 0.000000
vt -0.000000 -0.249414 0.000000
vt -0.000000 -0.224468 0.000000
vt -0.000000 -0.199521 0.000000
vt -0.000000 -0.174574 0.000000
vt -0.000000 -0.149628 0.000000
vt -0.000000 -0.124681 0.000000
vt -0.000000 -0.099734 0.000000
vt -0.000000 -0.074788 0.000000
vt -0.000000 -0.049841 0.000000
vt -0.000000 -0.024894 0.000000
vt -0.173287 0.249466 0.000000
vt -0.000000 -0.274413 0.000000
vt -0.034657 0.249466 0.000000
vt -0.069315 0.249466 0.000000
vt -0.103972 0.249466 0.000000
vt -0.138630 0.249466 0.000000
vt -0.000000 0.024947 0.000000
vt -0.034657 0.024947 0.000000
vt -0.069315 0.024947 0.000000
vt -0.103972 0.024947 0.000000
vt -0.138630 0.024947 0.000000
vt -0.138630 0.000010 0.000000
vt -0.103972 0.000021 0.000000
vt -0.069315 0.000031 0.000000
vt -0.034657 0.000042 0.000000
vt -0.000000 0.049893 0.000000
vt -0.034657 0.049893 0.000000
vt -0.069315 0.049893 0.000000
vt -0.103972 0.049893 0.000000
vt -0.138630 0.049893 0.000000
vt -0.000000 0.074840 0.000000
vt -0.034657 0.074840 0.000000
vt -0.069315 0.074840 0.000000
vt -0.103972 0.074840 0.000000
vt -0.138630 0.074840 0.000000
vt -0.000000 0.099787 0.000000
vt -0.034657 0.099787 0.000000
vt -0.069315 0.099787 0.000000
vt -0.103972 0.099787 0.000000
vt -0.138630 0.099787 0.000000
vt -0.000000 0.124784 0.000000
vt -0.034657 0.124774 0.000000
vt -0.069315 0.124764 0.000000
vt -0.103972 0.124754 0.000000
vt -0.138630 0.124743 0.000000
vt -0.000000 0.149680 0.000000
vt -0.034657 0.149680 0.000000
vt -0.069315 0.149680 0.000000
vt -0.103972 0.149680 0.000000
vt -0.138630 0.149680 0.000000
vt -0.000000 0.174626 0.000000
vt -0.034657 0.174626 0.000000
vt -0.069315 0.174626 0.000000
vt -0.103972 0.174626 0.000000
vt -0.138630 0.174626 0.000000
vt -0.000000 0.199573 0.000000
vt -0.034657 0.199573 0.000000
vt -0.069315 0.199573 0.000000
vt -0.103972 0.199573 0.000000
vt -0.138630 0.199573 0.000000
vt -0.034657 0.224520 0.000000
vt -0.069315 0.224520 0.000000
vt -0.103972 0.224520 0.000000
vt -0.138630 0.224520 0.000000
vt -0.034657 -0.224478 0.000000
vt -0.069315 -0.224488 0.000000
vt -0.103972 -0.224499 0.000000
vt -0.138630 -0.224509 0.000000
vt -0.034657 -0.199531 0.000000
vt -0.069315 -0.199542 0.000000
vt -0.103972 -0.199552 0.000000
vt -0.138630 -0.199563 0.000000
vt -0.034657 -0.174585 0.000000
vt -0.069315 -0.174595 0.000000
vt -0.103972 -0.174606 0.000000
vt -0.138630 -0.174616 0.000000
vt -0.034657 -0.149638 0.000000
vt -0.069315 -0.149649 0.000000
vt -0.103972 -0.149659 0.000000
vt -0.138630 -0.149669 0.000000
vt -0.034657 -0.124691 0.000000
vt -0.069315 -0.124702 0.000000
vt -0.103972 -0.124712 0.000000
vt -0.138630 -0.124723 0.000000
vt -0.034657 -0.099745 0.000000
vt -0.069315 -0.099755 0.000000
vt -0.103972 -0.099766 0.000000
vt -0.138630 -0.099776 0.000000
vt -0.034657 -0.074798 0.000000
vt -0.069315 -0.074809 0.000000
vt -0.103972 -0.074819 0.000000
vt -0.138630 -0.074829 0.000000
vt -0.034657 -0.049852 0.000000
vt -0.069315 -0.049862 0.000000
vt -0.103972 -0.049872 0.000000
vt -0.138630 -0.049883 0.000000
vt -0.034657 -0.024905 0.000000
vt -0.069315 -0.024915 0.000000
vt -0.103972 -0.024926 0.000000
vt -0.138630 -0.024936 0.000000
vt -0.000000 0.224520 0.000000
vt -0.000000 0.224520 0.000000
vt -0.000000 0.224520 0.000000
vt 0.001203 -0.256605 0.000000
vt 0.000174 0.249369 0.000000
vt 0.000174 0.249369 0.000000
vt 0.000174 0.249369 0.000000
vt -0.034657 -0.249466 0.000000
vt -0.034657 -0.249466 0.000000
vt -0.034657 -0.249466 0.000000
vt -0.000000 0.224520 0.000000
vt -0.000000 0.224520 0.000000
vt -0.173287 -0.249466 0.000000
vt -0.173287 -0.249466 0.000000
vt -0.173287 -0.249466 0.000000
vt -0.173287 -0.249466 0.000000
vt -0.173287 -0.249466 0.000000
vt -0.173287 -0.249466 0.000000
vt -0.173287 -0.249466 0.000000
vt -0.138630 0.274424 0.000000
vt -0.034657 -0.249466 0.000000
vt -0.069315 0.274444 0.000000
vt -0.069315 -0.249466 0.000000
vt -0.103972 0.274434 0.000000
vt -0.103972 -0.249466 0.000000
vt -0.138630 0.274424 0.000000
vt -0.173287 -0.249466 0.000000
vt -0.110318 -0.000145 0.000000
vt -0.104941 0.033949 0.000000
vt -0.089292 0.064712 0.000000
vt -0.064902 0.089134 0.000000
vt -0.034159 0.104824 0.000000
vt -0.000072 0.110246 0.000000
vt 0.034021 0.104869 0.000000
vt 0.064785 0.089219 0.000000
vt 0.089207 0.064829 0.000000
vt 0.104896 0.034087 0.000000
vt 0.110318 0.000000 0.000000
vt 0.104914 0.034104 0.000000
vt 0.089232 0.064867 0.000000
vt 0.064808 0.089275 0.000000
vt 0.034035 0.104937 0.000000
vt -0.000072 0.110318 0.000000
vt -0.034173 0.104892 0.000000
vt -0.064925 0.089189 0.000000
vt -0.089317 0.064749 0.000000
vt -0.104959 0.033966 0.000000
vt -0.270000 0.173287 0.000000
vt -0.269942 0.173264 0.000000
vt -0.269826 0.173079 0.000000
vt -0.269705 0.172686 0.000000
vt -0.269493 0.171512 0.000000
vt -0.269186 0.168735 0.000000
vt -0.268797 0.163298 0.000000
vt -0.268250 0.152035 0.000000
vt -0.267529 0.130076 0.000000
vt -0.267007 0.107705 0.000000
vt -0.266635 0.086519 0.000000
vt -0.266352 0.064869 0.000000
vt -0.266155 0.043040 0.000000
vt -0.266039 0.021322 0.000000
vt -0.266002 0.000072 0.000000
vt -0.266039 -0.021177 0.000000
vt -0.266155 -0.042895 0.000000
vt -0.266352 -0.064724 0.000000
vt -0.266635 -0.086374 0.000000
vt -0.267007 -0.107560 0.000000
vt -0.267529 -0.129931 0.000000
vt -0.268250 -0.151890 0.000000
vt -0.268797 -0.163153 0.000000
vt -0.269186 -0.168590 0.000000
vt -0.269493 -0.171367 0.000000
vt -0.269705 -0.172541 0.000000
vt -0.269826 -0.172934 0.000000
vt -0.269942 -0.173119 0.000000
vt -0.270000 -0.173142 0.000000
vt -0.270000 -0.207814 0.000000
vt -0.270000 -0.242486 0.000000
vt -0.270000 -0.277158 0.000000
vt -0.270000 -0.311830 0.000000
vt -0.270000 -0.346502 0.000000
vt -0.270000 0.311975 0.000000
vt -0.270000 0.277303 0.000000
vt -0.270000 0.242631 0.000000
vt -0.270000 0.207959 0.000000
vt -0.000000 0.175686 0.000000
vt -0.230000 0.175686 0.000000
vt -0.230000 0.190128 0.000000
vt -0.230000 0.204569 0.000000
vt -0.230000 0.219011 0.000000
vt -0.000000 0.219011 0.000000
vt -0.000000 0.249563 0.000000
vt -0.000000 0.280115 0.000000
vt -0.000000 0.310667 0.000000
vt -0.150000 0.310667 0.000000
vt -0.150000 -0.353189 0.000000
vt -0.150000 -0.323896 0.000000
vt -0.150000 -0.294603 0.000000
vt -0.150000 -0.265310 0.000000
vt -0.150000 -0.236017 0.000000
vt -0.000000 -0.236017 0.000000
vt -0.000000 -0.215907 0.000000
vt -0.000000 -0.195796 0.000000
vt -0.000000 -0.175686 0.000000
vt -0.230000 -0.175686 0.000000
vt -0.230000 -0.147070 0.000000
vt -0.230000 -0.118455 0.000000
vt -0.230000 -0.089840 0.000000
vt -0.230000 -0.061224 0.000000
vt -0.000000 -0.061224 0.000000
vt -0.000000 -0.027380 0.000000
vt -0.000000 0.006464 0.000000
vt -0.000000 0.040309 0.000000
vt -0.000000 0.074153 0.000000
vt -0.000000 0.107997 0.000000
vt -0.000000 0.141842 0.000000
vt -0.270000 -0.381174 0.000000
vt -0.270000 -0.381174 0.000000
vt -0.150000 0.339960 0.000000
vt -0.150000 0.339960 0.000000
vt -0.270000 0.156087 0.000000
vt -0.000000 0.156087 0.000000
vt -0.000000 0.188116 0.000000
vt -0.000000 0.220144 0.000000
vt -0.000000 0.252173 0.000000
vt -0.000000 0.284201 0.000000
vt -0.000000 -0.299982 0.000000
vt -0.000000 -0.267954 0.000000
vt -0.000000 -0.235925 0.000000
vt -0.000000 -0.203897 0.000000
vt -0.000000 -0.171868 0.000000
vt -0.000000 -0.139840 0.000000
vt -0.000000 -0.107811 0.000000
vt -0.000000 -0.075783 0.000000
vt -0.000000 -0.043754 0.000000
vt -0.000000 -0.011726 0.000000
vt -0.000000 0.020303 0.000000
vt -0.000000 0.052331 0.000000
vt -0.000000 0.084360 0.000000
vt -0.270000 0.084360 0.000000
vt -0.270000 0.052331 0.000000
vt -0.270000 0.020303 0.000000
vt -0.270000 -0.011726 0.000000
vt -0.270000 -0.043754 0.000000
vt -0.270000 -0.075783 0.000000
vt -0.270000 -0.107811 0.000000
vt -0.270000 -0.139840 0.000000
vt -0.270000 -0.171868 0.000000
vt -0.270000 -0.203897 0.000000
vt -0.270000 -0.235925 0.000000
vt -0.270000 -0.267954 0.000000
vt -0.270000 0.316230 0.000000
vt -0.270000 0.284201 0.000000
vt -0.270000 0.252173 0.000000
vt -0.270000 0.220144 0.000000
vt -0.270000 0.188116 0.000000
vt -0.000000 0.316230 0.000000
vt -0.000000 0.316230 0.000000
vt -0.270000 -0.299982 0.000000
vt -0.270000 -0.299982 0.000000
vt 0.074335 0.002034 0.000000
vt 0.098052 0.002034 0.000000
vt 0.092217 0.033382 0.000000
vt 0.076634 0.061201 0.000000
vt 0.052950 0.082551 0.000000
vt 0.023669 0.095174 0.000000
vt -0.008115 0.097737 0.000000
vt -0.039040 0.089968 0.000000
vt -0.065839 0.072689 0.000000
vt -0.085677 0.047725 0.000000
vt -0.096460 0.017717 0.000000
vt -0.097045 -0.014164 0.000000
vt -0.087372 -0.044547 0.000000
vt -0.068463 -0.070222 0.000000
vt -0.042317 -0.088474 0.000000
vt -0.011698 -0.097373 0.000000
vt 0.020158 -0.095979 0.000000
vt 0.049883 -0.084439 0.000000
vt 0.074335 -0.063974 0.000000
vt -0.270000 0.236698 0.000000
vt -0.270000 0.208851 0.000000
vt -0.270000 0.181004 0.000000
vt -0.270000 0.153157 0.000000
vt -0.270000 0.125311 0.000000
vt -0.270000 0.097464 0.000000
vt -0.270000 0.069617 0.000000
vt -0.270000 0.041770 0.000000
vt -0.270000 0.013923 0.000000
vt -0.270000 -0.013923 0.000000
vt -0.270000 -0.041770 0.000000
vt -0.270000 -0.069617 0.000000
vt -0.270000 -0.097464 0.000000
vt -0.270000 -0.125311 0.000000
vt -0.270000 -0.153157 0.000000
vt -0.270000 -0.181004 0.000000
vt -0.270000 -0.208851 0.000000
vt -0.000000 -0.140297 0.000000
vt -0.230000 -0.140297 0.000000
vt -0.230000 -0.125665 0.000000
vt -0.230000 -0.111033 0.000000
vt -0.230000 -0.096401 0.000000
vt -0.000000 -0.096401 0.000000
vt -0.000000 -0.070100 0.000000
vt -0.000000 -0.043798 0.000000
vt -0.000000 -0.017497 0.000000
vt -0.000000 0.008804 0.000000
vt -0.000000 0.035105 0.000000
vt -0.000000 0.061406 0.000000
vt -0.000000 0.087708 0.000000
vt -0.150000 0.087708 0.000000
vt -0.150000 0.108135 0.000000
vt -0.150000 0.128563 0.000000
vt -0.150000 0.148990 0.000000
vt -0.000000 0.148990 0.000000
vt -0.000000 0.175291 0.000000
vt -0.000000 0.201592 0.000000
vt -0.000000 -0.245502 0.000000
vt -0.000000 -0.219201 0.000000
vt -0.000000 -0.192899 0.000000
vt -0.000000 -0.166598 0.000000
vt -0.000000 0.227894 0.000000
vt -0.270000 -0.236698 0.000000
vt -0.270000 -0.236698 0.000000
vt -0.000000 0.227894 0.000000
vt 0.000000 0.075343 0.000000
vt -0.027217 0.070255 0.000000
vt -0.050758 0.055679 0.000000
vt -0.067444 0.033583 0.000000
vt -0.075022 0.006952 0.000000
vt -0.072467 -0.020619 0.000000
vt -0.060125 -0.045404 0.000000
vt -0.039663 -0.064058 0.000000
vt -0.013844 -0.074060 0.000000
vt 0.013844 -0.074060 0.000000
vt 0.039663 -0.064058 0.000000
vt 0.060125 -0.045404 0.000000
vt 0.072467 -0.020619 0.000000
vt 0.075022 0.006952 0.000000
vt 0.067444 0.033583 0.000000
vt 0.050758 0.055679 0.000000
vt 0.027217 0.070255 0.000000
vt -0.270000 0.264415 0.000000
vt -0.270000 0.235035 0.000000
vt -0.270000 0.205656 0.000000
vt -0.270000 0.176277 0.000000
vt -0.270000 0.146897 0.000000
vt -0.270000 0.117518 0.000000
vt -0.270000 0.088138 0.000000
vt -0.270000 0.058759 0.000000
vt -0.270000 0.029379 0.000000
vt -0.270000 0.000000 0.000000
vt -0.270000 -0.029379 0.000000
vt -0.270000 -0.058759 0.000000
vt -0.270000 -0.088138 0.000000
vt -0.270000 -0.117518 0.000000
vt -0.270000 -0.146897 0.000000
vt -0.270000 -0.176277 0.000000
vt -0.270000 -0.205656 0.000000
vt -0.270000 -0.235035 0.000000
vt -0.000000 -0.264415 0.000000
vt -0.000000 -0.235035 0.000000
vt -0.000000 -0.205656 0.000000
vt -0.000000 -0.176277 0.000000
vt -0.000000 -0.146897 0.000000
vt -0.000000 -0.117518 0.000000
vt -0.000000 -0.088138 0.000000
vt -0.000000 -0.058759 0.000000
vt -0.000000 -0.029379 0.000000
vt -0.000000 0.000000 0.000000
vt -0.000000 0.029379 0.000000
vt -0.000000 0.058759 0.000000
vt -0.000000 0.088138 0.000000
vt -0.000000 0.117518 0.000000
vt -0.000000 0.146897 0.000000
vt -0.000000 0.176277 0.000000
vt -0.000000 0.205656 0.000000
vt -0.000000 0.235035 0.000000
vt -0.000000 0.264415 0.000000
vt -0.270000 -0.264415 0.000000
vt 0.000000 0.084166 0.000000
vt -0.028786 0.079090 0.000000
vt -0.054101 0.064475 0.000000
vt -0.072890 0.042083 0.000000
vt -0.082887 0.014615 0.000000
vt -0.082887 -0.014615 0.000000
vt -0.072890 -0.042083 0.000000
vt -0.054101 -0.064475 0.000000
vt -0.028786 -0.079090 0.000000
vt 0.000000 -0.084166 0.000000
vt 0.028786 -0.079090 0.000000
vt 0.054101 -0.064475 0.000000
vt 0.072890 -0.042083 0.000000
vt 0.082887 -0.014615 0.000000
vt 0.082887 0.014615 0.000000
vt 0.072890 0.042083 0.000000
vt 0.054101 0.064475 0.000000
vt 0.028786 0.079090 0.000000
vt -0.270000 -0.107997 0.000000
vt -0.000000 -0.107997 0.000000
vt -0.000000 -0.074947 0.000000
vt -0.000000 -0.041898 0.000000
vt -0.000000 -0.008848 0.000000
vt -0.000000 0.024202 0.000000
vt -0.000000 0.057252 0.000000
vt -0.000000 0.090302 0.000000
vt -0.000000 0.123352 0.000000
vt -0.000000 0.156402 0.000000
vt -0.000000 0.189451 0.000000
vt -0.150000 0.189451 0.000000
vt -0.150000 0.223664 0.000000
vt -0.150000 0.257876 0.000000
vt -0.150000 0.292088 0.000000
vt -0.000000 0.292088 0.000000
vt -0.000000 0.324329 0.000000
vt -0.000000 -0.334019 0.000000
vt -0.000000 -0.301778 0.000000
vt -0.000000 -0.269538 0.000000
vt -0.000000 -0.237297 0.000000
vt -0.270000 -0.237297 0.000000
vt -0.270000 -0.272378 0.000000
vt -0.270000 -0.307458 0.000000
vt -0.270000 0.348050 0.000000
vt -0.270000 0.312969 0.000000
vt -0.270000 0.277889 0.000000
vt -0.270000 0.242808 0.000000
vt -0.270000 0.207728 0.000000
vt -0.270000 0.172647 0.000000
vt -0.270000 0.137567 0.000000
vt -0.270000 0.102486 0.000000
vt -0.270000 0.067406 0.000000
vt -0.270000 0.032325 0.000000
vt -0.270000 -0.002756 0.000000
vt -0.270000 -0.037836 0.000000
vt -0.270000 -0.072917 0.000000
vt -0.000000 0.356570 0.000000
vt -0.000000 0.356570 0.000000
vt -0.270000 -0.342539 0.000000
vt -0.270000 -0.342539 0.000000
vt -0.091439 0.060986 0.000000
vt -0.091439 -0.060986 0.000000
vt -0.067684 -0.086598 0.000000
vt -0.037093 -0.103462 0.000000
vt -0.002755 -0.109876 0.000000
vt 0.031861 -0.105191 0.000000
vt 0.063259 -0.089881 0.000000
vt 0.088267 -0.065492 0.000000
vt 0.104360 -0.034488 0.000000
vt 0.109911 0.000000 0.000000
vt 0.104360 0.034488 0.000000
vt 0.088267 0.065492 0.000000
vt 0.063259 0.089881 0.000000
vt 0.031861 0.105191 0.000000
vt -0.002755 0.109876 0.000000
vt -0.037093 0.103462 0.000000
vt -0.067684 0.086598 0.000000
vt -0.205000 -0.240018 0.000000
vt -0.205000 -0.276818 0.000000
vt -0.205000 -0.313617 0.000000
vt -0.205000 -0.350416 0.000000
vt -0.205000 -0.387215 0.000000
vt -0.205000 0.362132 0.000000
vt -0.205000 0.325333 0.000000
vt -0.205000 0.288534 0.000000
vt -0.205000 0.251735 0.000000
vt -0.205000 0.214936 0.000000
vt -0.205000 0.178137 0.000000
vt -0.205000 0.141338 0.000000
vt -0.205000 0.104539 0.000000
vt -0.205000 0.067740 0.000000
vt -0.205000 0.030941 0.000000
vt -0.205000 -0.005858 0.000000
vt -0.205000 -0.042657 0.000000
vt -0.205000 -0.079457 0.000000
vt -0.205000 -0.116256 0.000000
vt -0.205000 -0.153055 0.000000
vt -0.000000 -0.153055 0.000000
vt -0.000000 -0.115487 0.000000
vt -0.000000 -0.077919 0.000000
vt -0.000000 -0.040351 0.000000
vt -0.000000 -0.002783 0.000000
vt -0.150000 -0.002783 0.000000
vt -0.150000 0.014861 0.000000
vt -0.150000 0.032505 0.000000
vt -0.150000 0.050149 0.000000
vt -0.000000 0.050149 0.000000
vt -0.000000 0.085576 0.000000
vt -0.000000 0.121003 0.000000
vt -0.000000 0.156430 0.000000
vt -0.000000 0.191857 0.000000
vt -0.000000 0.227284 0.000000
vt -0.000000 0.262711 0.000000
vt -0.000000 0.298138 0.000000
vt -0.000000 0.333565 0.000000
vt -0.000000 -0.417154 0.000000
vt -0.000000 -0.381727 0.000000
vt -0.000000 -0.346300 0.000000
vt -0.000000 -0.310873 0.000000
vt -0.000000 -0.275446 0.000000
vt -0.000000 -0.240018 0.000000
vt -0.205000 -0.424014 0.000000
vt -0.205000 -0.424014 0.000000
vt -0.000000 0.368993 0.000000
vt -0.000000 0.368993 0.000000
vt 0.009315 0.230000 0.000000
vt 0.009315 0.000000 0.000000
vt 0.123920 0.000000 0.000000
vt 0.123920 0.230000 0.000000
vt 0.074964 -0.028845 0.000000
vt 0.052860 -0.010798 0.000000
vt 0.036124 0.012314 0.000000
vt 0.025876 0.038945 0.000000
vt 0.022801 0.067314 0.000000
vt -0.074964 0.067314 0.000000
vt -0.074964 -0.067314 0.000000
vt 0.074964 -0.067314 0.000000
vt 0.052163 0.230000 0.000000
vt 0.052163 0.000000 0.000000
vt 0.149928 0.000000 0.000000
vt 0.149928 0.230000 0.000000
vt 0.431353 0.000000 0.000000
vt 0.431353 0.270000 0.000000
vt 0.455070 0.270000 0.000000
vt 0.455070 0.350000 0.000000
vt 0.000000 0.350000 0.000000
vt 0.000000 0.150000 0.000000
vt 0.081218 0.150000 0.000000
vt 0.081218 0.000000 0.000000
vt 0.191407 0.000000 0.000000
vt 0.191407 0.230000 0.000000
vt 0.385701 0.230000 0.000000
vt 0.385701 0.000000 0.000000
vt 0.000000 0.270000 0.000000
vt 0.066008 0.270000 0.000000
vt 0.066008 0.000000 0.000000
vt 0.255201 0.000000 0.000000
vt 0.255201 0.350000 0.000000
vt 0.000000 0.350000 0.000000
vt 0.146880 0.230000 0.000000
vt 0.146880 0.000000 0.000000
vt 0.169816 0.000000 0.000000
vt 0.169816 0.230000 0.000000
vt -0.086726 0.021566 0.000000
vt -0.081272 0.001945 0.000000
vt -0.081272 -0.018420 0.000000
vt -0.086726 -0.038041 0.000000
vt -0.086726 -0.082955 0.000000
vt 0.086726 -0.082955 0.000000
vt 0.086726 0.082955 0.000000
vt -0.086726 0.082955 0.000000
vt 0.120996 0.150000 0.000000
vt 0.120996 0.000000 0.000000
vt 0.165910 0.000000 0.000000
vt 0.165910 0.150000 0.000000
vt 0.061389 0.000000 0.000000
vt 0.061389 0.150000 0.000000
vt 0.000000 0.150000 0.000000
vt 0.000000 0.000000 0.000000
vt 0.065000 0.350000 0.000000
vt 0.000000 0.285000 0.000000
vt 0.000000 0.000000 0.000000
vt 0.106486 0.000000 0.000000
vt 0.106486 0.230000 0.000000
vt 0.253354 0.230000 0.000000
vt 0.253354 0.000000 0.000000
vt 0.319811 0.000000 0.000000
vt 0.319811 0.270000 0.000000
vt 0.441783 0.270000 0.000000
vt 0.441783 0.000000 0.000000
vt 0.513432 0.000000 0.000000
vt 0.513432 0.230000 0.000000
vt 0.526079 0.230000 0.000000
vt 0.526079 0.285000 0.000000
vt 0.461079 0.350000 0.000000
vt 0.009885 0.150000 0.000000
vt 0.009885 0.000000 0.000000
vt 0.122547 0.000000 0.000000
vt 0.122547 0.150000 0.000000
vt 0.122407 0.000000 0.000000
vt 0.122407 0.205000 0.000000
vt 0.144209 0.210653 0.000000
vt 0.165018 0.212480 0.000000
vt 0.185828 0.210653 0.000000
vt 0.207630 0.205000 0.000000
vt 0.207630 0.000000 0.000000
vt 0.268515 0.000000 0.000000
vt 0.268515 0.150000 0.000000
vt 0.270107 0.150000 0.000000
vt 0.270107 0.350000 0.000000
vt 0.000000 0.350000 0.000000
vt 0.000000 0.000000 0.000000
vt -0.069369 0.520039 0.000000
vt -0.093821 0.499573 0.000000
vt -0.123546 0.488033 0.000000
vt -0.155402 0.486639 0.000000
vt -0.186021 0.495539 0.000000
vt -0.212167 0.513790 0.000000
vt -0.231076 0.539465 0.000000
vt -0.240749 0.569849 0.000000
vt -0.240164 0.601730 0.000000
vt -0.229382 0.631738 0.000000
vt -0.209543 0.656701 0.000000
vt -0.182744 0.673980 0.000000
vt -0.151819 0.681749 0.000000
vt -0.120036 0.679187 0.000000
vt -0.090755 0.666564 0.000000
vt -0.067071 0.645214 0.000000
vt -0.051487 0.617395 0.000000
vt -0.045652 0.586047 0.000000
vt 0.000000 0.586047 0.000000
vt 0.000000 0.713686 0.000000
vt 0.194294 0.713686 0.000000
vt 0.194294 0.586047 0.000000
vt 0.304482 0.586047 0.000000
vt 0.304482 0.674951 0.000000
vt 0.432685 0.674951 0.000000
vt 0.432685 0.584455 0.000000
vt 0.385701 0.584455 0.000000
vt 0.385701 0.523570 0.000000
vt 0.402290 0.554740 0.000000
vt 0.426926 0.580033 0.000000
vt 0.457648 0.597436 0.000000
vt 0.492009 0.605563 0.000000
vt 0.527272 0.603767 0.000000
vt 0.560629 0.592191 0.000000
vt 0.589424 0.571756 0.000000
vt 0.611363 0.544091 0.000000
vt 0.624700 0.511397 0.000000
vt 0.628371 0.476280 0.000000
vt 0.622086 0.441535 0.000000
vt 0.606343 0.409930 0.000000
vt 0.582398 0.383981 0.000000
vt 0.552157 0.365756 0.000000
vt 0.664582 0.365756 0.000000
vt 0.664582 0.243209 0.000000
vt 0.500557 0.243209 0.000000
vt 0.500557 0.355870 0.000000
vt 0.463685 0.362290 0.000000
vt 0.430361 0.379328 0.000000
vt 0.403567 0.405459 0.000000
vt 0.385701 0.438347 0.000000
vt 0.385701 0.315940 0.000000
vt 0.344149 0.315940 0.000000
vt 0.344149 0.188939 0.000000
vt 0.556874 0.188939 0.000000
vt 0.556874 -0.097147 0.000000
vt 0.521991 -0.097147 0.000000
vt 0.521991 -0.168796 0.000000
vt 0.543530 -0.144962 0.000000
vt 0.571041 -0.128374 0.000000
vt 0.602174 -0.120449 0.000000
vt 0.634268 -0.121865 0.000000
vt 0.664582 -0.132500 0.000000
vt 0.664582 -0.041477 0.000000
vt 0.764505 -0.041477 0.000000
vt 0.764505 -0.213043 0.000000
vt 0.722058 -0.213043 0.000000
vt 0.722142 -0.245969 0.000000
vt 0.712469 -0.277441 0.000000
vt 0.693909 -0.304637 0.000000
vt 0.668127 -0.325116 0.000000
vt 0.637436 -0.337039 0.000000
vt 0.604591 -0.339337 0.000000
vt 0.572539 -0.331803 0.000000
vt 0.544157 -0.315114 0.000000
vt 0.521991 -0.290768 0.000000
vt 0.521991 -0.357225 0.000000
vt 0.615009 -0.357225 0.000000
vt 0.615009 -0.504093 0.000000
vt 0.521991 -0.504093 0.000000
vt 0.521991 -0.610579 0.000000
vt 0.243959 -0.610579 0.000000
vt 0.243959 -0.504093 0.000000
vt -0.015299 -0.504093 0.000000
vt -0.015299 -0.285321 0.000000
vt 0.243959 -0.285321 0.000000
vt 0.243959 -0.084500 0.000000
vt 0.335042 -0.084500 0.000000
vt 0.335042 0.000000 0.000000
vt 0.175000 0.000000 0.000000
vt 0.175000 -0.175000 0.000000
vt -0.175000 -0.175000 0.000000
vt -0.175000 0.175000 0.000000
vt -0.202700 0.175000 0.000000
vt -0.202700 0.330846 0.000000
vt -0.069369 0.330846 0.000000
vt -0.265342 -0.055734 0.000000
vt -0.236556 -0.060810 0.000000
vt -0.211241 -0.075425 0.000000
vt -0.192452 -0.097817 0.000000
vt -0.182455 -0.125285 0.000000
vt -0.182455 -0.154515 0.000000
vt -0.192452 -0.181983 0.000000
vt -0.211241 -0.204375 0.000000
vt -0.236556 -0.218990 0.000000
vt -0.265342 -0.224066 0.000000
vt -0.294128 -0.218990 0.000000
vt -0.319443 -0.204375 0.000000
vt -0.338232 -0.181983 0.000000
vt -0.348229 -0.154515 0.000000
vt -0.348229 -0.125285 0.000000
vt -0.338232 -0.097817 0.000000
vt -0.319443 -0.075425 0.000000
vt -0.294128 -0.060810 0.000000
vt -0.677734 -0.335807 0.000000
vt -0.576506 -0.335807 0.000000
vt -0.576506 -0.226241 0.000000
vt -0.042250 -0.226241 0.000000
vt -0.042250 -0.545160 0.000000
vt -0.300711 -0.545160 0.000000
vt -0.300711 -0.712658 0.000000
vt -0.430800 -0.712658 0.000000
vt -0.430800 -0.545160 0.000000
vt -0.576506 -0.545160 0.000000
vt -0.576506 -0.465846 0.000000
vt -0.677734 -0.465846 0.000000
vt -0.520157 -0.061960 0.000000
vt -0.374819 -0.061960 0.000000
vt -0.374819 -0.214947 0.000000
vt -0.520157 -0.214947 0.000000
vt -0.117800 -0.654009 0.000000
vt -0.106046 -0.630629 0.000000
vt -0.087004 -0.612680 0.000000
vt -0.062972 -0.602327 0.000000
vt -0.036847 -0.600818 0.000000
vt -0.011782 -0.608336 0.000000
vt 0.009199 -0.623973 0.000000
vt 0.023567 -0.645844 0.000000
vt 0.023567 -0.584455 0.000000
vt 0.197018 -0.584455 0.000000
vt 0.197018 -0.750365 0.000000
vt 0.023567 -0.750365 0.000000
vt 0.023567 -0.705451 0.000000
vt 0.009199 -0.727322 0.000000
vt -0.011782 -0.742959 0.000000
vt -0.036847 -0.750477 0.000000
vt -0.062972 -0.748968 0.000000
vt -0.087004 -0.738615 0.000000
vt -0.106046 -0.720666 0.000000
vt -0.117800 -0.697286 0.000000
vt -0.117800 -0.800888 0.000000
vt -0.289146 -0.800888 0.000000
vt -0.289146 -0.631073 0.000000
vt -0.117800 -0.631073 0.000000
vt -0.163082 0.799383 0.000000
vt -0.057503 0.799383 0.000000
vt -0.057503 0.720199 0.000000
vt -0.163082 0.720199 0.000000
vt -0.318078 0.208828 0.000000
vt -0.322503 0.175408 0.000000
vt -0.336815 0.144885 0.000000
vt -0.359676 0.120109 0.000000
vt -0.388952 0.103394 0.000000
vt -0.421909 0.096301 0.000000
vt -0.455470 0.099491 0.000000
vt -0.486500 0.112669 0.000000
vt -0.486500 0.074199 0.000000
vt -0.636427 0.074199 0.000000
vt -0.636427 0.208828 0.000000
vt -0.538662 0.208828 0.000000
vt -0.536400 0.228782 0.000000
vt -0.530557 0.247996 0.000000
vt -0.521329 0.265833 0.000000
vt -0.540149 0.265833 0.000000
vt -0.540149 0.409118 0.000000
vt -0.393093 0.409118 0.000000
vt -0.393093 0.310955 0.000000
vt -0.365858 0.297327 0.000000
vt -0.343387 0.276771 0.000000
vt -0.327393 0.250855 0.000000
vt -0.327393 0.485735 0.000000
vt -0.203473 0.485735 0.000000
vt -0.203473 0.208828 0.000000
vt -0.365756 0.111235 0.000000
vt -0.191362 0.111235 0.000000
vt -0.191362 -0.041477 0.000000
vt -0.365756 -0.041477 0.000000
vt -0.594824 -0.139515 0.000000
vt -0.789014 -0.139515 0.000000
vt -0.789014 0.022624 0.000000
vt -0.594824 0.022624 0.000000
vt -0.486322 0.715378 0.000000
vt -0.312555 0.715378 0.000000
vt -0.312555 0.537098 0.000000
vt -0.486322 0.537098 0.000000
vt 0.000000 0.889000 0.000000
vt -0.099536 0.883410 0.000000
vt -0.197821 0.866711 0.000000
vt -0.293618 0.839112 0.000000
vt -0.385723 0.800961 0.000000
vt -0.472977 0.752738 0.000000
vt -0.554282 0.695048 0.000000
vt -0.628618 0.628618 0.000000
vt -0.695048 0.554282 0.000000
vt -0.752738 0.472977 0.000000
vt -0.800961 0.385723 0.000000
vt -0.839112 0.293618 0.000000
vt -0.866711 0.197821 0.000000
vt -0.883410 0.099536 0.000000
vt -0.889000 0.000000 0.000000
vt -0.883410 -0.099536 0.000000
vt -0.866711 -0.197821 0.000000
vt -0.839112 -0.293618 0.000000
vt -0.800961 -0.385723 0.000000
vt -0.752738 -0.472977 0.000000
vt -0.695048 -0.554282 0.000000
vt -0.628618 -0.628618 0.000000
vt -0.554282 -0.695048 0.000000
vt -0.472977 -0.752738 0.000000
vt -0.385723 -0.800961 0.000000
vt -0.293618 -0.839112 0.000000
vt -0.197821 -0.866711 0.000000
vt -0.099536 -0.883410 0.000000
vt 0.000000 -0.889000 0.000000
vt 0.099536 -0.883410 0.000000
vt 0.197821 -0.866711 0.000000
vt 0.293618 -0.839112 0.000000
vt 0.385723 -0.800961 0.000000
vt 0.472977 -0.752738 0.000000
vt 0.554282 -0.695048 0.000000
vt 0.628618 -0.628618 0.000000
vt 0.695048 -0.554282 0.000000
vt 0.752738 -0.472977 0.000000
vt 0.800961 -0.385723 0.000000
vt 0.839112 -0.293618 0.000000
vt 0.866711 -0.197821 0.000000
vt 0.883410 -0.099536 0.000000
vt 0.889000 0.000000 0.000000
vt 0.883410 0.099536 0.000000
vt 0.866711 0.197821 0.000000
vt 0.839112 0.293618 0.000000
vt 0.800961 0.385723 0.000000
vt 0.752738 0.472977 0.000000
vt 0.695048 0.554282 0.000000
vt 0.628618 0.628618 0.000000
vt 0.554282 0.695048 0.000000
vt 0.472977 0.752738 0.000000
vt 0.385723 0.800961 0.000000
vt 0.293618 0.839112 0.000000
vt 0.197821 0.866711 0.000000
vt 0.099536 0.883410 0.000000
vt 0.259258 0.165000 0.000000
vt 0.000000 0.165000 0.000000
vt 0.000000 0.000000 0.000000
vt 0.259258 0.000000 0.000000
vt 0.011530 0.230000 0.000000
vt 0.011530 0.000000 0.000000
vt 0.270787 0.000000 0.000000
vt 0.270787 0.230000 0.000000
vt 0.218772 0.165000 0.000000
vt 0.153772 0.230000 0.000000
vt 0.000000 0.230000 0.000000
vt 0.000000 0.000000 0.000000
vt 0.218772 0.000000 0.000000
vt 0.171346 0.165000 0.000000
vt 0.000000 0.165000 0.000000
vt 0.000000 0.000000 0.000000
vt 0.171346 0.000000 0.000000
vt 0.169816 0.165000 0.000000
vt 0.104816 0.230000 0.000000
vt 0.000000 0.230000 0.000000
vt 0.000000 0.000000 0.000000
vt 0.169816 0.000000 0.000000
vt 0.000000 0.000000 0.000000
vt 0.171346 0.000000 0.000000
vt 0.171346 0.230000 0.000000
vt 0.000000 0.230000 0.000000
vt 0.000000 0.000000 0.000000
vt 0.145338 0.000000 0.000000
vt 0.145338 0.230000 0.000000
vt 0.000000 0.230000 0.000000
vt 0.000000 0.000000 0.000000
vt 0.152987 0.000000 0.000000
vt 0.152987 0.230000 0.000000
vt 0.000000 0.230000 0.000000
vt 0.000000 0.000000 0.000000
vt 0.145338 0.000000 0.000000
vt 0.145338 0.230000 0.000000
vt 0.000000 0.230000 0.000000
vt 0.000000 0.000000 0.000000
vt 0.152987 0.000000 0.000000
vt 0.152987 0.230000 0.000000
vt 0.000000 0.230000 0.000000
vt -0.072669 0.076494 0.000000
vt -0.072669 -0.076494 0.000000
vt 0.072669 -0.076494 0.000000
vt 0.072669 0.076494 0.000000
vt 0.065000 0.230000 0.000000
vt 0.000000 0.165000 0.000000
vt 0.000000 0.000000 0.000000
vt 0.093018 0.000000 0.000000
vt 0.093018 0.230000 0.000000
vt -0.012984 -0.073434 0.000000
vt -0.012984 0.073434 0.000000
vt -0.041003 0.073434 0.000000
vt -0.041003 -0.073434 0.000000
vt 0.065000 0.230000 0.000000
vt 0.000000 0.165000 0.000000
vt 0.000000 0.000000 0.000000
vt 0.101227 0.000000 0.000000
vt 0.101227 0.230000 0.000000
vt 0.006865 0.065020 0.000000
vt 0.006865 -0.065020 0.000000
vt 0.043092 -0.065020 0.000000
vt 0.043092 0.065020 0.000000
vt 0.038470 0.000000 0.000000
vt 0.038470 0.230000 0.000000
vt 0.000000 0.230000 0.000000
vt 0.000000 0.000000 0.000000
vt 0.000000 0.000000 0.000000
vt 0.149928 0.000000 0.000000
vt 0.149928 0.230000 0.000000
vt 0.000000 0.230000 0.000000
vt 0.000000 0.000000 0.000000
vt 0.134629 0.000000 0.000000
vt 0.134629 0.230000 0.000000
vt 0.000000 0.230000 0.000000
vt 0.194294 0.165000 0.000000
vt 0.000000 0.165000 0.000000
vt 0.000000 0.000000 0.000000
vt 0.194294 0.000000 0.000000
vt 0.142278 0.165000 0.000000
vt 0.077278 0.230000 0.000000
vt 0.014639 0.230000 0.000000
vt 0.014639 0.000000 0.000000
vt 0.142278 0.000000 0.000000
vt 0.000000 0.000000 0.000000
vt 0.123920 0.000000 0.000000
vt 0.123920 0.230000 0.000000
vt 0.000000 0.230000 0.000000
vt 0.000000 0.000000 0.000000
vt 0.276907 0.000000 0.000000
vt 0.276907 0.230000 0.000000
vt 0.000000 0.230000 0.000000
vt 0.234879 0.000000 0.000000
vt 0.234879 0.230000 0.000000
vt 0.000000 0.230000 0.000000
vt 0.000000 0.000000 0.000000
vt -0.061960 -0.096426 0.000000
vt -0.057025 -0.109987 0.000000
vt -0.053902 -0.124077 0.000000
vt -0.052645 -0.138453 0.000000
vt 0.061960 -0.138453 0.000000
vt 0.061960 0.138453 0.000000
vt -0.061960 0.138453 0.000000
vt 0.000000 0.200000 0.000000
vt 0.188939 0.200000 0.000000
vt 0.188939 0.000000 0.000000
vt 0.273439 0.000000 0.000000
vt 0.273439 0.230000 0.000000
vt 0.000000 0.230000 0.000000
vt 0.212725 0.200000 0.000000
vt 0.221832 0.200000 0.000000
vt 0.221832 0.230000 0.000000
vt 0.000000 0.230000 0.000000
vt 0.000000 0.000000 0.000000
vt 0.212725 0.000000 0.000000
vt 0.000000 0.000000 0.000000
vt 0.286086 0.000000 0.000000
vt 0.286086 0.230000 0.000000
vt 0.000000 0.230000 0.000000
vt 0.186948 0.230000 0.000000
vt 0.186948 0.000000 0.000000
vt 0.221832 0.000000 0.000000
vt 0.221832 0.230000 0.000000
vt 0.076033 -0.130396 0.000000
vt 0.076033 -0.143043 0.000000
vt 0.110916 -0.143043 0.000000
vt 0.110916 0.143043 0.000000
vt -0.110916 0.143043 0.000000
vt -0.110916 -0.130396 0.000000
vt 0.188939 0.200000 0.000000
vt 0.188939 0.000000 0.000000
vt 0.315940 0.000000 0.000000
vt 0.315940 0.200000 0.000000
vt 0.278031 0.285000 0.000000
vt 0.000000 0.285000 0.000000
vt 0.000000 0.230000 0.000000
vt 0.186948 0.230000 0.000000
vt 0.186948 0.000000 0.000000
vt 0.278031 0.000000 0.000000
vt 0.000000 0.000000 0.000000
vt 0.173451 0.000000 0.000000
vt 0.173451 0.150000 0.000000
vt 0.000000 0.150000 0.000000
vt 0.000000 0.000000 0.000000
vt 0.173451 0.000000 0.000000
vt 0.173451 0.150000 0.000000
vt 0.000000 0.150000 0.000000
vt 0.000000 0.000000 0.000000
vt 0.165910 0.000000 0.000000
vt 0.165910 0.150000 0.000000
vt 0.000000 0.150000 0.000000
vt 0.167498 0.000000 0.000000
vt 0.167498 0.150000 0.000000
vt 0.000000 0.150000 0.000000
vt 0.000000 0.000000 0.000000
vt 0.000000 0.000000 0.000000
vt 0.130088 0.000000 0.000000
vt 0.130088 0.150000 0.000000
vt 0.000000 0.150000 0.000000
vt 0.024807 0.150000 0.000000
vt 0.024807 0.000000 0.000000
vt 0.192304 0.000000 0.000000
vt 0.192304 0.150000 0.000000
vt 0.065044 0.071346 0.000000
vt -0.065044 0.071346 0.000000
vt -0.065044 -0.096152 0.000000
vt 0.065044 -0.096152 0.000000
vt 0.065000 0.150000 0.000000
vt 0.000000 0.085000 0.000000
vt 0.000000 0.000000 0.000000
vt 0.112425 0.000000 0.000000
vt 0.112425 0.150000 0.000000
vt 0.122547 0.085000 0.000000
vt 0.000000 0.085000 0.000000
vt 0.000000 0.000000 0.000000
vt 0.122547 0.000000 0.000000
vt 0.000000 0.000000 0.000000
vt 0.099923 0.000000 0.000000
vt 0.099923 0.150000 0.000000
vt 0.000000 0.150000 0.000000
vt 0.000000 0.000000 0.000000
vt 0.171566 0.000000 0.000000
vt 0.171566 0.150000 0.000000
vt 0.000000 0.150000 0.000000
vt 0.057476 0.150000 0.000000
vt 0.057476 0.000000 0.000000
vt 0.099923 0.000000 0.000000
vt 0.099923 0.150000 0.000000
vt 0.091023 0.000000 0.000000
vt 0.091023 0.150000 0.000000
vt 0.000000 0.150000 0.000000
vt 0.000000 0.000000 0.000000
vt -0.049961 -0.005240 0.000000
vt -0.022625 -0.025581 0.000000
vt -0.002832 -0.053317 0.000000
vt 0.007515 -0.085783 0.000000
vt 0.049961 -0.085783 0.000000
vt 0.049961 0.085783 0.000000
vt -0.049961 0.085783 0.000000
vt 0.079184 0.085000 0.000000
vt 0.014184 0.150000 0.000000
vt 0.000000 0.150000 0.000000
vt 0.000000 0.000000 0.000000
vt 0.079184 0.000000 0.000000
vt 0.000000 0.000000 0.000000
vt 0.105579 0.000000 0.000000
vt 0.105579 0.150000 0.000000
vt 0.000000 0.150000 0.000000
vt 0.052789 -0.025408 0.000000
vt -0.052789 -0.025408 0.000000
vt -0.052789 -0.039592 0.000000
vt 0.052789 -0.039592 0.000000
vt 0.088904 0.000000 0.000000
vt 0.088904 0.150000 0.000000
vt 0.000000 0.150000 0.000000
vt 0.000000 0.000000 0.000000
vt 0.000000 0.000000 0.000000
vt 0.128203 0.000000 0.000000
vt 0.128203 0.150000 0.000000
vt 0.000000 0.150000 0.000000
vt 0.000000 0.000000 0.000000
vt 0.090496 0.000000 0.000000
vt 0.090496 0.150000 0.000000
vt 0.000000 0.150000 0.000000
vt 0.081218 0.150000 0.000000
vt 0.081218 0.000000 0.000000
vt 0.128203 0.000000 0.000000
vt 0.128203 0.150000 0.000000
vt 0.017117 -0.043656 0.000000
vt 0.017117 -0.045248 0.000000
vt 0.064101 -0.045248 0.000000
vt 0.064101 0.045248 0.000000
vt -0.064101 0.045248 0.000000
vt -0.064101 -0.043656 0.000000
vt 0.000000 0.000000 0.000000
vt 0.147056 0.000000 0.000000
vt 0.147056 0.150000 0.000000
vt 0.000000 0.150000 0.000000
vt 0.045122 0.150000 0.000000
vt 0.045122 0.000000 0.000000
vt 0.143286 0.000000 0.000000
vt 0.143286 0.150000 0.000000
vt 0.018821 0.000000 0.000000
vt 0.018821 0.150000 0.000000
vt 0.000000 0.150000 0.000000
vt 0.000000 0.000000 0.000000
vt 0.000000 0.000000 0.000000
vt 0.143286 0.000000 0.000000
vt 0.143286 0.150000 0.000000
vt 0.000000 0.150000 0.000000
vt -0.054708 -0.071643 0.000000
vt -0.035861 -0.049330 0.000000
vt -0.011819 -0.032745 0.000000
vt 0.015732 -0.023051 0.000000
vt 0.044862 -0.020926 0.000000
vt 0.073528 -0.026521 0.000000
vt 0.073528 0.071643 0.000000
vt -0.073528 0.071643 0.000000
vt -0.073528 -0.071643 0.000000
vt 0.000000 0.000000 0.000000
vt 0.174394 0.000000 0.000000
vt 0.174394 0.150000 0.000000
vt 0.000000 0.150000 0.000000
vt 0.000000 0.000000 0.000000
vt 0.152712 0.000000 0.000000
vt 0.152712 0.150000 0.000000
vt 0.000000 0.150000 0.000000
vt 0.000000 0.000000 0.000000
vt 0.174394 0.000000 0.000000
vt 0.174394 0.150000 0.000000
vt 0.000000 0.150000 0.000000
vt 0.000000 0.000000 0.000000
vt 0.152712 0.000000 0.000000
vt 0.152712 0.150000 0.000000
vt 0.000000 0.150000 0.000000
vt -0.087197 0.076356 0.000000
vt -0.087197 -0.076356 0.000000
vt 0.087197 -0.076356 0.000000
vt 0.087197 0.076356 0.000000
vt 0.162139 0.085000 0.000000
vt 0.000000 0.085000 0.000000
vt 0.000000 0.000000 0.000000
vt 0.162139 0.000000 0.000000
vt 0.194190 0.085000 0.000000
vt 0.129190 0.150000 0.000000
vt 0.000000 0.150000 0.000000
vt 0.000000 0.000000 0.000000
vt 0.194190 0.000000 0.000000
vt 0.000000 0.000000 0.000000
vt 0.162139 0.000000 0.000000
vt 0.162139 0.150000 0.000000
vt 0.000000 0.150000 0.000000
vt -0.050000 0.218508 0.000000
vt -0.050000 0.191195 0.000000
vt -0.050000 0.163881 0.000000
vt -0.050000 0.136568 0.000000
vt -0.050000 0.109254 0.000000
vt -0.050000 0.081941 0.000000
vt -0.050000 0.054627 0.000000
vt -0.050000 0.027314 0.000000
vt -0.050000 0.000000 0.000000
vt -0.050000 -0.027314 0.000000
vt -0.050000 -0.054627 0.000000
vt -0.050000 -0.081941 0.000000
vt -0.050000 -0.109254 0.000000
vt -0.050000 -0.136568 0.000000
vt -0.050000 -0.163881 0.000000
vt -0.050000 -0.191195 0.000000
vt -0.000000 -0.218508 0.000000
vt -0.000000 -0.191195 0.000000
vt -0.000000 -0.163881 0.000000
vt -0.000000 -0.136568 0.000000
vt -0.000000 -0.109254 0.000000
vt -0.000000 -0.081941 0.000000
vt -0.000000 -0.054627 0.000000
vt -0.000000 -0.027314 0.000000
vt -0.000000 0.000000 0.000000
vt -0.000000 0.027314 0.000000
vt -0.000000 0.054627 0.000000
vt -0.000000 0.081941 0.000000
vt -0.000000 0.109254 0.000000
vt -0.000000 0.136568 0.000000
vt -0.000000 0.163881 0.000000
vt -0.000000 0.191195 0.000000
vt -0.000000 0.218508 0.000000
vt -0.050000 -0.218508 0.000000
vt 0.000000 0.069553 0.000000
vt -0.026617 0.064259 0.000000
vt -0.049182 0.049182 0.000000
vt -0.064259 0.026617 0.000000
vt -0.069553 0.000000 0.000000
vt -0.064259 -0.026617 0.000000
vt -0.049182 -0.049182 0.000000
vt -0.026617 -0.064259 0.000000
vt 0.000000 -0.069553 0.000000
vt 0.026617 -0.064259 0.000000
vt 0.049182 -0.049182 0.000000
vt 0.064259 -0.026617 0.000000
vt 0.069553 0.000000 0.000000
vt 0.064259 0.026617 0.000000
vt 0.049182 0.049182 0.000000
vt 0.026617 0.064259 0.000000
vt -0.050000 -0.000162 0.000000
vt -0.050000 -0.027753 0.000000
vt -0.050000 -0.055344 0.000000
vt -0.050000 -0.082934 0.000000
vt -0.050000 -0.110525 0.000000
vt -0.050000 -0.138116 0.000000
vt -0.050000 -0.165706 0.000000
vt -0.050000 -0.193297 0.000000
vt -0.050000 0.272819 0.000000
vt -0.050000 0.245228 0.000000
vt -0.050000 0.217963 0.000000
vt -0.050000 0.190697 0.000000
vt -0.050000 0.163431 0.000000
vt -0.050000 0.136166 0.000000
vt -0.050000 0.108900 0.000000
vt -0.050000 0.081634 0.000000
vt -0.050000 0.054369 0.000000
vt -0.050000 0.027103 0.000000
vt -0.000000 -0.246853 0.000000
vt -0.000000 -0.217812 0.000000
vt -0.000000 -0.188770 0.000000
vt -0.000000 -0.159729 0.000000
vt -0.000000 -0.130687 0.000000
vt -0.000000 -0.101645 0.000000
vt -0.000000 -0.072604 0.000000
vt -0.000000 -0.043562 0.000000
vt -0.000000 -0.014521 0.000000
vt -0.000000 0.014521 0.000000
vt -0.000000 0.043562 0.000000
vt -0.000000 0.072604 0.000000
vt -0.000000 0.101645 0.000000
vt -0.000000 0.130687 0.000000
vt -0.000000 0.159729 0.000000
vt -0.000000 0.188770 0.000000
vt -0.000000 0.217812 0.000000
vt -0.000000 0.246853 0.000000
vt -0.000000 0.246853 0.000000
vt -0.050000 -0.220888 0.000000
vt -0.050000 -0.220888 0.000000
vt -0.000162 -0.078576 0.000000
vt -0.026782 -0.073341 0.000000
vt -0.050034 -0.059365 0.000000
vt -0.067148 -0.038315 0.000000
vt -0.076083 -0.012700 0.000000
vt -0.075774 0.014427 0.000000
vt -0.066259 0.039833 0.000000
vt -0.048671 0.060488 0.000000
vt -0.025106 0.073931 0.000000
vt 0.001625 0.078559 0.000000
vt -0.025496 0.074325 0.000000
vt -0.049505 0.061020 0.000000
vt -0.067473 0.040269 0.000000
vt -0.077207 0.014604 0.000000
vt -0.077519 -0.012844 0.000000
vt -0.068371 -0.038724 0.000000
vt -0.050880 -0.059878 0.000000
vt -0.027180 -0.073725 0.000000
vt 0.278031 0.285000 0.000000
vt 0.000000 0.285000 0.000000
vt 0.000000 0.000000 0.000000
vt 0.278031 0.000000 0.000000
vt 0.000000 0.000000 0.000000
vt 0.534257 0.000000 0.000000
vt 0.534257 0.350000 0.000000
vt 0.000000 0.350000 0.000000
vt 0.065000 0.350000 0.000000
vt 0.000000 0.285000 0.000000
vt 0.000000 0.000000 0.000000
vt 0.318918 0.000000 0.000000
vt 0.318918 0.350000 0.000000
vt -0.267128 -0.094459 0.000000
vt 0.267128 -0.094459 0.000000
vt 0.267128 0.159459 0.000000
vt -0.267128 0.159459 0.000000
vt -0.156819 0.068326 0.000000
vt -0.130202 0.063031 0.000000
vt -0.107637 0.047954 0.000000
vt -0.092560 0.025389 0.000000
vt -0.087266 -0.001228 0.000000
vt -0.092560 -0.027845 0.000000
vt -0.107637 -0.050410 0.000000
vt -0.130202 -0.065487 0.000000
vt -0.156819 -0.070781 0.000000
vt -0.183436 -0.065487 0.000000
vt -0.206001 -0.050410 0.000000
vt -0.221078 -0.027845 0.000000
vt -0.226372 -0.001228 0.000000
vt -0.221078 0.025389 0.000000
vt -0.206001 0.047954 0.000000
vt -0.183436 0.063031 0.000000
vt 0.149021 0.035000 0.000000
vt 0.000000 0.035000 0.000000
vt 0.000000 0.000000 0.000000
vt 0.149021 0.000000 0.000000
vt 0.065000 0.100000 0.000000
vt 0.000000 0.035000 0.000000
vt 0.000000 0.000000 0.000000
vt 0.332729 0.000000 0.000000
vt 0.332729 0.035000 0.000000
vt 0.267729 0.100000 0.000000
vt 0.149021 0.035000 0.000000
vt 0.000000 0.035000 0.000000
vt 0.000000 0.000000 0.000000
vt 0.149021 0.000000 0.000000
vt 0.413518 0.200000 0.000000
vt 0.413518 0.000000 0.000000
vt 0.455070 0.000000 0.000000
vt 0.455070 0.350000 0.000000
vt 0.140456 0.350000 0.000000
vt 0.140456 0.200000 0.000000
vt 0.162460 -0.064790 0.000000
vt -0.170269 -0.064790 0.000000
vt -0.170269 0.084231 0.000000
vt 0.162460 0.084231 0.000000
vt 0.227535 -0.135053 0.000000
vt 0.227535 0.135053 0.000000
vt -0.227535 0.135053 0.000000
vt -0.227535 -0.120147 0.000000
vt -0.227535 -0.135053 0.000000
vt -0.087079 -0.135053 0.000000
vt 0.162968 0.021942 0.000000
vt 0.172074 0.021942 0.000000
vt 0.172074 0.148943 0.000000
vt -0.100988 0.148943 0.000000
vt -0.100988 0.008003 0.000000
vt 0.002926 0.008003 0.000000
vt 0.002926 -0.166997 0.000000
vt 0.162968 -0.166997 0.000000
vt 0.173767 0.635000 0.000000
vt 0.000000 0.635000 0.000000
vt 0.000000 0.000000 0.000000
vt 0.173767 0.000000 0.000000
vt 0.178280 0.635000 0.000000
vt 0.000000 0.635000 0.000000
vt 0.000000 0.000000 0.000000
vt 0.178280 0.000000 0.000000
vt -0.001665 0.012923 0.000000
vt -0.001665 -0.077923 0.000000
vt 0.001665 -0.077923 0.000000
vt 0.001665 0.012923 0.000000
vt 0.006086 0.005470 0.000000
vt -0.069369 0.005470 0.000000
vt -0.069369 -0.070470 0.000000
vt 0.006086 -0.070470 0.000000
vt 0.335042 0.000000 0.000000
vt 0.335042 0.200000 0.000000
vt 0.175000 0.200000 0.000000
vt 0.175000 0.000000 0.000000
vt 0.175000 0.000000 0.000000
vt 0.175000 0.200000 0.000000
vt 0.350000 0.200000 0.000000
vt 0.350000 1.100000 0.000000
vt 0.000000 1.100000 0.000000
vt 0.000000 0.000000 0.000000
vt 0.309369 0.950000 0.000000
vt 0.312700 0.950000 0.000000
vt 0.350000 0.912700 0.000000
vt 0.350000 1.100000 0.000000
vt 0.000000 1.100000 0.000000
vt 0.000000 0.200000 0.000000
vt 0.103914 0.200000 0.000000
vt 0.103914 0.685000 0.000000
vt 0.168914 0.750000 0.000000
vt 0.244369 0.750000 0.000000
vt 0.244369 0.885000 0.000000
vt 0.137500 0.088388 0.000000
vt 0.037500 0.088388 0.000000
vt -0.087500 -0.088388 0.000000
vt 0.262500 -0.088388 0.000000
vt 0.137500 0.088388 0.000000
vt 0.037500 0.088388 0.000000
vt -0.087500 -0.088388 0.000000
vt 0.262500 -0.088388 0.000000
vt 0.137500 0.088388 0.000000
vt 0.037500 0.088388 0.000000
vt -0.087500 -0.088388 0.000000
vt 0.262500 -0.088388 0.000000
vt -0.087500 -0.088388 0.000000
vt 0.262500 -0.088388 0.000000
vt 0.137500 0.088388 0.000000
vt 0.037500 0.088388 0.000000
vt 0.350000 1.100000 0.000000
vt 0.000000 1.100000 0.000000
vt 0.000000 0.000000 0.000000
vt 0.350000 0.000000 0.000000
vt 0.350000 1.100000 0.000000
vt 0.000000 1.100000 0.000000
vt 0.000000 0.912700 0.000000
vt 0.000000 0.000000 0.000000
vt 0.350000 0.000000 0.000000
vt -0.050000 0.050000 0.000000
vt -0.050000 -0.050000 0.000000
vt 0.050000 -0.050000 0.000000
vt 0.050000 0.050000 0.000000
vt -0.088551 0.000000 0.000000
vt -0.000000 0.000000 0.000000
vt -0.000000 0.050000 0.000000
vt -0.088551 0.050000 0.000000
vt -0.127452 0.000000 0.000000
vt -0.000000 0.000000 0.000000
vt -0.000000 0.050000 0.000000
vt -0.127452 0.050000 0.000000
vt -0.078328 0.000000 0.000000
vt -0.000000 0.000000 0.000000
vt -0.000000 0.050000 0.000000
vt -0.078328 0.050000 0.000000
vt -0.051426 0.000000 0.000000
vt -0.000000 0.000000 0.000000
vt -0.000000 0.050000 0.000000
vt -0.051426 0.050000 0.000000
vt -0.135505 0.000000 0.000000
vt -0.000000 0.000000 0.000000
vt -0.000000 0.050000 0.000000
vt -0.135505 0.050000 0.000000
vt -0.160385 0.000000 0.000000
vt -0.000000 0.000000 0.000000
vt -0.000000 0.050000 0.000000
vt -0.160385 0.050000 0.000000
vt -0.070205 0.000000 0.000000
vt -0.000000 0.000000 0.000000
vt -0.000000 0.050000 0.000000
vt -0.070205 0.050000 0.000000
vt -0.060214 0.000000 0.000000
vt -0.000000 0.000000 0.000000
vt -0.000000 0.050000 0.000000
vt -0.060214 0.050000 0.000000
vt -0.219246 0.000000 0.000000
vt -0.000000 0.000000 0.000000
vt -0.000000 0.050000 0.000000
vt -0.219246 0.050000 0.000000
vt -0.060214 0.000000 0.000000
vt -0.000000 0.000000 0.000000
vt -0.000000 0.050000 0.000000
vt -0.060214 0.050000 0.000000
vt -0.098906 0.106071 0.000000
vt -0.098906 0.045857 0.000000
vt -0.010355 0.045857 0.000000
vt -0.019210 -0.081287 0.000000
vt -0.094367 -0.103347 0.000000
vt -0.079884 -0.152691 0.000000
vt 0.050136 -0.114528 0.000000
vt 0.050136 0.045857 0.000000
vt 0.120341 0.045857 0.000000
vt 0.120341 0.106071 0.000000
vt -0.090329 0.000000 0.000000
vt -0.000000 0.000000 0.000000
vt -0.000000 0.050000 0.000000
vt -0.090329 0.050000 0.000000
vt -0.092637 0.000000 0.000000
vt -0.000000 0.000000 0.000000
vt -0.000000 0.050000 0.000000
vt -0.092637 0.050000 0.000000
vt -0.244132 0.000000 0.000000
vt -0.000000 0.000000 0.000000
vt -0.000000 0.050000 0.000000
vt -0.244132 0.050000 0.000000
vt -0.055179 0.000000 0.000000
vt -0.000000 0.000000 0.000000
vt -0.000000 0.050000 0.000000
vt -0.055179 0.050000 0.000000
vt -0.133381 0.000000 0.000000
vt -0.000000 0.000000 0.000000
vt -0.000000 0.050000 0.000000
vt -0.133381 0.050000 0.000000
vt -0.091602 0.000000 0.000000
vt -0.000000 0.000000 0.000000
vt -0.000000 0.050000 0.000000
vt -0.091602 0.050000 0.000000
vt -0.079422 0.000000 0.000000
vt -0.000000 0.000000 0.000000
vt -0.000000 0.050000 0.000000
vt -0.079422 0.050000 0.000000
vt -0.150735 0.000000 0.000000
vt -0.000000 0.000000 0.000000
vt -0.000000 0.050000 0.000000
vt -0.150735 0.050000 0.000000
vt -0.027107 0.000000 0.000000
vt -0.000000 0.000000 0.000000
vt -0.000000 0.050000 0.000000
vt -0.027107 0.050000 0.000000
vt -0.250522 0.000000 0.000000
vt -0.000000 0.000000 0.000000
vt -0.000000 0.050000 0.000000
vt -0.250522 0.050000 0.000000
vt -0.116903 0.120059 0.000000
vt -0.062689 -0.124527 0.000000
vt -0.009715 -0.051362 0.000000
vt 0.038771 -0.130297 0.000000
vt 0.138006 0.092756 0.000000
vt 0.082826 0.092756 0.000000
vt 0.042077 -0.034248 0.000000
vt 0.002659 0.048439 0.000000
vt -0.036202 -0.020826 0.000000
vt -0.089796 0.120059 0.000000
vt -0.029249 0.000000 0.000000
vt -0.000000 0.000000 0.000000
vt -0.000000 0.050000 0.000000
vt -0.029249 0.050000 0.000000
vt -0.118798 0.000000 0.000000
vt -0.000000 0.000000 0.000000
vt -0.000000 0.050000 0.000000
vt -0.118798 0.050000 0.000000
vt -0.140371 0.000000 0.000000
vt -0.000000 0.000000 0.000000
vt -0.000000 0.050000 0.000000
vt -0.140371 0.050000 0.000000
vt -0.033452 0.000000 0.000000
vt -0.000000 0.000000 0.000000
vt -0.000000 0.050000 0.000000
vt -0.033452 0.050000 0.000000
vt -0.154716 0.000000 0.000000
vt -0.000000 0.000000 0.000000
vt -0.000000 0.050000 0.000000
vt -0.154716 0.050000 0.000000
vt -0.113857 0.000000 0.000000
vt -0.000000 0.000000 0.000000
vt -0.000000 0.050000 0.000000
vt -0.113857 0.050000 0.000000
vt -0.030010 0.000000 0.000000
vt -0.000000 0.000000 0.000000
vt -0.000000 0.050000 0.000000
vt -0.030010 0.050000 0.000000
vt -0.089688 0.000000 0.000000
vt -0.000000 0.000000 0.000000
vt -0.000000 0.050000 0.000000
vt -0.089688 0.050000 0.000000
vt -0.095910 0.000000 0.000000
vt -0.000000 0.000000 0.000000
vt -0.000000 0.050000 0.000000
vt -0.095910 0.050000 0.000000
vt -0.035966 0.000000 0.000000
vt -0.000000 0.000000 0.000000
vt -0.000000 0.050000 0.000000
vt -0.035966 0.050000 0.000000
vt -0.281774 0.000000 0.000000
vt -0.000000 0.000000 0.000000
vt -0.000000 0.050000 0.000000
vt -0.281774 0.050000 0.000000
vt -0.044412 0.147133 0.000000
vt -0.044412 -0.134642 0.000000
vt -0.015164 -0.134642 0.000000
vt -0.015164 -0.015844 0.000000
vt 0.059610 -0.134642 0.000000
vt 0.084597 -0.112401 0.000000
vt -0.003634 0.014691 0.000000
vt 0.059610 0.109368 0.000000
vt 0.034655 0.126037 0.000000
vt -0.015164 0.051458 0.000000
vt -0.008446 0.147133 0.000000
vt -0.027754 0.000000 0.000000
vt -0.000000 0.000000 0.000000
vt -0.000000 0.050000 0.000000
vt -0.027754 0.050000 0.000000
vt -0.087615 0.000000 0.000000
vt -0.000000 0.000000 0.000000
vt -0.000000 0.050000 0.000000
vt -0.087615 0.050000 0.000000
vt -0.061737 0.000000 0.000000
vt -0.000000 0.000000 0.000000
vt -0.000000 0.050000 0.000000
vt -0.061737 0.050000 0.000000
vt -0.100012 0.000000 0.000000
vt -0.000000 0.000000 0.000000
vt -0.000000 0.050000 0.000000
vt -0.100012 0.050000 0.000000
vt -0.031476 0.000000 0.000000
vt -0.000000 0.000000 0.000000
vt -0.000000 0.050000 0.000000
vt -0.031476 0.050000 0.000000
vt -0.140507 0.000000 0.000000
vt -0.000000 0.000000 0.000000
vt -0.000000 0.050000 0.000000
vt -0.140507 0.050000 0.000000
vt -0.120967 0.000000 0.000000
vt -0.000000 0.000000 0.000000
vt -0.000000 0.050000 0.000000
vt -0.120967 0.050000 0.000000
vt -0.128110 0.000000 0.000000
vt -0.000000 0.000000 0.000000
vt -0.000000 0.050000 0.000000
vt -0.128110 0.050000 0.000000
vt -0.061605 0.064443 0.000000
vt -0.061605 -0.063667 0.000000
vt -0.033851 -0.063667 0.000000
vt -0.033851 0.023948 0.000000
vt 0.027886 0.023948 0.000000
vt 0.027886 -0.076064 0.000000
vt 0.059361 -0.076064 0.000000
vt 0.059361 0.064443 0.000000
vt 0.050000 -0.082497 0.000000
vt 0.050000 -0.065997 0.000000
vt 0.050000 -0.049498 0.000000
vt 0.050000 -0.032999 0.000000
vt 0.050000 -0.016499 0.000000
vt 0.050000 0.000000 0.000000
vt 0.050000 0.016499 0.000000
vt 0.050000 0.032999 0.000000
vt 0.050000 0.049498 0.000000
vt 0.050000 0.065997 0.000000
vt 0.000000 0.082497 0.000000
vt 0.000000 0.065997 0.000000
vt 0.000000 0.049498 0.000000
vt 0.000000 0.032999 0.000000
vt 0.000000 0.016499 0.000000
vt 0.000000 0.000000 0.000000
vt 0.000000 -0.016499 0.000000
vt 0.000000 -0.032999 0.000000
vt 0.000000 -0.049498 0.000000
vt 0.000000 -0.065997 0.000000
vt 0.000000 -0.082497 0.000000
vt 0.050000 0.082497 0.000000
vt -0.000000 0.026260 0.000000
vt -0.015435 0.021244 0.000000
vt -0.024974 0.008115 0.000000
vt -0.024974 -0.008115 0.000000
vt -0.015435 -0.021244 0.000000
vt -0.000000 -0.026260 0.000000
vt 0.015435 -0.021244 0.000000
vt 0.024974 -0.008115 0.000000
vt 0.024974 0.008115 0.000000
vt 0.015435 0.021244 0.000000
vt -0.037764 0.000000 0.000000
vt -0.000000 0.000000 0.000000
vt -0.000000 0.050000 0.000000
vt -0.037764 0.050000 0.000000
vt -0.179913 0.000000 0.000000
vt -0.000000 0.000000 0.000000
vt -0.000000 0.050000 0.000000
vt -0.179913 0.050000 0.000000
vt -0.037764 0.000000 0.000000
vt -0.000000 0.000000 0.000000
vt -0.000000 0.050000 0.000000
vt -0.037764 0.050000 0.000000
vt -0.179913 0.000000 0.000000
vt -0.000000 0.000000 0.000000
vt -0.000000 0.050000 0.000000
vt -0.179913 0.050000 0.000000
vt -0.018882 0.089957 0.000000
vt -0.018882 -0.089957 0.000000
vt 0.018882 -0.089957 0.000000
vt 0.018882 0.089957 0.000000
vt 0.000000 0.334271 0.000000
vt 0.000000 0.300874 0.000000
vt 0.000000 0.267476 0.000000
vt 0.000000 0.234078 0.000000
vt 0.000000 0.200681 0.000000
vt 0.000000 0.167283 0.000000
vt 0.000000 0.133885 0.000000
vt 0.000000 0.100488 0.000000
vt 0.000000 0.067090 0.000000
vt 0.000000 0.033692 0.000000
vt 0.000000 0.000295 0.000000
vt 0.000000 -0.033103 0.000000
vt 0.000000 -0.066501 0.000000
vt 0.050000 -0.066501 0.000000
vt 0.050000 -0.033103 0.000000
vt 0.050000 0.000295 0.000000
vt 0.050000 0.033692 0.000000
vt 0.050000 0.067090 0.000000
vt 0.050000 0.100488 0.000000
vt 0.050000 0.133885 0.000000
vt 0.050000 0.167283 0.000000
vt 0.050000 0.200681 0.000000
vt 0.050000 0.234078 0.000000
vt 0.050000 0.267476 0.000000
vt 0.050000 0.300874 0.000000
vt 0.050000 0.334271 0.000000
vt -0.042260 0.000000 0.000000
vt -0.000000 0.000000 0.000000
vt -0.000000 0.050000 0.000000
vt -0.042260 0.050000 0.000000
vt -0.000000 0.143600 0.000000
vt -0.000000 0.169074 0.000000
vt -0.000000 0.194548 0.000000
vt -0.000000 -0.203789 0.000000
vt -0.000000 -0.178316 0.000000
vt -0.000000 -0.152842 0.000000
vt -0.000000 -0.127368 0.000000
vt -0.000000 -0.101895 0.000000
vt -0.000000 -0.076421 0.000000
vt -0.000000 -0.050947 0.000000
vt -0.000000 -0.025474 0.000000
vt -0.000000 0.000000 0.000000
vt -0.050000 0.000000 0.000000
vt -0.050000 -0.025474 0.000000
vt -0.050000 -0.050947 0.000000
vt -0.050000 -0.076421 0.000000
vt -0.050000 -0.101895 0.000000
vt -0.050000 -0.127368 0.000000
vt -0.050000 -0.152842 0.000000
vt -0.050000 -0.178316 0.000000
vt -0.050000 0.220021 0.000000
vt -0.050000 0.194548 0.000000
vt -0.050000 0.169074 0.000000
vt -0.050000 0.143600 0.000000
vt -0.000000 0.220021 0.000000
vt -0.000000 0.220021 0.000000
vt -0.050000 -0.203789 0.000000
vt -0.050000 -0.203789 0.000000
vt -0.042260 0.000000 0.000000
vt -0.000000 0.000000 0.000000
vt -0.000000 0.050000 0.000000
vt -0.042260 0.050000 0.000000
vt 0.062361 0.062025 0.000000
vt 0.060351 0.104237 0.000000
vt 0.027284 0.107822 0.000000
vt -0.005274 0.101021 0.000000
vt -0.034142 0.084501 0.000000
vt -0.056498 0.059874 0.000000
vt -0.070159 0.029548 0.000000
vt -0.073789 -0.003514 0.000000
vt -0.067034 -0.036081 0.000000
vt -0.050553 -0.064972 0.000000
vt -0.025958 -0.087362 0.000000
vt 0.004349 -0.101065 0.000000
vt 0.037406 -0.104741 0.000000
vt 0.069983 -0.098031 0.000000
vt 0.067973 -0.055819 0.000000
vt 0.044319 -0.064859 0.000000
vt 0.018998 -0.064541 0.000000
vt -0.004420 -0.054908 0.000000
vt -0.022637 -0.037318 0.000000
vt -0.033083 -0.014251 0.000000
vt -0.034288 0.011043 0.000000
vt -0.026080 0.034998 0.000000
vt -0.009618 0.054239 0.000000
vt 0.012780 0.066054 0.000000
vt 0.037955 0.068777 0.000000
vt -0.050000 0.132409 0.000000
vt -0.050000 0.112038 0.000000
vt -0.050000 0.091668 0.000000
vt -0.050000 0.071297 0.000000
vt -0.050000 0.050927 0.000000
vt -0.050000 0.030556 0.000000
vt -0.050000 0.010185 0.000000
vt -0.050000 -0.010185 0.000000
vt -0.050000 -0.030556 0.000000
vt -0.050000 -0.050927 0.000000
vt -0.050000 -0.071297 0.000000
vt -0.050000 -0.091668 0.000000
vt -0.050000 -0.112038 0.000000
vt -0.000000 -0.132409 0.000000
vt -0.000000 -0.112038 0.000000
vt -0.000000 -0.091668 0.000000
vt -0.000000 -0.071297 0.000000
vt -0.000000 -0.050927 0.000000
vt -0.000000 -0.030556 0.000000
vt -0.000000 -0.010185 0.000000
vt -0.000000 0.010185 0.000000
vt -0.000000 0.030556 0.000000
vt -0.000000 0.050927 0.000000
vt -0.000000 0.071297 0.000000
vt -0.000000 0.091668 0.000000
vt -0.000000 0.112038 0.000000
vt -0.000000 0.132409 0.000000
vt -0.050000 -0.132409 0.000000
vt 0.050000 -0.245002 0.000000
vt 0.050000 -0.216178 0.000000
vt 0.050000 -0.187355 0.000000
vt 0.050000 -0.158531 0.000000
vt 0.050000 -0.129707 0.000000
vt 0.050000 -0.100883 0.000000
vt 0.050000 -0.072059 0.000000
vt 0.050000 -0.043236 0.000000
vt 0.050000 -0.014412 0.000000
vt 0.050000 0.014412 0.000000
vt 0.050000 0.043236 0.000000
vt 0.050000 0.072059 0.000000
vt 0.050000 0.100883 0.000000
vt 0.050000 0.129707 0.000000
vt 0.050000 0.158531 0.000000
vt 0.050000 0.187355 0.000000
vt 0.050000 0.216178 0.000000
vt 0.000000 0.245002 0.000000
vt 0.000000 0.216178 0.000000
vt 0.000000 0.187355 0.000000
vt 0.000000 0.158531 0.000000
vt 0.000000 0.129707 0.000000
vt 0.000000 0.100883 0.000000
vt 0.000000 0.072059 0.000000
vt 0.000000 0.043236 0.000000
vt 0.000000 0.014412 0.000000
vt 0.000000 -0.014412 0.000000
vt 0.000000 -0.043236 0.000000
vt 0.000000 -0.072059 0.000000
vt 0.000000 -0.100883 0.000000
vt 0.000000 -0.129707 0.000000
vt 0.000000 -0.158531 0.000000
vt 0.000000 -0.187355 0.000000
vt 0.000000 -0.216178 0.000000
vt 0.000000 -0.245002 0.000000
vt 0.050000 0.245002 0.000000
vt -0.000000 0.042147 0.000000
vt 0.019587 0.037319 0.000000
vt 0.034686 0.023942 0.000000
vt 0.041840 0.005080 0.000000
vt 0.039408 -0.014946 0.000000
vt 0.027949 -0.031548 0.000000
vt 0.010086 -0.040922 0.000000
vt -0.010086 -0.040922 0.000000
vt -0.027949 -0.031548 0.000000
vt -0.039408 -0.014946 0.000000
vt -0.041840 0.005080 0.000000
vt -0.034686 0.023942 0.000000
vt -0.019587 0.037319 0.000000
vt -0.000000 0.077987 0.000000
vt -0.028172 0.072720 0.000000
vt -0.052539 0.057633 0.000000
vt -0.069811 0.034762 0.000000
vt -0.077654 0.007196 0.000000
vt -0.075010 -0.021342 0.000000
vt -0.062235 -0.046997 0.000000
vt -0.041055 -0.066306 0.000000
vt -0.014330 -0.076659 0.000000
vt 0.014330 -0.076659 0.000000
vt 0.041055 -0.066306 0.000000
vt 0.062235 -0.046997 0.000000
vt 0.075010 -0.021342 0.000000
vt 0.077654 0.007196 0.000000
vt 0.069811 0.034762 0.000000
vt 0.052539 0.057633 0.000000
vt 0.028172 0.072720 0.000000
vt -0.051036 0.000000 0.000000
vt -0.000000 0.000000 0.000000
vt -0.000000 0.050000 0.000000
vt -0.051036 0.050000 0.000000
vt -0.074347 0.000000 0.000000
vt -0.000000 0.000000 0.000000
vt -0.000000 0.050000 0.000000
vt -0.074347 0.050000 0.000000
vt -0.065527 0.000000 0.000000
vt -0.000000 0.000000 0.000000
vt -0.000000 0.050000 0.000000
vt -0.065527 0.050000 0.000000
vt -0.074347 0.000000 0.000000
vt -0.000000 0.000000 0.000000
vt -0.000000 0.050000 0.000000
vt -0.074347 0.050000 0.000000
vt -0.047587 0.000000 0.000000
vt -0.000000 0.000000 0.000000
vt -0.000000 0.050000 0.000000
vt -0.047587 0.050000 0.000000
vt -0.128110 0.000000 0.000000
vt -0.000000 0.000000 0.000000
vt -0.000000 0.050000 0.000000
vt -0.128110 0.050000 0.000000
vt -0.113114 0.000000 0.000000
vt -0.000000 0.000000 0.000000
vt -0.000000 0.050000 0.000000
vt -0.113114 0.050000 0.000000
vt -0.162779 0.000000 0.000000
vt -0.000000 0.000000 0.000000
vt -0.000000 0.050000 0.000000
vt -0.162779 0.050000 0.000000
vt -0.051036 0.000000 0.000000
vt -0.000000 0.000000 0.000000
vt -0.000000 0.050000 0.000000
vt -0.051036 0.050000 0.000000
vt -0.290889 0.000000 0.000000
vt -0.000000 0.000000 0.000000
vt -0.000000 0.050000 0.000000
vt -0.290889 0.050000 0.000000
vt -0.064927 0.173439 0.000000
vt -0.064927 -0.117450 0.000000
vt -0.013891 -0.117450 0.000000
vt -0.013891 -0.043102 0.000000
vt 0.051637 -0.043102 0.000000
vt 0.051637 -0.117450 0.000000
vt 0.099223 -0.117450 0.000000
vt 0.099223 0.010660 0.000000
vt -0.013891 0.010660 0.000000
vt -0.013891 0.173439 0.000000
vt -0.000000 -0.889000 0.000000
vt 0.099536 -0.883410 0.000000
vt 0.197821 -0.866711 0.000000
vt 0.293618 -0.839112 0.000000
vt 0.385723 -0.800961 0.000000
vt 0.472977 -0.752738 0.000000
vt 0.554282 -0.695048 0.000000
vt 0.628618 -0.628618 0.000000
vt 0.695048 -0.554282 0.000000
vt 0.752738 -0.472977 0.000000
vt 0.800961 -0.385723 0.000000
vt 0.839112 -0.293618 0.000000
vt 0.866711 -0.197821 0.000000
vt 0.883410 -0.099536 0.000000
vt 0.889000 0.000000 0.000000
vt 0.883410 0.099536 0.000000
vt 0.866711 0.197821 0.000000
vt 0.839112 0.293618 0.000000
vt 0.800961 0.385723 0.000000
vt 0.752738 0.472977 0.000000
vt 0.695048 0.554282 0.000000
vt 0.628618 0.628618 0.000000
vt 0.554282 0.695048 0.000000
vt 0.472977 0.752738 0.000000
vt 0.385723 0.800961 0.000000
vt 0.293618 0.839112 0.000000
vt 0.197821 0.866711 0.000000
vt 0.099536 0.883410 0.000000
vt -0.000000 0.889000 0.000000
vt -0.099536 0.883410 0.000000
vt -0.197821 0.866711 0.000000
vt -0.293618 0.839112 0.000000
vt -0.385723 0.800961 0.000000
vt -0.472977 0.752738 0.000000
vt -0.554282 0.695048 0.000000
vt -0.628618 0.628618 0.000000
vt -0.695048 0.554282 0.000000
vt -0.752738 0.472977 0.000000
vt -0.800961 0.385723 0.000000
vt -0.839112 0.293618 0.000000
vt -0.866711 0.197821 0.000000
vt -0.883410 0.099536 0.000000
vt -0.889000 0.000000 0.000000
vt -0.883410 -0.099536 0.000000
vt -0.866711 -0.197821 0.000000
vt -0.839112 -0.293618 0.000000
vt -0.800961 -0.385723 0.000000
vt -0.752738 -0.472977 0.000000
vt -0.695048 -0.554282 0.000000
vt -0.628618 -0.628618 0.000000
vt -0.554282 -0.695048 0.000000
vt -0.472977 -0.752738 0.000000
vt -0.385723 -0.800961 0.000000
vt -0.293618 -0.839112 0.000000
vt -0.197821 -0.866711 0.000000
vt -0.099536 -0.883410 0.000000
vt 0.112276 0.053125 0.000000
vt 0.061240 0.053125 0.000000
vt 0.061240 0.344014 0.000000
vt 0.112276 0.344014 0.000000
vt 0.112276 0.181235 0.000000
vt 0.225390 0.181235 0.000000
vt 0.225390 0.053125 0.000000
vt 0.177803 0.053125 0.000000
vt 0.177803 0.127472 0.000000
vt 0.112276 0.127472 0.000000
vt -0.111180 0.216489 0.000000
vt -0.083008 0.211223 0.000000
vt -0.058641 0.196135 0.000000
vt -0.041370 0.173264 0.000000
vt -0.033527 0.145698 0.000000
vt -0.036171 0.117160 0.000000
vt -0.048946 0.091505 0.000000
vt -0.070126 0.072197 0.000000
vt -0.096850 0.061844 0.000000
vt -0.125510 0.061844 0.000000
vt -0.152235 0.072197 0.000000
vt -0.173415 0.091505 0.000000
vt -0.186190 0.117160 0.000000
vt -0.188834 0.145698 0.000000
vt -0.180991 0.173264 0.000000
vt -0.163720 0.196135 0.000000
vt -0.139353 0.211223 0.000000
vt 0.166269 -0.337070 0.000000
vt 0.133692 -0.343780 0.000000
vt 0.100635 -0.340104 0.000000
vt 0.070328 -0.326401 0.000000
vt 0.045732 -0.304011 0.000000
vt 0.029252 -0.275120 0.000000
vt 0.022496 -0.242553 0.000000
vt 0.026127 -0.209491 0.000000
vt 0.039787 -0.179165 0.000000
vt 0.062144 -0.154538 0.000000
vt 0.091012 -0.138018 0.000000
vt 0.123570 -0.131217 0.000000
vt 0.156637 -0.134802 0.000000
vt 0.158647 -0.177014 0.000000
vt 0.134241 -0.170262 0.000000
vt 0.109065 -0.172985 0.000000
vt 0.086668 -0.184799 0.000000
vt 0.070205 -0.204040 0.000000
vt 0.061998 -0.227996 0.000000
vt 0.063202 -0.253290 0.000000
vt 0.073649 -0.276357 0.000000
vt 0.091865 -0.293947 0.000000
vt 0.115284 -0.303580 0.000000
vt 0.140605 -0.303898 0.000000
vt 0.164258 -0.294857 0.000000
vt -0.038466 -0.316426 0.000000
vt -0.076230 -0.316426 0.000000
vt -0.076230 -0.136513 0.000000
vt -0.038466 -0.136513 0.000000
vt -0.057348 -0.059761 0.000000
vt -0.041913 -0.064776 0.000000
vt -0.032374 -0.077906 0.000000
vt -0.032374 -0.094135 0.000000
vt -0.041913 -0.107265 0.000000
vt -0.057348 -0.112280 0.000000
vt -0.072783 -0.107265 0.000000
vt -0.082322 -0.094135 0.000000
vt -0.082322 -0.077906 0.000000
vt -0.072783 -0.064776 0.000000
vt 0.318027 0.053125 0.000000
vt 0.290273 0.053125 0.000000
vt 0.290273 0.181235 0.000000
vt 0.411240 0.181235 0.000000
vt 0.411240 0.040728 0.000000
vt 0.379765 0.040728 0.000000
vt 0.379765 0.140740 0.000000
vt 0.318027 0.140740 0.000000
vt 0.284989 -0.356289 0.000000
vt 0.255741 -0.356289 0.000000
vt 0.255741 -0.074515 0.000000
vt 0.291707 -0.074515 0.000000
vt 0.284989 -0.170190 0.000000
vt 0.334808 -0.095610 0.000000
vt 0.359763 -0.112280 0.000000
vt 0.296519 -0.206956 0.000000
vt 0.384750 -0.334048 0.000000
vt 0.359763 -0.356289 0.000000
vt 0.284989 -0.237492 0.000000
vt -0.303942 -0.237492 0.000000
vt -0.356915 -0.310656 0.000000
vt -0.411129 -0.066071 0.000000
vt -0.384022 -0.066071 0.000000
vt -0.330428 -0.206956 0.000000
vt -0.291567 -0.137691 0.000000
vt -0.252149 -0.220378 0.000000
vt -0.211400 -0.093373 0.000000
vt -0.156220 -0.093373 0.000000
vt -0.255455 -0.316426 0.000000
vt -0.360249 0.241860 0.000000
vt -0.448800 0.241860 0.000000
vt -0.448800 0.302074 0.000000
vt -0.229553 0.302074 0.000000
vt -0.229553 0.241860 0.000000
vt -0.299758 0.241860 0.000000
vt -0.299758 0.081475 0.000000
vt -0.429778 0.043312 0.000000
vt -0.444261 0.092656 0.000000
vt -0.369104 0.114716 0.000000
vt -0.100000 0.000000 0.000000
vt -0.100000 -0.099746 0.000000
vt -0.100000 -0.199491 0.000000
vt -0.100000 -0.299237 0.000000
vt -0.100000 -0.398982 0.000000
vt -0.100000 -0.498728 0.000000
vt -0.100000 -0.598473 0.000000
vt -0.100000 -0.698219 0.000000
vt -0.100000 -0.797965 0.000000
vt -0.100000 -0.897710 0.000000
vt -0.100000 -0.997456 0.000000
vt -0.100000 -1.097201 0.000000
vt -0.100000 -1.196947 0.000000
vt -0.100000 -1.296692 0.000000
vt -0.100000 -1.396438 0.000000
vt -0.100000 -1.496184 0.000000
vt -0.100000 -1.595929 0.000000
vt -0.100000 -1.695675 0.000000
vt -0.100000 -1.795420 0.000000
vt -0.100000 -1.895166 0.000000
vt -0.100000 -1.994911 0.000000
vt -0.100000 -2.094657 0.000000
vt -0.100000 -2.194402 0.000000
vt -0.100000 -2.294148 0.000000
vt -0.100000 -2.393893 0.000000
vt -0.100000 -2.493639 0.000000
vt -0.100000 -2.593385 0.000000
vt -0.100000 -2.693130 0.000000
vt -0.100000 2.792876 0.000000
vt -0.100000 2.693130 0.000000
vt -0.100000 2.593385 0.000000
vt -0.100000 2.493639 0.000000
vt -0.100000 2.393893 0.000000
vt -0.100000 2.294148 0.000000
vt -0.100000 2.194402 0.000000
vt -0.100000 2.094657 0.000000
vt -0.100000 1.994911 0.000000
vt -0.100000 1.895166 0.000000
vt -0.100000 1.795420 0.000000
vt -0.100000 1.695675 0.000000
vt -0.100000 1.595929 0.000000
vt -0.100000 1.496184 0.000000
vt -0.100000 1.396438 0.000000
vt -0.100000 1.296692 0.000000
vt -0.100000 1.196947 0.000000
vt -0.100000 1.097201 0.000000
vt -0.100000 0.997456 0.000000
vt -0.100000 0.897710 0.000000
vt -0.100000 0.797965 0.000000
vt -0.100000 0.698219 0.000000
vt -0.100000 0.598473 0.000000
vt -0.100000 0.498728 0.000000
vt -0.100000 0.398982 0.000000
vt -0.100000 0.299237 0.000000
vt -0.100000 0.199491 0.000000
vt -0.100000 0.099746 0.000000
vt -0.000000 -2.792876 0.000000
vt -0.000000 -2.693130 0.000000
vt -0.000000 -2.593385 0.000000
vt -0.000000 -2.493639 0.000000
vt -0.000000 -2.393893 0.000000
vt -0.000000 -2.294148 0.000000
vt -0.000000 -2.194402 0.000000
vt -0.000000 -2.094657 0.000000
vt -0.000000 -1.994911 0.000000
vt -0.000000 -1.895166 0.000000
vt -0.000000 -1.795420 0.000000
vt -0.000000 -1.695675 0.000000
vt -0.000000 -1.595929 0.000000
vt -0.000000 -1.496184 0.000000
vt -0.000000 -1.396438 0.000000
vt -0.000000 -1.296692 0.000000
vt -0.000000 -1.196947 0.000000
vt -0.000000 -1.097201 0.000000
vt -0.000000 -0.997456 0.000000
vt -0.000000 -0.897710 0.000000
vt -0.000000 -0.797965 0.000000
vt -0.000000 -0.698219 0.000000
vt -0.000000 -0.598473 0.000000
vt -0.000000 -0.498728 0.000000
vt -0.000000 -0.398982 0.000000
vt -0.000000 -0.299237 0.000000
vt -0.000000 -0.199491 0.000000
vt -0.000000 -0.099746 0.000000
vt -0.000000 0.000000 0.000000
vt -0.000000 0.099746 0.000000
vt -0.000000 0.199491 0.000000
vt -0.000000 0.299237 0.000000
vt -0.000000 0.398982 0.000000
vt -0.000000 0.498728 0.000000
vt -0.000000 0.598473 0.000000
vt -0.000000 0.698219 0.000000
vt -0.000000 0.797965 0.000000
vt -0.000000 0.897710 0.000000
vt -0.000000 0.997456 0.000000
vt -0.000000 1.097201 0.000000
vt -0.000000 1.196947 0.000000
vt -0.000000 1.296692 0.000000
vt -0.000000 1.396438 0.000000
vt -0.000000 1.496184 0.000000
vt -0.000000 1.595929 0.000000
vt -0.000000 1.695675 0.000000
vt -0.000000 1.795420 0.000000
vt -0.000000 1.895166 0.000000
vt -0.000000 1.994911 0.000000
vt -0.000000 2.094657 0.000000
vt -0.000000 2.194402 0.000000
vt -0.000000 2.294148 0.000000
vt -0.000000 2.393893 0.000000
vt -0.000000 2.493639 0.000000
vt -0.000000 2.593385 0.000000
vt -0.000000 2.693130 0.000000
vt -0.000000 2.792876 0.000000
vt -0.100000 -2.792876 0.000000
vt -0.111180 0.180649 0.000000
vt -0.130767 0.175822 0.000000
vt -0.145867 0.162445 0.000000
vt -0.153020 0.143583 0.000000
vt -0.150589 0.123557 0.000000
vt -0.139129 0.106955 0.000000
vt -0.121267 0.097580 0.000000
vt -0.101094 0.097580 0.000000
vt -0.083232 0.106955 0.000000
vt -0.071772 0.123557 0.000000
vt -0.069341 0.143583 0.000000
vt -0.076494 0.162445 0.000000
vt -0.091594 0.175822 0.000000
vn -0.999998 0.000000 -0.002052
vn -0.941099 0.000000 0.338131
vn -0.770017 0.000000 0.638023
vn -0.507147 0.000000 0.861860
vn -0.183822 0.000000 0.982960
vn 0.161415 0.000000 0.986887
vn 0.487411 0.000000 0.873173
vn 0.755305 0.000000 0.655373
vn 0.933164 0.000000 0.359451
vn 0.999998 0.000000 0.002052
vn 0.941099 0.000000 -0.338131
vn 0.770017 0.000000 -0.638023
vn 0.507147 0.000000 -0.861860
vn 0.183822 0.000000 -0.982960
vn -0.161415 0.000000 -0.986887
vn -0.487411 0.000000 -0.873173
vn -0.755305 0.000000 -0.655373
vn -0.933164 0.000000 -0.359451
vn 0.999786 0.000000 0.020695
vn 0.999892 0.009322 0.011374
vn -0.999786 0.000000 -0.020695
vn -0.999892 0.009322 -0.011374
vn 0.999788 0.001713 0.020536
vn 0.999802 0.004907 0.019299
vn 0.999828 0.007439 0.016991
vn 0.999863 0.008966 0.013925
vn 0.999902 0.009282 0.010514
vn 0.999939 0.008345 0.007219
vn 0.999970 0.006280 0.004485
vn 0.999991 0.003368 0.002682
vn -0.999793 0.003368 -0.020066
vn -0.999813 0.006280 -0.018262
vn -0.999845 0.008345 -0.015529
vn -0.999882 0.009282 -0.012234
vn -0.999921 0.008966 -0.008823
vn -0.999956 0.007439 -0.005756
vn -0.999982 0.004907 -0.003448
vn -0.999996 0.001713 -0.002211
vn 0.933232 0.064094 0.353512
vn 0.755430 0.118838 0.644362
vn 0.487579 0.159416 0.858402
vn 0.161606 0.180991 0.970116
vn -0.183631 0.180991 0.966189
vn -0.506979 0.159416 0.847089
vn -0.769892 0.118838 0.627012
vn -0.941031 0.064094 0.332192
vn -0.933432 0.126006 -0.335898
vn -0.755802 0.233629 -0.611703
vn -0.488077 0.313403 -0.814591
vn -0.162172 0.355818 -0.920377
vn 0.183065 0.355818 -0.916450
vn 0.506480 0.313403 -0.803278
vn 0.769521 0.233629 -0.594353
vn 0.940831 0.126006 -0.314578
vn 0.937498 0.347325 -0.021523
vn 0.763340 0.643981 -0.050995
vn 0.498189 0.863872 -0.074388
vn 0.173652 0.980785 -0.088914
vn -0.171585 0.980785 -0.092841
vn -0.496368 0.863872 -0.085701
vn -0.761983 0.643981 -0.068345
vn -0.936765 0.347325 -0.042842
vn -0.938217 0.335498 0.084791
vn -0.764674 0.622051 0.168302
vn -0.499979 0.834453 0.231751
vn -0.175684 0.947386 0.267573
vn 0.169553 0.947386 0.271500
vn 0.494578 0.834453 0.243064
vn 0.760648 0.622051 0.185652
vn 0.936046 0.335498 0.106111
vn 0.933758 0.183627 0.307208
vn 0.756407 0.340465 0.558509
vn 0.488889 0.456718 0.743234
vn 0.163093 0.518529 0.839362
vn -0.182144 0.518529 0.835435
vn -0.505669 0.456718 0.731921
vn -0.768916 0.340465 0.541159
vn -0.940505 0.183627 0.285888
vn 0.934741 0.278359 0.220853
vn 0.758228 0.516110 0.398398
vn 0.491332 0.692338 0.528452
vn 0.165867 0.786036 0.595512
vn -0.179370 0.786036 0.591585
vn -0.503225 0.692338 0.517139
vn -0.767094 0.516110 0.381047
vn -0.939523 0.278359 0.199534
vn 0.938900 0.312245 -0.144810
vn 0.765940 0.578938 -0.279583
vn 0.501677 0.776619 -0.381029
vn 0.177612 0.881724 -0.437054
vn -0.167625 0.881724 -0.440982
vn -0.492880 0.776619 -0.392342
vn -0.759382 0.578938 -0.296933
vn -0.935363 0.312245 -0.166129
vn 0.940064 0.234994 -0.247100
vn 0.768098 0.435706 -0.469240
vn 0.504571 0.584480 -0.635446
vn 0.180898 0.663581 -0.725903
vn -0.164339 0.663581 -0.729830
vn -0.489986 0.584480 -0.646759
vn -0.757225 0.435706 -0.486591
vn -0.934200 0.234994 -0.268419
vn -0.707107 0.707107 0.000000
vn -0.707107 0.707107 0.000000
vn -0.707107 0.707107 0.000000
vn -0.707107 0.707107 0.000000
vn -1.000000 0.000000 0.000000
vn -1.000000 0.000000 0.000000
vn -1.000000 0.000000 0.000000
vn -1.000000 0.000000 0.000000
vn -1.000000 0.000000 0.000000
vn -1.000000 0.000000 0.000000
vn -1.000000 0.000000 0.000000
vn -1.000000 0.000000 0.000000
vn 0.000000 0.000000 -1.000000
vn 0.000000 0.000000 -1.000000
vn 0.000000 0.000000 -1.000000
vn 0.000000 0.000000 -1.000000
vn 0.000000 0.000000 -1.000000
vn 0.000000 0.000000 -1.000000
vn 0.000000 0.000000 -1.000000
vn 0.000000 0.000000 -1.000000
vn 0.000000 0.000000 -1.000000
vn -0.707107 0.707107 0.000000
vn -0.707107 0.707107 0.000000
vn -0.707107 0.707107 0.000000
vn -0.707107 0.707107 0.000000
vn 0.000000 1.000000 0.000000
vn 0.000000 1.000000 0.000000
vn 0.000000 1.000000 0.000000
vn 0.000000 1.000000 0.000000
vn 0.000000 0.707107 0.707107
vn 0.000000 0.707107 0.707107
vn 0.000000 0.707107 0.707107
vn 0.000000 0.707107 0.707107
vn -1.000000 0.000000 0.000000
vn -1.000000 0.000000 0.000000
vn -1.000000 0.000000 0.000000
vn -1.000000 0.000000 0.000000
vn -1.000000 0.000000 0.000000
vn 0.000000 1.000000 0.000000
vn 0.000000 1.000000 0.000000
vn 0.000000 1.000000 0.000000
vn 0.000000 1.000000 0.000000
vn 0.000000 1.000000 0.000000
vn 0.000000 1.000000 0.000000
vn 0.000000 1.000000 0.000000
vn 0.000000 0.707107 0.707107
vn 0.000000 0.707107 0.707107
vn 0.000000 0.707107 0.707107
vn 0.000000 0.707107 0.707107
vn 0.000000 0.000000 1.000000
vn 0.000000 0.000000 1.000000
vn 0.000000 0.000000 1.000000
vn 0.000000 0.000000 1.000000
vn -1.000000 0.000000 0.000000
vn -1.000000 0.000000 0.000000
vn -1.000000 0.000000 0.000000
vn -1.000000 0.000000 0.000000
vn -1.000000 0.000000 0.000000
vn -0.707107 0.707107 0.000000
vn -0.707107 0.707107 0.000000
vn -0.707107 0.707107 0.000000
vn -0.707107 0.707107 0.000000
vn 0.000000 0.000000 -1.000000
vn 0.000000 0.000000 -1.000000
vn 0.000000 0.000000 -1.000000
vn 0.000000 0.000000 -1.000000
vn 0.000000 0.000000 -1.000000
vn 0.000000 0.000000 -1.000000
vn 0.000000 0.000000 -1.000000
vn 0.000000 0.000000 -1.000000
vn 0.000000 0.000000 -1.000000
vn 0.000000 0.000000 -1.000000
vn 0.000000 0.000000 -1.000000
vn 0.000000 1.000000 0.000000
vn 0.000000 1.000000 0.000000
vn 0.000000 1.000000 0.000000
vn 0.000000 1.000000 0.000000
vn 0.000000 1.000000 0.000000
vn 0.000000 1.000000 0.000000
vn 0.000000 1.000000 0.000000
vn 0.000000 1.000000 0.000000
vn 0.000000 1.000000 0.000000
vn 0.000000 1.000000 0.000000
vn 0.000000 1.000000 0.000000
vn 0.000000 1.000000 0.000000
vn 0.000000 1.000000 0.000000
vn 0.000000 1.000000 0.000000
vn 0.000000 1.000000 0.000000
vn 0.000000 1.000000 0.000000
vn 0.000000 1.000000 0.000000
vn 0.000000 1.000000 0.000000
vn 0.000000 1.000000 0.000000
vn 0.000000 1.000000 0.000000
vn 0.000000 1.000000 0.000000
vn 0.707107 0.707107 0.000000
vn 0.707107 0.707107 0.000000
vn 0.707107 0.707107 0.000000
vn 0.707107 0.707107 0.000000
vn 0.240820 0.707107 -0.664835
vn 0.123171 0.707107 -0.696297
vn 0.000000 0.707107 -0.707107
vn -0.123171 0.707107 -0.696297
vn -0.240820 0.707107 -0.664835
vn -0.423208 0.707107 -0.566476
vn -0.569252 0.707107 -0.419467
vn -0.666407 0.707107 -0.236434
vn -0.706332 0.707107 -0.033096
vn -0.685596 0.707107 0.173084
vn -0.605981 0.707107 0.364399
vn -0.474324 0.707107 0.524420
vn -0.301932 0.707107 0.639404
vn -0.103610 0.707107 0.699475
vn 0.103610 0.707107 0.699475
vn 0.301932 0.707107 0.639404
vn 0.474324 0.707107 0.524420
vn 0.605981 0.707107 0.364399
vn 0.685596 0.707107 0.173084
vn 0.706332 0.707107 -0.033096
vn 0.666407 0.707107 -0.236434
vn 0.569252 0.707107 -0.419467
vn 0.423208 0.707107 -0.566476
vn 0.707107 0.707107 0.000000
vn 0.645974 0.707107 0.287606
vn 0.473147 0.707107 0.525483
vn 0.218508 0.707107 0.672499
vn -0.073913 0.707107 0.703233
vn -0.353553 0.707107 0.612372
vn -0.572061 0.707107 0.415627
vn -0.691655 0.707107 0.147016
vn -0.691655 0.707107 -0.147016
vn -0.572061 0.707107 -0.415627
vn -0.353553 0.707107 -0.612372
vn -0.073913 0.707107 -0.703233
vn 0.218508 0.707107 -0.672499
vn 0.473147 0.707107 -0.525483
vn 0.645974 0.707107 -0.287606
vn 0.707107 0.707107 0.000000
vn 0.258335 0.707107 -0.658227
vn -0.699209 0.707107 0.105389
vn 0.440874 0.707107 0.552838
vn -0.353553 0.707107 -0.612372
vn -0.157346 0.707107 -0.689378
vn -0.518346 0.707107 -0.480955
vn -0.699209 0.707107 -0.105389
vn -0.353553 0.707107 0.612372
vn -0.518346 0.707107 0.480955
vn -0.157346 0.707107 0.689378
vn 0.258335 0.707107 0.658227
vn 0.675692 0.707107 0.208423
vn 0.675692 0.707107 -0.208423
vn 0.440874 0.707107 -0.552838
vn 0.052842 0.707107 -0.705130
vn -0.637081 0.707107 -0.306802
vn -0.637081 0.707107 0.306802
vn 0.052842 0.707107 0.705130
vn 0.584239 0.707107 0.398327
vn 0.584239 0.707107 -0.398327
vn 0.685596 0.707107 0.173084
vn 0.685596 0.707107 0.173084
vn 0.685596 0.707107 0.173084
vn 0.675692 0.707107 -0.208423
vn 0.707107 0.707107 0.000000
vn 0.707107 0.707107 0.000000
vn 0.707107 0.707107 0.000000
vn 0.000000 1.000000 0.000000
vn 0.000000 1.000000 0.000000
vn 0.000000 1.000000 0.000000
vn 0.000000 1.000000 0.000000
vn 0.000000 1.000000 0.000000
vn 0.000000 1.000000 0.000000
vn 0.000000 1.000000 0.000000
vn 0.000000 1.000000 0.000000
vn 0.000000 1.000000 0.000000
vn 0.000000 1.000000 0.000000
vn 0.000000 1.000000 0.000000
vn 0.000000 1.000000 0.000000
vn 0.000000 1.000000 0.000000
vn 0.000000 1.000000 0.000000
vn 0.000000 1.000000 0.000000
vn 0.707107 0.707107 0.000000
vn 0.707107 0.707107 0.000000
vn 0.707107 0.707107 0.000000
vn 0.707107 0.707107 0.000000
vn 0.000000 0.707107 0.707107
vn 0.000000 0.707107 0.707107
vn 0.000000 0.707107 0.707107
vn 0.000000 0.707107 0.707107
vn 1.000000 0.000000 0.000000
vn 1.000000 0.000000 0.000000
vn 1.000000 0.000000 0.000000
vn 1.000000 0.000000 0.000000
vn 0.000000 0.000000 1.000000
vn 0.000000 0.000000 1.000000
vn 0.000000 0.000000 1.000000
vn 0.000000 0.000000 1.000000
vn 0.000000 0.000000 1.000000
vn 0.000000 0.707107 -0.707107
vn 0.000000 0.707107 -0.707107
vn 0.000000 0.707107 -0.707107
vn 0.000000 0.707107 -0.707107
vn 0.000000 0.707107 -0.707107
vn 0.707107 0.707107 0.000000
vn 0.707107 0.707107 0.000000
vn 0.707107 0.707107 0.000000
vn 0.707107 0.707107 0.000000
vn 0.000000 0.707107 0.707107
vn 0.000000 0.707107 0.707107
vn 0.000000 0.707107 0.707107
vn 0.000000 0.707107 0.707107
vn -1.000000 0.000000 0.000000
vn -1.000000 0.000000 0.000000
vn -1.000000 0.000000 0.000000
vn -1.000000 0.000000 0.000000
vn 0.000000 0.000000 -1.000000
vn 0.000000 0.000000 -1.000000
vn 0.000000 0.000000 -1.000000
vn 0.000000 0.000000 -1.000000
vn 1.000000 0.000000 0.000000
vn 1.000000 0.000000 0.000000
vn 1.000000 0.000000 0.000000
vn 1.000000 0.000000 0.000000
vn 1.000000 0.000000 0.000000
vn 0.000000 0.000000 1.000000
vn 0.000000 0.000000 1.000000
vn 0.000000 0.000000 1.000000
vn 0.000000 0.000000 1.000000
vn 0.000000 0.000000 1.000000
vn 0.000000 0.000000 1.000000
vn 0.000000 0.000000 1.000000
vn -0.707107 0.707107 0.000000
vn -0.707107 0.707107 0.000000
vn -0.707107 0.707107 0.000000
vn -0.707107 0.707107 0.000000
vn 0.000000 1.000000 0.000000
vn 0.000000 1.000000 0.000000
vn 0.000000 1.000000 0.000000
vn 0.000000 1.000000 0.000000
vn 0.000000 1.000000 0.000000
vn 0.000000 1.000000 0.000000
vn 0.000000 1.000000 0.000000
vn 0.000000 1.000000 0.000000
vn 0.000000 0.000000 1.000000
vn 0.000000 0.000000 1.000000
vn 0.000000 0.000000 1.000000
vn 0.000000 0.000000 1.000000
vn 0.000000 0.000000 1.000000
vn 0.000000 0.707107 -0.707107
vn 0.000000 0.707107 -0.707107
vn 0.000000 0.707107 -0.707107
vn 0.000000 0.707107 -0.707107
vn 0.000000 0.000000 -1.000000
vn 0.000000 0.000000 -1.000000
vn 0.000000 0.000000 -1.000000
vn 0.000000 0.000000 -1.000000
vn 1.000000 0.000000 0.000000
vn 1.000000 0.000000 0.000000
vn 1.000000 0.000000 0.000000
vn 1.000000 0.000000 0.000000
vn 1.000000 0.000000 0.000000
vn 0.000000 0.707107 -0.707107
vn 0.000000 0.707107 -0.707107
vn 0.000000 0.707107 -0.707107
vn 0.000000 0.707107 -0.707107
vn 0.000000 1.000000 0.000000
vn 0.000000 1.000000 0.000000
vn 0.000000 1.000000 0.000000
vn 0.000000 1.000000 0.000000
vn -1.000000 0.000000 0.000000
vn -1.000000 0.000000 0.000000
vn -1.000000 0.000000 0.000000
vn -1.000000 0.000000 0.000000
vn -1.000000 0.000000 0.000000
vn 0.707107 0.707107 0.000000
vn 0.707107 0.707107 0.000000
vn 0.707107 0.707107 0.000000
vn 0.707107 0.707107 0.000000
vn 0.000000 1.000000 0.000000
vn 0.000000 1.000000 0.000000
vn 0.000000 1.000000 0.000000
vn 0.000000 1.000000 0.000000
vn 0.000000 0.000000 -1.000000
vn 0.000000 0.000000 -1.000000
vn 0.000000 0.000000 -1.000000
vn 0.000000 0.000000 -1.000000
vn 0.000000 0.000000 -1.000000
vn 0.707107 0.707107 0.000000
vn 0.707107 0.707107 0.000000
vn 0.707107 0.707107 0.000000
vn 0.707107 0.707107 0.000000
vn 0.000000 0.000000 -1.000000
vn 0.000000 0.000000 -1.000000
vn 0.000000 0.000000 -1.000000
vn 0.000000 0.000000 -1.000000
vn 0.000000 0.000000 -1.000000
vn 1.000000 0.000000 0.000000
vn 1.000000 0.000000 0.000000
vn 1.000000 0.000000 0.000000
vn 1.000000 0.000000 0.000000
vn 0.000000 0.707107 -0.707107
vn 0.000000 0.707107 -0.707107
vn 0.000000 0.707107 -0.707107
vn 0.000000 0.707107 -0.707107
vn 0.707107 0.707107 0.000000
vn 0.707107 0.707107 0.000000
vn 0.707107 0.707107 0.000000
vn 0.707107 0.707107 0.000000
vn 0.000000 0.707107 0.707107
vn 0.000000 0.707107 0.707107
vn 0.000000 0.707107 0.707107
vn 0.000000 0.707107 0.707107
vn -0.707107 0.707107 0.000000
vn -0.707107 0.707107 0.000000
vn -0.707107 0.707107 0.000000
vn -0.707107 0.707107 0.000000
vn -1.000000 0.000000 0.000000
vn -1.000000 0.000000 0.000000
vn -1.000000 0.000000 0.000000
vn -1.000000 0.000000 0.000000
vn 0.000000 0.000000 -1.000000
vn 0.000000 0.000000 -1.000000
vn 0.000000 0.000000 -1.000000
vn 0.000000 0.000000 -1.000000
vn 0.000000 1.000000 0.000000
vn 0.000000 1.000000 0.000000
vn 0.000000 1.000000 0.000000
vn 0.000000 1.000000 0.000000
vn 0.000000 0.707107 0.707107
vn 0.000000 0.707107 0.707107
vn 0.000000 0.707107 0.707107
vn 0.000000 0.707107 0.707107
vn -1.000000 0.000000 0.000000
vn -1.000000 0.000000 0.000000
vn -1.000000 0.000000 0.000000
vn -1.000000 0.000000 0.000000
vn -1.000000 0.000000 0.000000
vn -1.000000 0.000000 0.000000
vn 0.000000 1.000000 0.000000
vn 0.000000 1.000000 0.000000
vn 0.000000 1.000000 0.000000
vn 0.000000 1.000000 0.000000
vn 0.000000 0.707107 -0.707107
vn 0.000000 0.707107 -0.707107
vn 0.000000 0.707107 -0.707107
vn 0.000000 0.707107 -0.707107
vn -0.000657 0.000000 -1.000000
vn -0.000865 -0.000522 -0.999999
vn -0.002542 -0.001574 -0.999996
vn -0.006107 -0.002677 -0.999978
vn -0.016753 -0.004599 -0.999849
vn -0.041909 -0.007377 -0.999094
vn -0.091078 -0.010907 -0.995784
vn -0.192088 -0.015863 -0.981249
vn -0.382315 -0.022399 -0.923760
vn -0.560513 -0.027130 -0.827701
vn -0.708174 -0.030499 -0.705379
vn -0.832113 -0.033064 -0.553619
vn -0.924695 -0.034858 -0.379110
vn -0.980975 -0.035905 -0.190787
vn -0.999343 -0.036242 0.000657
vn -0.980723 -0.035905 0.192076
vn -0.924196 -0.034858 0.380326
vn -0.831385 -0.033064 0.554712
vn -0.707246 -0.030499 0.706309
vn -0.559424 -0.027130 0.828437
vn -0.381101 -0.022399 0.924262
vn -0.190798 -0.015863 0.981501
vn -0.089770 -0.010907 0.995903
vn -0.040596 -0.007377 0.999148
vn -0.015439 -0.004599 0.999870
vn -0.004793 -0.002677 0.999985
vn -0.001228 -0.001574 0.999998
vn 0.000449 -0.000522 1.000000
vn 0.000657 0.000000 1.000000
vn 0.309642 0.000000 0.950853
vn 0.588317 0.000000 0.808631
vn 0.809403 0.000000 0.587253
vn 0.951259 0.000000 0.308392
vn 1.000000 0.000000 -0.000657
vn 0.950853 0.000000 -0.309642
vn 0.808631 0.000000 -0.588317
vn 0.587253 0.000000 -0.809403
vn 0.308392 0.000000 -0.951259
vn 0.000000 1.000000 0.000000
vn -0.309017 0.000000 0.951057
vn 0.000000 0.309017 0.951057
vn 0.000000 0.587785 0.809017
vn 0.000000 0.809017 0.587785
vn 0.000000 0.951057 0.309017
vn -0.309017 0.000000 -0.951057
vn -0.293893 0.309017 -0.904508
vn -0.250000 0.587785 -0.769421
vn -0.181636 0.809017 -0.559017
vn -0.095492 0.951057 -0.293893
vn -0.000041 0.951057 -0.309017
vn -0.000155 0.809017 -0.587785
vn -0.000319 0.587785 -0.809017
vn -0.000500 0.309017 -0.951056
vn -0.587785 0.000000 -0.809017
vn -0.559017 0.309017 -0.769421
vn -0.475528 0.587785 -0.654508
vn -0.345491 0.809017 -0.475528
vn -0.181636 0.951057 -0.250000
vn -0.809017 0.000000 -0.587785
vn -0.769421 0.309017 -0.559017
vn -0.654508 0.587785 -0.475528
vn -0.475528 0.809017 -0.345491
vn -0.250000 0.951057 -0.181636
vn -0.951057 0.000000 -0.309017
vn -0.904508 0.309017 -0.293893
vn -0.769421 0.587785 -0.250000
vn -0.559017 0.809017 -0.181636
vn -0.293893 0.951057 -0.095492
vn -1.000000 0.000000 0.000642
vn -0.951056 0.309017 0.000489
vn -0.809017 0.587785 0.000312
vn -0.587785 0.809017 0.000151
vn -0.309017 0.951057 0.000040
vn -0.951057 0.000000 0.309017
vn -0.904508 0.309017 0.293893
vn -0.769421 0.587785 0.250000
vn -0.559017 0.809017 0.181636
vn -0.293893 0.951057 0.095492
vn -0.809017 0.000000 0.587785
vn -0.769421 0.309017 0.559017
vn -0.654508 0.587785 0.475528
vn -0.475528 0.809017 0.345491
vn -0.250000 0.951057 0.181636
vn -0.587785 0.000000 0.809017
vn -0.559017 0.309017 0.769421
vn -0.475528 0.587785 0.654508
vn -0.345491 0.809017 0.475528
vn -0.181636 0.951057 0.250000
vn -0.293893 0.309017 0.904508
vn -0.250000 0.587785 0.769421
vn -0.181636 0.809017 0.559017
vn -0.095492 0.951057 0.293893
vn 0.294368 0.309017 0.904354
vn 0.250303 0.587785 0.769322
vn 0.181783 0.809017 0.558969
vn 0.095530 0.951057 0.293880
vn 0.559421 0.309017 0.769127
vn 0.475786 0.587785 0.654321
vn 0.345616 0.809017 0.475437
vn 0.181668 0.951057 0.249976
vn 0.769715 0.309017 0.558612
vn 0.654696 0.587785 0.475270
vn 0.475619 0.809017 0.345366
vn 0.250024 0.951057 0.181603
vn 0.904663 0.309017 0.293417
vn 0.769519 0.587785 0.249697
vn 0.559065 0.809017 0.181489
vn 0.293905 0.951057 0.095453
vn 0.951056 0.309017 -0.000500
vn 0.809017 0.587785 -0.000319
vn 0.587785 0.809017 -0.000155
vn 0.309017 0.951057 -0.000041
vn 0.904354 0.309017 -0.294368
vn 0.769322 0.587785 -0.250303
vn 0.558969 0.809017 -0.181783
vn 0.293880 0.951057 -0.095530
vn 0.769127 0.309017 -0.559421
vn 0.654321 0.587785 -0.475786
vn 0.475437 0.809017 -0.345616
vn 0.249976 0.951057 -0.181668
vn 0.558612 0.309017 -0.769715
vn 0.475270 0.587785 -0.654696
vn 0.345366 0.809017 -0.475619
vn 0.181603 0.951057 -0.250024
vn 0.293417 0.309017 -0.904663
vn 0.249697 0.587785 -0.769519
vn 0.181489 0.809017 -0.559065
vn 0.095453 0.951057 -0.293905
vn -0.309017 0.000000 0.951057
vn -0.309017 0.000000 0.951057
vn -0.309017 0.000000 0.951057
vn -0.089770 -0.010907 0.995903
vn -0.001228 -0.001574 0.999998
vn -0.001228 -0.001574 0.999998
vn -0.001228 -0.001574 0.999998
vn 0.000000 0.309017 0.951057
vn 0.000000 0.309017 0.951057
vn 0.000000 0.309017 0.951057
vn -0.309017 0.000000 0.951057
vn -0.309017 0.000000 0.951057
vn 0.000000 1.000000 0.000000
vn 0.000000 1.000000 0.000000
vn 0.000000 1.000000 0.000000
vn 0.000000 1.000000 0.000000
vn 0.000000 1.000000 0.000000
vn 0.000000 1.000000 0.000000
vn 0.000000 1.000000 0.000000
vn 0.095530 0.951057 0.293880
vn 0.000000 0.309017 0.951057
vn 0.250303 0.587785 0.769322
vn 0.000000 0.587785 0.809017
vn 0.181783 0.809017 0.558969
vn 0.000000 0.809017 0.587785
vn 0.095530 0.951057 0.293880
vn 0.000000 1.000000 0.000000
vn 0.000000 1.000000 0.000000
vn 0.000000 1.000000 0.000000
vn 0.000000 1.000000 0.000000
vn 0.000000 1.000000 0.000000
vn 0.000000 1.000000 0.000000
vn 0.000000 1.000000 0.000000
vn 0.000000 1.000000 0.000000
vn 0.000000 1.000000 0.000000
vn 0.000000 1.000000 0.000000
vn 0.000000 1.000000 0.000000
vn 0.000000 1.000000 0.000000
vn 0.000000 1.000000 0.000000
vn 0.000000 1.000000 0.000000
vn 0.000000 1.000000 0.000000
vn 0.000000 1.000000 0.000000
vn 0.000000 1.000000 0.000000
vn 0.000000 1.000000 0.000000
vn 0.000000 1.000000 0.000000
vn 0.000000 1.000000 0.000000
vn 0.000000 1.000000 0.000000
vn 0.000000 0.000000 1.000000
vn -0.000208 0.000000 1.000000
vn -0.001885 0.000000 0.999998
vn -0.005450 0.000000 0.999985
vn -0.016096 0.000000 0.999870
vn -0.041253 0.000000 0.999149
vn -0.090427 0.000000 0.995903
vn -0.191455 0.000000 0.981501
vn -0.381758 0.000000 0.924262
vn -0.560081 0.000000 0.828438
vn -0.707903 0.000000 0.706310
vn -0.832042 0.000000 0.554712
vn -0.924853 0.000000 0.380326
vn -0.981380 0.000000 0.192077
vn -1.000000 0.000000 0.000657
vn -0.981632 0.000000 -0.190787
vn -0.925352 0.000000 -0.379110
vn -0.832770 0.000000 -0.553618
vn -0.708831 0.000000 -0.705379
vn -0.561170 0.000000 -0.827701
vn -0.382972 0.000000 -0.923760
vn -0.192745 0.000000 -0.981249
vn -0.091736 0.000000 -0.995783
vn -0.042567 0.000000 -0.999094
vn -0.017410 0.000000 -0.999848
vn -0.006764 0.000000 -0.999977
vn -0.003199 0.000000 -0.999995
vn -0.001522 0.000000 -0.999999
vn -0.001314 0.000000 -0.999999
vn 0.307892 0.000000 -0.951421
vn 0.586934 0.000000 -0.809635
vn 0.808476 0.000000 -0.588529
vn 0.950813 0.000000 -0.309767
vn 1.000000 0.000000 -0.000657
vn 0.951219 0.000000 0.308517
vn 0.809249 0.000000 0.587466
vn 0.587998 0.000000 0.808862
vn 0.309142 0.000000 0.951016
vn 0.021741 0.000000 0.999764
vn 0.021741 0.000000 0.999764
vn 0.152060 0.000000 0.988371
vn 0.279778 0.000000 0.960065
vn 0.402708 0.000000 0.915329
vn 0.402708 0.000000 0.915329
vn 0.637629 0.000000 0.770344
vn 0.823957 0.000000 0.566652
vn 0.947493 0.000000 0.319776
vn 0.947493 0.000000 0.319776
vn 0.998203 0.000000 0.059925
vn 0.978944 0.000000 -0.204128
vn 0.891067 0.000000 -0.453871
vn 0.740731 0.000000 -0.671802
vn 0.538474 0.000000 -0.842642
vn 0.538474 0.000000 -0.842642
vn 0.376792 0.000000 -0.926298
vn 0.202624 0.000000 -0.979257
vn 0.021741 0.000000 -0.999764
vn 0.021741 0.000000 -0.999764
vn -0.235417 0.000000 -0.971895
vn -0.476823 0.000000 -0.878999
vn -0.686327 0.000000 -0.727293
vn -0.849911 0.000000 -0.526926
vn -0.849911 0.000000 -0.526926
vn -0.969358 0.000000 -0.245651
vn -0.998284 0.000000 0.058563
vn -0.933986 0.000000 0.357309
vn -0.782470 0.000000 0.622688
vn -0.557884 0.000000 0.829919
vn -0.281202 0.000000 0.959649
vn 0.951219 0.000000 0.308517
vn 0.951219 0.000000 0.308517
vn 0.998203 0.000000 0.059925
vn 0.998203 0.000000 0.059925
vn 0.020743 0.000000 0.999785
vn 0.020743 0.000000 0.999785
vn 0.340380 0.000000 0.940288
vn 0.624037 0.000000 0.781394
vn 0.841728 0.000000 0.539901
vn 0.970442 0.000000 0.241336
vn 0.996571 0.000000 -0.082740
vn 0.917355 0.000000 -0.398071
vn 0.741166 0.000000 -0.671321
vn 0.486631 0.000000 -0.873608
vn 0.180654 0.000000 -0.983547
vn -0.144419 0.000000 -0.989517
vn -0.454226 0.000000 -0.890886
vn -0.716018 0.000000 -0.698082
vn -0.902120 0.000000 -0.431484
vn -0.992861 0.000000 -0.119276
vn -0.978648 0.000000 0.205542
vn -0.860984 0.000000 0.508632
vn -0.652307 0.000000 0.757955
vn -0.652307 0.000000 0.757955
vn -0.860984 0.000000 0.508632
vn -0.978648 0.000000 0.205542
vn -0.992861 0.000000 -0.119276
vn -0.902120 0.000000 -0.431484
vn -0.716018 0.000000 -0.698082
vn -0.454226 0.000000 -0.890886
vn -0.144419 0.000000 -0.989517
vn 0.180654 0.000000 -0.983547
vn 0.486631 0.000000 -0.873608
vn 0.741166 0.000000 -0.671321
vn 0.917355 0.000000 -0.398071
vn 0.996571 0.000000 -0.082740
vn 0.970442 0.000000 0.241336
vn 0.841728 0.000000 0.539901
vn 0.624037 0.000000 0.781394
vn 0.340380 0.000000 0.940288
vn 0.996571 0.000000 -0.082740
vn 0.996571 0.000000 -0.082740
vn 0.996571 0.000000 -0.082740
vn 0.996571 0.000000 -0.082740
vn 0.000000 1.000000 0.000000
vn 0.000000 1.000000 0.000000
vn 0.000000 1.000000 0.000000
vn 0.000000 1.000000 0.000000
vn 0.000000 1.000000 0.000000
vn 0.000000 1.000000 0.000000
vn 0.000000 1.000000 0.000000
vn 0.000000 1.000000 0.000000
vn 0.000000 1.000000 0.000000
vn 0.000000 1.000000 0.000000
vn 0.000000 1.000000 0.000000
vn 0.000000 1.000000 0.000000
vn 0.000000 1.000000 0.000000
vn 0.000000 1.000000 0.000000
vn 0.000000 1.000000 0.000000
vn 0.000000 1.000000 0.000000
vn 0.000000 1.000000 0.000000
vn 0.000000 1.000000 0.000000
vn 0.000000 1.000000 0.000000
vn 1.000000 0.000000 0.000000
vn 0.932472 0.000000 0.361242
vn 0.739009 0.000000 0.673696
vn 0.445738 0.000000 0.895163
vn 0.092268 0.000000 0.995734
vn -0.273663 0.000000 0.961826
vn -0.602635 0.000000 0.798017
vn -0.850217 0.000000 0.526432
vn -0.982973 0.000000 0.183750
vn -0.982973 0.000000 -0.183750
vn -0.850217 0.000000 -0.526432
vn -0.602635 0.000000 -0.798017
vn -0.273663 0.000000 -0.961826
vn 0.092268 0.000000 -0.995734
vn 0.445738 0.000000 -0.895163
vn 0.739009 0.000000 -0.673696
vn 0.932472 0.000000 -0.361242
vn 0.287204 0.000000 -0.957870
vn 0.287204 0.000000 -0.957870
vn 0.096950 0.000000 -0.995289
vn -0.096950 0.000000 -0.995289
vn -0.287204 0.000000 -0.957870
vn -0.287204 0.000000 -0.957870
vn -0.597510 0.000000 -0.801862
vn -0.835739 0.000000 -0.549127
vn -0.973155 0.000000 -0.230152
vn -0.993181 0.000000 0.116586
vn -0.893401 0.000000 0.449261
vn -0.685851 0.000000 0.727742
vn -0.395569 0.000000 0.918436
vn -0.395569 0.000000 0.918436
vn -0.135148 0.000000 0.990825
vn 0.135148 0.000000 0.990825
vn 0.395569 0.000000 0.918436
vn 0.395569 0.000000 0.918436
vn 0.685851 0.000000 0.727742
vn 0.893401 0.000000 0.449261
vn 0.993181 0.000000 0.116586
vn 0.973155 0.000000 -0.230152
vn 0.835739 0.000000 -0.549127
vn 0.597510 0.000000 -0.801862
vn 0.993181 0.000000 0.116586
vn 1.000000 0.000000 0.000000
vn 1.000000 0.000000 0.000000
vn 0.993181 0.000000 0.116586
vn 0.000000 1.000000 0.000000
vn 0.000000 1.000000 0.000000
vn 0.000000 1.000000 0.000000
vn 0.000000 1.000000 0.000000
vn 0.000000 1.000000 0.000000
vn 0.000000 1.000000 0.000000
vn 0.000000 1.000000 0.000000
vn 0.000000 1.000000 0.000000
vn 0.000000 1.000000 0.000000
vn 0.000000 1.000000 0.000000
vn 0.000000 1.000000 0.000000
vn 0.000000 1.000000 0.000000
vn 0.000000 1.000000 0.000000
vn 0.000000 1.000000 0.000000
vn 0.000000 1.000000 0.000000
vn 0.000000 1.000000 0.000000
vn 0.000000 1.000000 0.000000
vn 1.000000 0.000000 0.000000
vn 0.939693 0.000000 0.342020
vn 0.766044 0.000000 0.642788
vn 0.500000 0.000000 0.866025
vn 0.173648 0.000000 0.984808
vn -0.173648 0.000000 0.984808
vn -0.500000 0.000000 0.866025
vn -0.766044 0.000000 0.642788
vn -0.939693 0.000000 0.342020
vn -1.000000 0.000000 0.000000
vn -0.939693 0.000000 -0.342020
vn -0.766044 0.000000 -0.642788
vn -0.500000 0.000000 -0.866025
vn -0.173648 0.000000 -0.984808
vn 0.173648 0.000000 -0.984808
vn 0.500000 0.000000 -0.866025
vn 0.766044 0.000000 -0.642788
vn 0.939693 0.000000 -0.342020
vn 1.000000 0.000000 0.000000
vn 0.939693 0.000000 -0.342020
vn 0.766044 0.000000 -0.642788
vn 0.500000 0.000000 -0.866025
vn 0.173648 0.000000 -0.984808
vn -0.173648 0.000000 -0.984808
vn -0.500000 0.000000 -0.866025
vn -0.766044 0.000000 -0.642788
vn -0.939693 0.000000 -0.342020
vn -1.000000 0.000000 0.000000
vn -0.939693 0.000000 0.342020
vn -0.766044 0.000000 0.642788
vn -0.500000 0.000000 0.866025
vn -0.173648 0.000000 0.984808
vn 0.173648 0.000000 0.984808
vn 0.500000 0.000000 0.866025
vn 0.766044 0.000000 0.642788
vn 0.939693 0.000000 0.342020
vn 1.000000 0.000000 0.000000
vn 1.000000 0.000000 0.000000
vn 0.000000 1.000000 0.000000
vn 0.000000 1.000000 0.000000
vn 0.000000 1.000000 0.000000
vn 0.000000 1.000000 0.000000
vn 0.000000 1.000000 0.000000
vn 0.000000 1.000000 0.000000
vn 0.000000 1.000000 0.000000
vn 0.000000 1.000000 0.000000
vn 0.000000 1.000000 0.000000
vn 0.000000 1.000000 0.000000
vn 0.000000 1.000000 0.000000
vn 0.000000 1.000000 0.000000
vn 0.000000 1.000000 0.000000
vn 0.000000 1.000000 0.000000
vn 0.000000 1.000000 0.000000
vn 0.000000 1.000000 0.000000
vn 0.000000 1.000000 0.000000
vn 0.000000 1.000000 0.000000
vn -0.554868 0.000000 -0.831938
vn -0.554868 0.000000 -0.831938
vn -0.776380 0.000000 -0.630265
vn -0.928220 0.000000 -0.372032
vn -0.996762 0.000000 -0.080412
vn -0.975854 0.000000 0.218423
vn -0.867374 0.000000 0.497657
vn -0.681055 0.000000 0.732232
vn -0.433619 0.000000 0.901096
vn -0.147270 0.000000 0.989096
vn 0.152295 0.000000 0.988335
vn 0.152295 0.000000 0.988335
vn 0.447675 0.000000 0.894196
vn 0.700028 0.000000 0.714115
vn 0.885101 0.000000 0.465399
vn 0.885101 0.000000 0.465399
vn 0.981862 0.000000 0.189595
vn 0.994743 0.000000 -0.102406
vn 0.922642 0.000000 -0.385658
vn 0.771719 0.000000 -0.635963
vn 0.554868 0.000000 -0.831938
vn 0.554868 0.000000 -0.831938
vn 0.787892 0.000000 -0.615814
vn 0.941331 0.000000 -0.337486
vn 0.999686 0.000000 -0.025069
vn 0.957063 0.000000 0.289881
vn 0.817767 0.000000 0.575549
vn 0.595869 0.000000 0.803082
vn 0.313782 0.000000 0.949495
vn 0.000000 0.000000 1.000000
vn -0.313782 0.000000 0.949495
vn -0.595869 0.000000 0.803082
vn -0.817767 0.000000 0.575549
vn -0.957063 0.000000 0.289881
vn -0.999686 0.000000 -0.025069
vn -0.941331 0.000000 -0.337486
vn -0.787892 0.000000 -0.615814
vn 0.994743 0.000000 -0.102406
vn 0.994743 0.000000 -0.102406
vn 0.999686 0.000000 -0.025069
vn 0.999686 0.000000 -0.025069
vn 0.000000 1.000000 0.000000
vn 0.000000 1.000000 0.000000
vn 0.000000 1.000000 0.000000
vn 0.000000 1.000000 0.000000
vn 0.000000 1.000000 0.000000
vn 0.000000 1.000000 0.000000
vn 0.000000 1.000000 0.000000
vn 0.000000 1.000000 0.000000
vn 0.000000 1.000000 0.000000
vn 0.000000 1.000000 0.000000
vn 0.000000 1.000000 0.000000
vn 0.000000 1.000000 0.000000
vn 0.000000 1.000000 0.000000
vn 0.000000 1.000000 0.000000
vn 0.000000 1.000000 0.000000
vn 0.000000 1.000000 0.000000
vn 0.000000 1.000000 0.000000
vn 0.340571 0.000000 -0.940219
vn 0.598507 0.000000 -0.801118
vn 0.805043 0.000000 -0.593216
vn 0.942442 0.000000 -0.334368
vn 0.998904 0.000000 -0.046805
vn 0.969579 0.000000 0.244777
vn 0.856987 0.000000 0.515338
vn 0.670796 0.000000 0.741642
vn 0.426997 0.000000 0.904253
vn 0.146527 0.000000 0.989207
vn -0.146527 0.000000 0.989207
vn -0.426997 0.000000 0.904253
vn -0.670796 0.000000 0.741642
vn -0.856987 0.000000 0.515338
vn -0.969579 0.000000 0.244777
vn -0.998904 0.000000 -0.046805
vn -0.942442 0.000000 -0.334368
vn -0.805043 0.000000 -0.593216
vn -0.598507 0.000000 -0.801118
vn -0.340571 0.000000 -0.940219
vn -0.340571 0.000000 -0.940219
vn -0.603419 0.000000 -0.797425
vn -0.812273 0.000000 -0.583277
vn -0.948446 0.000000 -0.316938
vn -0.999753 0.000000 -0.022240
vn -0.999753 0.000000 -0.022240
vn -0.992955 0.000000 0.118496
vn -0.966444 0.000000 0.256879
vn -0.920746 0.000000 0.390163
vn -0.920746 0.000000 0.390163
vn -0.775080 0.000000 0.631863
vn -0.567688 0.000000 0.823244
vn -0.315086 0.000000 0.949063
vn -0.037392 0.000000 0.999301
vn 0.243281 0.000000 0.969956
vn 0.504578 0.000000 0.863366
vn 0.725693 0.000000 0.688019
vn 0.889014 0.000000 0.457880
vn 0.981536 0.000000 0.191276
vn 0.995891 0.000000 -0.090561
vn 0.930935 0.000000 -0.365185
vn 0.791841 0.000000 -0.610727
vn 0.589687 0.000000 -0.807632
vn 0.340571 0.000000 -0.940219
vn 0.969579 0.000000 0.244777
vn 0.969579 0.000000 0.244777
vn 0.981536 0.000000 0.191276
vn 0.981536 0.000000 0.191276
vn -1.000000 0.000000 0.000000
vn -1.000000 0.000000 0.000000
vn -1.000000 0.000000 0.000000
vn -1.000000 0.000000 0.000000
vn 0.000000 1.000000 0.000000
vn 0.000000 1.000000 0.000000
vn 0.000000 1.000000 0.000000
vn 0.000000 1.000000 0.000000
vn 0.000000 1.000000 0.000000
vn 0.000000 1.000000 0.000000
vn 0.000000 1.000000 0.000000
vn 0.000000 1.000000 0.000000
vn 1.000000 0.000000 0.000000
vn 1.000000 0.000000 0.000000
vn 1.000000 0.000000 0.000000
vn 1.000000 0.000000 0.000000
vn 1.000000 0.000000 0.000000
vn 1.000000 0.000000 0.000000
vn 1.000000 0.000000 0.000000
vn 1.000000 0.000000 0.000000
vn 1.000000 0.000000 0.000000
vn 1.000000 0.000000 0.000000
vn 1.000000 0.000000 0.000000
vn 1.000000 0.000000 0.000000
vn 1.000000 0.000000 0.000000
vn 1.000000 0.000000 0.000000
vn 1.000000 0.000000 0.000000
vn 1.000000 0.000000 0.000000
vn 0.000000 0.000000 -1.000000
vn 0.000000 0.000000 -1.000000
vn 0.000000 0.000000 -1.000000
vn 0.000000 0.000000 -1.000000
vn 0.000000 0.000000 -1.000000
vn 0.000000 0.000000 -1.000000
vn 0.000000 0.000000 1.000000
vn 0.000000 0.000000 1.000000
vn 0.000000 0.000000 1.000000
vn 0.000000 0.000000 1.000000
vn 0.000000 1.000000 0.000000
vn 0.000000 1.000000 0.000000
vn 0.000000 1.000000 0.000000
vn 0.000000 1.000000 0.000000
vn 0.000000 1.000000 0.000000
vn 0.000000 1.000000 0.000000
vn 0.000000 1.000000 0.000000
vn 0.000000 1.000000 0.000000
vn 0.000000 0.000000 -1.000000
vn 0.000000 0.000000 -1.000000
vn 0.000000 0.000000 -1.000000
vn 0.000000 0.000000 -1.000000
vn 0.000000 0.000000 -1.000000
vn 0.000000 0.000000 -1.000000
vn 0.000000 0.000000 -1.000000
vn 0.000000 0.000000 -1.000000
vn 0.000000 0.000000 1.000000
vn 0.000000 0.000000 1.000000
vn 0.000000 0.000000 1.000000
vn 0.000000 0.000000 1.000000
vn 0.000000 0.000000 1.000000
vn 0.000000 0.000000 1.000000
vn 0.000000 0.000000 1.000000
vn 0.000000 0.000000 1.000000
vn 0.000000 0.000000 1.000000
vn 0.000000 0.000000 1.000000
vn 0.000000 0.000000 1.000000
vn 0.000000 0.000000 1.000000
vn 0.000000 0.000000 1.000000
vn 0.000000 0.000000 1.000000
vn 0.000000 0.000000 1.000000
vn 0.000000 0.000000 1.000000
vn 0.000000 0.000000 -1.000000
vn 0.000000 0.000000 -1.000000
vn 0.000000 0.000000 -1.000000
vn 0.000000 0.000000 -1.000000
vn 0.000000 0.000000 1.000000
vn 0.000000 0.000000 1.000000
vn 0.000000 0.000000 1.000000
vn 0.000000 0.000000 1.000000
vn 0.000000 0.000000 1.000000
vn 0.000000 0.000000 1.000000
vn 0.000000 0.000000 1.000000
vn 0.000000 0.000000 1.000000
vn 0.000000 0.000000 1.000000
vn 0.000000 0.000000 1.000000
vn 0.000000 0.000000 1.000000
vn 0.000000 0.000000 1.000000
vn 0.000000 0.000000 1.000000
vn 0.000000 1.000000 0.000000
vn 0.000000 1.000000 0.000000
vn 0.000000 1.000000 0.000000
vn 0.000000 1.000000 0.000000
vn 0.000000 1.000000 0.000000
vn 0.000000 1.000000 0.000000
vn 0.000000 1.000000 0.000000
vn 0.000000 1.000000 0.000000
vn 0.000000 1.000000 0.000000
vn 0.000000 1.000000 0.000000
vn 0.000000 1.000000 0.000000
vn 0.000000 1.000000 0.000000
vn 0.000000 1.000000 0.000000
vn 0.000000 1.000000 0.000000
vn 0.000000 1.000000 0.000000
vn 0.000000 1.000000 0.000000
vn 0.000000 1.000000 0.000000
vn 0.000000 1.000000 0.000000
vn 0.000000 1.000000 0.000000
vn 0.000000 1.000000 0.000000
vn 0.000000 1.000000 0.000000
vn 0.000000 1.000000 0.000000
vn 0.000000 1.000000 0.000000
vn 0.000000 1.000000 0.000000
vn 0.000000 1.000000 0.000000
vn 0.000000 1.000000 0.000000
vn 0.000000 1.000000 0.000000
vn 0.000000 1.000000 0.000000
vn 0.000000 1.000000 0.000000
vn 0.000000 1.000000 0.000000
vn 0.000000 1.000000 0.000000
vn 0.000000 1.000000 0.000000
vn 0.000000 1.000000 0.000000
vn 0.000000 1.000000 0.000000
vn 0.000000 1.000000 0.000000
vn 0.000000 1.000000 0.000000
vn 0.000000 1.000000 0.000000
vn 0.000000 1.000000 0.000000
vn 0.000000 1.000000 0.000000
vn 0.000000 1.000000 0.000000
vn 0.000000 1.000000 0.000000
vn 0.000000 1.000000 0.000000
vn 0.000000 1.000000 0.000000
vn 0.000000 1.000000 0.000000
vn 0.000000 1.000000 0.000000
vn 0.000000 1.000000 0.000000
vn 0.000000 1.000000 0.000000
vn 0.000000 1.000000 0.000000
vn 0.000000 1.000000 0.000000
vn 0.000000 1.000000 0.000000
vn 0.000000 1.000000 0.000000
vn 0.000000 1.000000 0.000000
vn 0.000000 1.000000 0.000000
vn 0.000000 1.000000 0.000000
vn 0.000000 1.000000 0.000000
vn 0.000000 1.000000 0.000000
vn 0.000000 1.000000 0.000000
vn 0.000000 1.000000 0.000000
vn 0.000000 1.000000 0.000000
vn 0.000000 1.000000 0.000000
vn 0.000000 1.000000 0.000000
vn 0.000000 1.000000 0.000000
vn 0.000000 1.000000 0.000000
vn 0.000000 1.000000 0.000000
vn 0.000000 1.000000 0.000000
vn 0.000000 1.000000 0.000000
vn 0.000000 1.000000 0.000000
vn 0.000000 1.000000 0.000000
vn 0.000000 1.000000 0.000000
vn 0.000000 1.000000 0.000000
vn 0.000000 1.000000 0.000000
vn 0.000000 1.000000 0.000000
vn 0.000000 1.000000 0.000000
vn 0.000000 1.000000 0.000000
vn 0.000000 1.000000 0.000000
vn 0.000000 1.000000 0.000000
vn 0.000000 1.000000 0.000000
vn 0.000000 1.000000 0.000000
vn 0.000000 1.000000 0.000000
vn 0.000000 1.000000 0.000000
vn 0.000000 1.000000 0.000000
vn 0.000000 1.000000 0.000000
vn 0.000000 1.000000 0.000000
vn 0.000000 1.000000 0.000000
vn 0.000000 1.000000 0.000000
vn 0.000000 1.000000 0.000000
vn 0.000000 1.000000 0.000000
vn 0.000000 1.000000 0.000000
vn 0.000000 1.000000 0.000000
vn 0.000000 1.000000 0.000000
vn 0.000000 1.000000 0.000000
vn 0.000000 1.000000 0.000000
vn 0.000000 1.000000 0.000000
vn 0.000000 1.000000 0.000000
vn 0.000000 1.000000 0.000000
vn 0.000000 1.000000 0.000000
vn 0.000000 1.000000 0.000000
vn 0.000000 1.000000 0.000000
vn 0.000000 1.000000 0.000000
vn 0.000000 1.000000 0.000000
vn 0.000000 1.000000 0.000000
vn 0.000000 1.000000 0.000000
vn 0.000000 1.000000 0.000000
vn 0.000000 1.000000 0.000000
vn 0.000000 1.000000 0.000000
vn 0.000000 1.000000 0.000000
vn 0.000000 1.000000 0.000000
vn 0.000000 1.000000 0.000000
vn 0.000000 1.000000 0.000000
vn 0.000000 1.000000 0.000000
vn 0.000000 1.000000 0.000000
vn 0.000000 1.000000 0.000000
vn 0.000000 1.000000 0.000000
vn 0.000000 1.000000 0.000000
vn 0.000000 1.000000 0.000000
vn 0.000000 1.000000 0.000000
vn 0.000000 1.000000 0.000000
vn 0.000000 1.000000 0.000000
vn 0.000000 1.000000 0.000000
vn 0.000000 1.000000 0.000000
vn 0.000000 1.000000 0.000000
vn 0.000000 1.000000 0.000000
vn 0.000000 1.000000 0.000000
vn 0.000000 1.000000 0.000000
vn 0.000000 1.000000 0.000000
vn 0.000000 1.000000 0.000000
vn 0.000000 1.000000 0.000000
vn 0.000000 1.000000 0.000000
vn 0.000000 1.000000 0.000000
vn 0.000000 1.000000 0.000000
vn 0.000000 1.000000 0.000000
vn 0.000000 1.000000 0.000000
vn 0.000000 1.000000 0.000000
vn 0.000000 1.000000 0.000000
vn 0.000000 1.000000 0.000000
vn 0.000000 1.000000 0.000000
vn 0.000000 1.000000 0.000000
vn 0.000000 1.000000 0.000000
vn 0.000000 1.000000 0.000000
vn 0.000000 1.000000 0.000000
vn 0.000000 1.000000 0.000000
vn 0.000000 1.000000 0.000000
vn 0.000000 1.000000 0.000000
vn 0.000000 1.000000 0.000000
vn 0.000000 1.000000 0.000000
vn 0.000000 1.000000 0.000000
vn 0.000000 1.000000 0.000000
vn 0.000000 1.000000 0.000000
vn 0.000000 1.000000 0.000000
vn 0.000000 1.000000 0.000000
vn 0.000000 1.000000 0.000000
vn 0.000000 1.000000 0.000000
vn 0.000000 1.000000 0.000000
vn 0.000000 1.000000 0.000000
vn 0.000000 1.000000 0.000000
vn 0.000000 1.000000 0.000000
vn 0.000000 1.000000 0.000000
vn 0.000000 1.000000 0.000000
vn 0.000000 1.000000 0.000000
vn 0.000000 1.000000 0.000000
vn 0.000000 1.000000 0.000000
vn 0.000000 1.000000 0.000000
vn 0.000000 1.000000 0.000000
vn 0.000000 1.000000 0.000000
vn 0.000000 1.000000 0.000000
vn 0.000000 1.000000 0.000000
vn 0.000000 1.000000 0.000000
vn 0.000000 1.000000 0.000000
vn 0.000000 1.000000 0.000000
vn 0.000000 1.000000 0.000000
vn 0.000000 1.000000 0.000000
vn 0.000000 1.000000 0.000000
vn 0.000000 1.000000 0.000000
vn 0.000000 1.000000 0.000000
vn 0.000000 1.000000 0.000000
vn 0.000000 1.000000 0.000000
vn 0.000000 1.000000 0.000000
vn 0.000000 1.000000 0.000000
vn 0.000000 1.000000 0.000000
vn 0.000000 1.000000 0.000000
vn 0.000000 1.000000 0.000000
vn 0.000000 1.000000 0.000000
vn 0.000000 1.000000 0.000000
vn 0.000000 1.000000 0.000000
vn 0.000000 1.000000 0.000000
vn 0.000000 1.000000 0.000000
vn 0.000000 1.000000 0.000000
vn 0.000000 1.000000 0.000000
vn 0.000000 1.000000 0.000000
vn 0.000000 1.000000 0.000000
vn 0.000000 1.000000 0.000000
vn 0.000000 1.000000 0.000000
vn 0.000000 1.000000 0.000000
vn 0.000000 1.000000 0.000000
vn 0.000000 1.000000 0.000000
vn 0.000000 1.000000 0.000000
vn 0.000000 1.000000 0.000000
vn 0.000000 1.000000 0.000000
vn 0.000000 1.000000 0.000000
vn 0.000000 1.000000 0.000000
vn 0.000000 1.000000 0.000000
vn 0.000000 1.000000 0.000000
vn 0.000000 1.000000 0.000000
vn 0.000000 1.000000 0.000000
vn 0.000000 1.000000 0.000000
vn 0.000000 1.000000 0.000000
vn 0.000000 1.000000 0.000000
vn 0.000000 1.000000 0.000000
vn 0.000000 1.000000 0.000000
vn 0.000000 1.000000 0.000000
vn 0.000000 1.000000 0.000000
vn 0.000000 1.000000 0.000000
vn 0.000000 1.000000 0.000000
vn 0.000000 1.000000 0.000000
vn 0.000000 1.000000 0.000000
vn 0.000000 1.000000 0.000000
vn 0.000000 1.000000 0.000000
vn 0.000000 1.000000 0.000000
vn 0.000000 1.000000 0.000000
vn 0.000000 1.000000 0.000000
vn 0.000000 1.000000 0.000000
vn 0.000000 1.000000 0.000000
vn 0.000000 1.000000 0.000000
vn 0.000000 1.000000 0.000000
vn 0.000000 1.000000 0.000000
vn 0.000000 1.000000 0.000000
vn 0.000000 1.000000 0.000000
vn 0.000000 1.000000 0.000000
vn 0.000000 1.000000 0.000000
vn 0.000000 1.000000 0.000000
vn 0.000000 1.000000 0.000000
vn 0.000000 1.000000 0.000000
vn 0.000000 1.000000 0.000000
vn 0.000000 1.000000 0.000000
vn 0.000000 1.000000 0.000000
vn 0.000000 1.000000 0.000000
vn 0.000000 1.000000 0.000000
vn 0.000000 1.000000 0.000000
vn 0.000000 1.000000 0.000000
vn 0.000000 1.000000 0.000000
vn 0.000000 1.000000 0.000000
vn 0.000000 1.000000 0.000000
vn 0.000000 1.000000 0.000000
vn 0.000000 1.000000 0.000000
vn 0.000000 1.000000 0.000000
vn 0.000000 1.000000 0.000000
vn 0.000000 1.000000 0.000000
vn 0.000000 1.000000 0.000000
vn 0.000000 1.000000 0.000000
vn 0.000000 1.000000 0.000000
vn -1.000000 0.000000 0.000000
vn -1.000000 0.000000 0.000000
vn -1.000000 0.000000 0.000000
vn -1.000000 0.000000 0.000000
vn 1.000000 0.000000 0.000000
vn 1.000000 0.000000 0.000000
vn 1.000000 0.000000 0.000000
vn 1.000000 0.000000 0.000000
vn 0.000000 0.000000 -1.000000
vn 0.000000 0.000000 -1.000000
vn 0.000000 0.000000 -1.000000
vn 0.000000 0.000000 -1.000000
vn 0.000000 0.000000 -1.000000
vn -1.000000 0.000000 0.000000
vn -1.000000 0.000000 0.000000
vn -1.000000 0.000000 0.000000
vn -1.000000 0.000000 0.000000
vn 0.000000 0.000000 -1.000000
vn 0.000000 0.000000 -1.000000
vn 0.000000 0.000000 -1.000000
vn 0.000000 0.000000 -1.000000
vn 0.000000 0.000000 -1.000000
vn 1.000000 0.000000 0.000000
vn 1.000000 0.000000 0.000000
vn 1.000000 0.000000 0.000000
vn 1.000000 0.000000 0.000000
vn 1.000000 0.000000 0.000000
vn 1.000000 0.000000 0.000000
vn 1.000000 0.000000 0.000000
vn 1.000000 0.000000 0.000000
vn 0.000000 0.000000 1.000000
vn 0.000000 0.000000 1.000000
vn 0.000000 0.000000 1.000000
vn 0.000000 0.000000 1.000000
vn -1.000000 0.000000 0.000000
vn -1.000000 0.000000 0.000000
vn -1.000000 0.000000 0.000000
vn -1.000000 0.000000 0.000000
vn 0.000000 0.000000 -1.000000
vn 0.000000 0.000000 -1.000000
vn 0.000000 0.000000 -1.000000
vn 0.000000 0.000000 -1.000000
vn 0.000000 1.000000 0.000000
vn 0.000000 1.000000 0.000000
vn 0.000000 1.000000 0.000000
vn 0.000000 1.000000 0.000000
vn 1.000000 0.000000 0.000000
vn 1.000000 0.000000 0.000000
vn 1.000000 0.000000 0.000000
vn 1.000000 0.000000 0.000000
vn 1.000000 0.000000 0.000000
vn 0.000000 1.000000 0.000000
vn 0.000000 1.000000 0.000000
vn 0.000000 1.000000 0.000000
vn 0.000000 1.000000 0.000000
vn -1.000000 0.000000 0.000000
vn -1.000000 0.000000 0.000000
vn -1.000000 0.000000 0.000000
vn -1.000000 0.000000 0.000000
vn -1.000000 0.000000 0.000000
vn 0.000000 1.000000 0.000000
vn 0.000000 1.000000 0.000000
vn 0.000000 1.000000 0.000000
vn 0.000000 1.000000 0.000000
vn 0.000000 0.000000 1.000000
vn 0.000000 0.000000 1.000000
vn 0.000000 0.000000 1.000000
vn 0.000000 0.000000 1.000000
vn -1.000000 0.000000 0.000000
vn -1.000000 0.000000 0.000000
vn -1.000000 0.000000 0.000000
vn -1.000000 0.000000 0.000000
vn 0.000000 0.000000 -1.000000
vn 0.000000 0.000000 -1.000000
vn 0.000000 0.000000 -1.000000
vn 0.000000 0.000000 -1.000000
vn 1.000000 0.000000 0.000000
vn 1.000000 0.000000 0.000000
vn 1.000000 0.000000 0.000000
vn 1.000000 0.000000 0.000000
vn 0.000000 0.000000 1.000000
vn 0.000000 0.000000 1.000000
vn 0.000000 0.000000 1.000000
vn 0.000000 0.000000 1.000000
vn 0.000000 0.000000 1.000000
vn 1.000000 0.000000 0.000000
vn 1.000000 0.000000 0.000000
vn 1.000000 0.000000 0.000000
vn 1.000000 0.000000 0.000000
vn 0.000000 0.000000 1.000000
vn 0.000000 0.000000 1.000000
vn 0.000000 0.000000 1.000000
vn 0.000000 0.000000 1.000000
vn 0.000000 0.000000 -1.000000
vn 0.000000 0.000000 -1.000000
vn 0.000000 0.000000 -1.000000
vn 0.000000 0.000000 -1.000000
vn 0.000000 1.000000 0.000000
vn 0.000000 1.000000 0.000000
vn 0.000000 1.000000 0.000000
vn 0.000000 1.000000 0.000000
vn 0.000000 1.000000 0.000000
vn 0.000000 1.000000 0.000000
vn 0.000000 1.000000 0.000000
vn 0.000000 0.000000 -1.000000
vn 0.000000 0.000000 -1.000000
vn 0.000000 0.000000 -1.000000
vn 0.000000 0.000000 -1.000000
vn 0.000000 0.000000 -1.000000
vn 0.000000 0.000000 -1.000000
vn 1.000000 0.000000 0.000000
vn 1.000000 0.000000 0.000000
vn 1.000000 0.000000 0.000000
vn 1.000000 0.000000 0.000000
vn 1.000000 0.000000 0.000000
vn 1.000000 0.000000 0.000000
vn 0.000000 0.000000 1.000000
vn 0.000000 0.000000 1.000000
vn 0.000000 0.000000 1.000000
vn 0.000000 0.000000 1.000000
vn -1.000000 0.000000 0.000000
vn -1.000000 0.000000 0.000000
vn -1.000000 0.000000 0.000000
vn -1.000000 0.000000 0.000000
vn 0.000000 1.000000 0.000000
vn 0.000000 1.000000 0.000000
vn 0.000000 1.000000 0.000000
vn 0.000000 1.000000 0.000000
vn 0.000000 1.000000 0.000000
vn 0.000000 1.000000 0.000000
vn 0.000000 0.000000 1.000000
vn 0.000000 0.000000 1.000000
vn 0.000000 0.000000 1.000000
vn 0.000000 0.000000 1.000000
vn 1.000000 0.000000 0.000000
vn 1.000000 0.000000 0.000000
vn 1.000000 0.000000 0.000000
vn 1.000000 0.000000 0.000000
vn 1.000000 0.000000 0.000000
vn 1.000000 0.000000 0.000000
vn -1.000000 0.000000 0.000000
vn -1.000000 0.000000 0.000000
vn -1.000000 0.000000 0.000000
vn -1.000000 0.000000 0.000000
vn 1.000000 0.000000 0.000000
vn 1.000000 0.000000 0.000000
vn 1.000000 0.000000 0.000000
vn 1.000000 0.000000 0.000000
vn 0.000000 0.000000 1.000000
vn 0.000000 0.000000 1.000000
vn 0.000000 0.000000 1.000000
vn 0.000000 0.000000 1.000000
vn 0.000000 0.000000 1.000000
vn 0.000000 0.000000 1.000000
vn 0.000000 0.000000 1.000000
vn 0.000000 0.000000 1.000000
vn -1.000000 0.000000 0.000000
vn -1.000000 0.000000 0.000000
vn -1.000000 0.000000 0.000000
vn -1.000000 0.000000 0.000000
vn 0.000000 0.000000 -1.000000
vn 0.000000 0.000000 -1.000000
vn 0.000000 0.000000 -1.000000
vn 0.000000 0.000000 -1.000000
vn 0.000000 1.000000 0.000000
vn 0.000000 1.000000 0.000000
vn 0.000000 1.000000 0.000000
vn 0.000000 1.000000 0.000000
vn 1.000000 0.000000 0.000000
vn 1.000000 0.000000 0.000000
vn 1.000000 0.000000 0.000000
vn 1.000000 0.000000 0.000000
vn 1.000000 0.000000 0.000000
vn 0.000000 0.000000 1.000000
vn 0.000000 0.000000 1.000000
vn 0.000000 0.000000 1.000000
vn 0.000000 0.000000 1.000000
vn 1.000000 0.000000 0.000000
vn 1.000000 0.000000 0.000000
vn 1.000000 0.000000 0.000000
vn 1.000000 0.000000 0.000000
vn 0.000000 0.000000 1.000000
vn 0.000000 0.000000 1.000000
vn 0.000000 0.000000 1.000000
vn 0.000000 0.000000 1.000000
vn -1.000000 0.000000 0.000000
vn -1.000000 0.000000 0.000000
vn -1.000000 0.000000 0.000000
vn -1.000000 0.000000 0.000000
vn 0.000000 0.000000 -1.000000
vn 0.000000 0.000000 -1.000000
vn 0.000000 0.000000 -1.000000
vn 0.000000 0.000000 -1.000000
vn 0.000000 1.000000 0.000000
vn 0.000000 1.000000 0.000000
vn 0.000000 1.000000 0.000000
vn 0.000000 1.000000 0.000000
vn 0.000000 1.000000 0.000000
vn 0.000000 1.000000 0.000000
vn 0.000000 1.000000 0.000000
vn 0.000000 0.000000 1.000000
vn 0.000000 0.000000 1.000000
vn 0.000000 0.000000 1.000000
vn 0.000000 0.000000 1.000000
vn 0.000000 0.000000 1.000000
vn -1.000000 0.000000 0.000000
vn -1.000000 0.000000 0.000000
vn -1.000000 0.000000 0.000000
vn -1.000000 0.000000 0.000000
vn 0.000000 1.000000 0.000000
vn 0.000000 1.000000 0.000000
vn 0.000000 1.000000 0.000000
vn 0.000000 1.000000 0.000000
vn 0.000000 0.000000 -1.000000
vn 0.000000 0.000000 -1.000000
vn 0.000000 0.000000 -1.000000
vn 0.000000 0.000000 -1.000000
vn 1.000000 0.000000 0.000000
vn 1.000000 0.000000 0.000000
vn 1.000000 0.000000 0.000000
vn 1.000000 0.000000 0.000000
vn 0.000000 0.000000 1.000000
vn 0.000000 0.000000 1.000000
vn 0.000000 0.000000 1.000000
vn 0.000000 0.000000 1.000000
vn -1.000000 0.000000 0.000000
vn -1.000000 0.000000 0.000000
vn -1.000000 0.000000 0.000000
vn -1.000000 0.000000 0.000000
vn 0.000000 1.000000 0.000000
vn 0.000000 1.000000 0.000000
vn 0.000000 1.000000 0.000000
vn 0.000000 1.000000 0.000000
vn 0.000000 1.000000 0.000000
vn 0.000000 1.000000 0.000000
vn 1.000000 0.000000 0.000000
vn 1.000000 0.000000 0.000000
vn 1.000000 0.000000 0.000000
vn 1.000000 0.000000 0.000000
vn 0.000000 0.000000 1.000000
vn 0.000000 0.000000 1.000000
vn 0.000000 0.000000 1.000000
vn 0.000000 0.000000 1.000000
vn -1.000000 0.000000 0.000000
vn -1.000000 0.000000 0.000000
vn -1.000000 0.000000 0.000000
vn -1.000000 0.000000 0.000000
vn 0.000000 0.000000 -1.000000
vn 0.000000 0.000000 -1.000000
vn 0.000000 0.000000 -1.000000
vn 0.000000 0.000000 -1.000000
vn 0.000000 1.000000 0.000000
vn 0.000000 1.000000 0.000000
vn 0.000000 1.000000 0.000000
vn 0.000000 1.000000 0.000000
vn 0.000000 1.000000 0.000000
vn 0.000000 1.000000 0.000000
vn 0.000000 1.000000 0.000000
vn 0.000000 1.000000 0.000000
vn 0.000000 1.000000 0.000000
vn 1.000000 0.000000 0.000000
vn 1.000000 0.000000 0.000000
vn 1.000000 0.000000 0.000000
vn 1.000000 0.000000 0.000000
vn 0.000000 0.000000 1.000000
vn 0.000000 0.000000 1.000000
vn 0.000000 0.000000 1.000000
vn 0.000000 0.000000 1.000000
vn -1.000000 0.000000 0.000000
vn -1.000000 0.000000 0.000000
vn -1.000000 0.000000 0.000000
vn -1.000000 0.000000 0.000000
vn 0.000000 0.000000 -1.000000
vn 0.000000 0.000000 -1.000000
vn 0.000000 0.000000 -1.000000
vn 0.000000 0.000000 -1.000000
vn 0.000000 1.000000 0.000000
vn 0.000000 1.000000 0.000000
vn 0.000000 1.000000 0.000000
vn 0.000000 1.000000 0.000000
vn 0.000000 0.000000 -1.000000
vn 0.000000 0.000000 -1.000000
vn 0.000000 0.000000 -1.000000
vn 0.000000 0.000000 -1.000000
vn 1.000000 0.000000 0.000000
vn 1.000000 0.000000 0.000000
vn 1.000000 0.000000 0.000000
vn 1.000000 0.000000 0.000000
vn 1.000000 0.000000 0.000000
vn 0.000000 0.000000 1.000000
vn 0.000000 0.000000 1.000000
vn 0.000000 0.000000 1.000000
vn 0.000000 0.000000 1.000000
vn 1.000000 0.000000 0.000000
vn 0.923880 0.000000 0.382683
vn 0.707107 0.000000 0.707107
vn 0.382683 0.000000 0.923880
vn 0.000000 0.000000 1.000000
vn -0.382683 0.000000 0.923880
vn -0.707107 0.000000 0.707107
vn -0.923880 0.000000 0.382683
vn -1.000000 0.000000 0.000000
vn -0.923880 0.000000 -0.382683
vn -0.707107 0.000000 -0.707107
vn -0.382683 0.000000 -0.923880
vn 0.000000 0.000000 -1.000000
vn 0.382683 0.000000 -0.923880
vn 0.707107 0.000000 -0.707107
vn 0.923880 0.000000 -0.382683
vn 1.000000 0.000000 0.000000
vn 0.923880 0.000000 -0.382683
vn 0.707107 0.000000 -0.707107
vn 0.382683 0.000000 -0.923880
vn 0.000000 0.000000 -1.000000
vn -0.382683 0.000000 -0.923880
vn -0.707107 0.000000 -0.707107
vn -0.923880 0.000000 -0.382683
vn -1.000000 0.000000 0.000000
vn -0.923880 0.000000 0.382683
vn -0.707107 0.000000 0.707107
vn -0.382683 0.000000 0.923880
vn 0.000000 0.000000 1.000000
vn 0.382683 0.000000 0.923880
vn 0.707107 0.000000 0.707107
vn 0.923880 0.000000 0.382683
vn 1.000000 0.000000 0.000000
vn 1.000000 0.000000 0.000000
vn 0.000000 1.000000 0.000000
vn 0.000000 1.000000 0.000000
vn 0.000000 1.000000 0.000000
vn 0.000000 1.000000 0.000000
vn 0.000000 1.000000 0.000000
vn 0.000000 1.000000 0.000000
vn 0.000000 1.000000 0.000000
vn 0.000000 1.000000 0.000000
vn 0.000000 1.000000 0.000000
vn 0.000000 1.000000 0.000000
vn 0.000000 1.000000 0.000000
vn 0.000000 1.000000 0.000000
vn 0.000000 1.000000 0.000000
vn 0.000000 1.000000 0.000000
vn 0.000000 1.000000 0.000000
vn 0.000000 1.000000 0.000000
vn -0.999998 0.000000 -0.002067
vn -0.938270 0.000000 -0.345903
vn -0.762042 0.000000 -0.647528
vn -0.492819 0.000000 -0.870132
vn -0.163456 0.000000 -0.986551
vn 0.185854 0.000000 -0.982577
vn 0.512484 0.000000 -0.858697
vn 0.776574 0.000000 -0.630026
vn 0.945896 0.000000 -0.324471
vn 0.999786 0.000000 0.020680
vn 0.933164 0.000000 0.359451
vn 0.755305 0.000000 0.655373
vn 0.487411 0.000000 0.873173
vn 0.161415 0.000000 0.986887
vn -0.183822 0.000000 0.982960
vn -0.507147 0.000000 0.861860
vn -0.770017 0.000000 0.638023
vn -0.941099 0.000000 0.338131
vn 1.000000 0.000000 0.000000
vn 0.932472 0.000000 -0.361242
vn 0.739009 0.000000 -0.673696
vn 0.445738 0.000000 -0.895163
vn 0.092268 0.000000 -0.995734
vn -0.273663 0.000000 -0.961826
vn -0.602635 0.000000 -0.798017
vn -0.850217 0.000000 -0.526432
vn -0.982973 0.000000 -0.183750
vn -0.982973 0.000000 0.183750
vn -0.850217 0.000000 0.526432
vn -0.602635 0.000000 0.798017
vn -0.273663 0.000000 0.961826
vn 0.092268 0.000000 0.995734
vn 0.445738 0.000000 0.895163
vn 0.739009 0.000000 0.673696
vn 0.932472 0.000000 0.361242
vn 1.000000 0.000000 0.000000
vn 1.000000 0.000000 0.000000
vn 0.945896 0.000000 -0.324471
vn 0.945896 0.000000 -0.324471
vn 0.000000 1.000000 0.000000
vn 0.000000 1.000000 0.000000
vn 0.000000 1.000000 0.000000
vn 0.000000 1.000000 0.000000
vn 0.000000 1.000000 0.000000
vn 0.000000 1.000000 0.000000
vn 0.000000 1.000000 0.000000
vn 0.000000 1.000000 0.000000
vn 0.000000 1.000000 0.000000
vn 0.000000 1.000000 0.000000
vn 0.000000 1.000000 0.000000
vn 0.000000 1.000000 0.000000
vn 0.000000 1.000000 0.000000
vn 0.000000 1.000000 0.000000
vn 0.000000 1.000000 0.000000
vn 0.000000 1.000000 0.000000
vn 0.000000 1.000000 0.000000
vn 0.000000 1.000000 0.000000
vn -1.000000 0.000000 0.000000
vn -1.000000 0.000000 0.000000
vn -1.000000 0.000000 0.000000
vn -1.000000 0.000000 0.000000
vn 1.000000 0.000000 0.000000
vn 1.000000 0.000000 0.000000
vn 1.000000 0.000000 0.000000
vn 1.000000 0.000000 0.000000
vn 0.000000 0.000000 1.000000
vn 0.000000 0.000000 1.000000
vn 0.000000 0.000000 1.000000
vn 0.000000 0.000000 1.000000
vn 0.000000 0.000000 1.000000
vn 0.000000 1.000000 0.000000
vn 0.000000 1.000000 0.000000
vn 0.000000 1.000000 0.000000
vn 0.000000 1.000000 0.000000
vn 0.000000 1.000000 0.000000
vn 0.000000 1.000000 0.000000
vn 0.000000 1.000000 0.000000
vn 0.000000 1.000000 0.000000
vn 0.000000 1.000000 0.000000
vn 0.000000 1.000000 0.000000
vn 0.000000 1.000000 0.000000
vn 0.000000 1.000000 0.000000
vn 0.000000 1.000000 0.000000
vn 0.000000 1.000000 0.000000
vn 0.000000 1.000000 0.000000
vn 0.000000 1.000000 0.000000
vn 0.000000 1.000000 0.000000
vn 0.000000 1.000000 0.000000
vn 0.000000 1.000000 0.000000
vn 0.000000 1.000000 0.000000
vn 0.000000 0.000000 -1.000000
vn 0.000000 0.000000 -1.000000
vn 0.000000 0.000000 -1.000000
vn 0.000000 0.000000 -1.000000
vn 1.000000 0.000000 0.000000
vn 1.000000 0.000000 0.000000
vn 1.000000 0.000000 0.000000
vn 1.000000 0.000000 0.000000
vn 1.000000 0.000000 0.000000
vn 1.000000 0.000000 0.000000
vn 0.000000 0.000000 1.000000
vn 0.000000 0.000000 1.000000
vn 0.000000 0.000000 1.000000
vn 0.000000 0.000000 1.000000
vn -1.000000 0.000000 0.000000
vn -1.000000 0.000000 0.000000
vn -1.000000 0.000000 0.000000
vn -1.000000 0.000000 0.000000
vn -1.000000 0.000000 0.000000
vn -1.000000 0.000000 0.000000
vn 0.000000 1.000000 0.000000
vn 0.000000 1.000000 0.000000
vn 0.000000 1.000000 0.000000
vn 0.000000 1.000000 0.000000
vn 0.000000 1.000000 0.000000
vn 0.000000 1.000000 0.000000
vn 0.000000 1.000000 0.000000
vn 0.000000 1.000000 0.000000
vn 0.000000 1.000000 0.000000
vn 0.000000 1.000000 0.000000
vn 0.000000 1.000000 0.000000
vn 0.000000 1.000000 0.000000
vn 0.000000 1.000000 0.000000
vn 0.000000 1.000000 0.000000
vn 0.000000 1.000000 0.000000
vn 0.000000 1.000000 0.000000
vn 0.000000 1.000000 0.000000
vn 0.000000 1.000000 0.000000
vn 1.000000 0.000000 0.000000
vn 1.000000 0.000000 0.000000
vn 1.000000 0.000000 0.000000
vn 1.000000 0.000000 0.000000
vn 0.000000 0.000000 1.000000
vn 0.000000 0.000000 1.000000
vn 0.000000 0.000000 1.000000
vn 0.000000 0.000000 1.000000
vn 0.000000 1.000000 0.000000
vn 0.000000 1.000000 0.000000
vn 0.000000 1.000000 0.000000
vn 0.000000 1.000000 0.000000
vn 0.000000 1.000000 0.000000
vn 0.000000 1.000000 0.000000
vn 0.000000 1.000000 0.000000
vn 0.000000 1.000000 0.000000
vn -1.000000 0.000000 0.000000
vn -1.000000 0.000000 0.000000
vn -1.000000 0.000000 0.000000
vn -1.000000 0.000000 0.000000
vn 0.000000 0.000000 1.000000
vn 0.000000 0.000000 1.000000
vn 0.000000 0.000000 1.000000
vn 0.000000 0.000000 1.000000
vn 0.000000 0.000000 1.000000
vn 0.000000 0.000000 1.000000
vn 1.000000 0.000000 0.000000
vn 1.000000 0.000000 0.000000
vn 1.000000 0.000000 0.000000
vn 1.000000 0.000000 0.000000
vn 1.000000 0.000000 0.000000
vn 1.000000 0.000000 0.000000
vn 1.000000 0.000000 0.000000
vn 1.000000 0.000000 0.000000
vn 1.000000 0.000000 0.000000
vn 1.000000 0.000000 0.000000
vn 1.000000 0.000000 0.000000
vn 0.000000 0.707107 -0.707107
vn 0.000000 0.707107 -0.707107
vn 0.000000 0.707107 -0.707107
vn 0.000000 0.707107 -0.707107
vn 0.707107 0.707107 0.000000
vn 0.707107 0.707107 0.000000
vn 0.707107 0.707107 0.000000
vn 0.707107 0.707107 0.000000
vn 0.000000 0.707107 0.707107
vn 0.000000 0.707107 0.707107
vn 0.000000 0.707107 0.707107
vn 0.000000 0.707107 0.707107
vn -0.707107 0.707107 0.000000
vn -0.707107 0.707107 0.000000
vn -0.707107 0.707107 0.000000
vn -0.707107 0.707107 0.000000
vn -1.000000 0.000000 0.000000
vn -1.000000 0.000000 0.000000
vn -1.000000 0.000000 0.000000
vn -1.000000 0.000000 0.000000
vn 0.000000 0.000000 -1.000000
vn 0.000000 0.000000 -1.000000
vn 0.000000 0.000000 -1.000000
vn 0.000000 0.000000 -1.000000
vn 0.000000 0.000000 -1.000000
vn 0.000000 1.000000 0.000000
vn 0.000000 1.000000 0.000000
vn 0.000000 1.000000 0.000000
vn 0.000000 1.000000 0.000000
vn 1.000000 0.000000 0.000000
vn 1.000000 0.000000 0.000000
vn 1.000000 0.000000 0.000000
vn 1.000000 0.000000 0.000000
vn -0.069478 0.000000 -0.997584
vn -0.069478 0.000000 -0.997584
vn -0.069478 0.000000 -0.997584
vn -0.069478 0.000000 -0.997584
vn -0.959522 0.000000 -0.281635
vn -0.959522 0.000000 -0.281635
vn -0.959522 0.000000 -0.281635
vn -0.959522 0.000000 -0.281635
vn 0.281635 0.000000 -0.959522
vn 0.281635 0.000000 -0.959522
vn 0.281635 0.000000 -0.959522
vn 0.281635 0.000000 -0.959522
vn 0.959522 0.000000 0.281635
vn 0.959522 0.000000 0.281635
vn 0.959522 0.000000 0.281635
vn 0.959522 0.000000 0.281635
vn 0.000000 0.000000 1.000000
vn 0.000000 0.000000 1.000000
vn 0.000000 0.000000 1.000000
vn 0.000000 0.000000 1.000000
vn 1.000000 0.000000 0.000000
vn 1.000000 0.000000 0.000000
vn 1.000000 0.000000 0.000000
vn 1.000000 0.000000 0.000000
vn 0.000000 0.000000 1.000000
vn 0.000000 0.000000 1.000000
vn 0.000000 0.000000 1.000000
vn 0.000000 0.000000 1.000000
vn -1.000000 0.000000 0.000000
vn -1.000000 0.000000 0.000000
vn -1.000000 0.000000 0.000000
vn -1.000000 0.000000 0.000000
vn 0.000000 0.000000 -1.000000
vn 0.000000 0.000000 -1.000000
vn 0.000000 0.000000 -1.000000
vn 0.000000 0.000000 -1.000000
vn 0.000000 -1.000000 0.000000
vn 0.000000 -1.000000 0.000000
vn 0.000000 -1.000000 0.000000
vn 0.000000 -1.000000 0.000000
vn 0.000000 -1.000000 0.000000
vn 0.000000 -1.000000 0.000000
vn 0.000000 -1.000000 0.000000
vn 0.000000 -1.000000 0.000000
vn 0.000000 -1.000000 0.000000
vn 0.000000 -1.000000 0.000000
vn 0.586454 0.000000 0.809982
vn 0.586454 0.000000 0.809982
vn 0.586454 0.000000 0.809982
vn 0.586454 0.000000 0.809982
vn 0.523399 0.000000 -0.852088
vn 0.523399 0.000000 -0.852088
vn 0.523399 0.000000 -0.852088
vn 0.523399 0.000000 -0.852088
vn 0.406482 0.000000 0.913659
vn 0.406482 0.000000 0.913659
vn 0.406482 0.000000 0.913659
vn 0.406482 0.000000 0.913659
vn -1.000000 0.000000 0.000000
vn -1.000000 0.000000 0.000000
vn -1.000000 0.000000 0.000000
vn -1.000000 0.000000 0.000000
vn -0.305508 0.000000 -0.952189
vn -0.305508 0.000000 -0.952189
vn -0.305508 0.000000 -0.952189
vn -0.305508 0.000000 -0.952189
vn -0.430324 0.000000 0.902674
vn -0.430324 0.000000 0.902674
vn -0.430324 0.000000 0.902674
vn -0.430324 0.000000 0.902674
vn -0.489300 0.000000 -0.872116
vn -0.489300 0.000000 -0.872116
vn -0.489300 0.000000 -0.872116
vn -0.489300 0.000000 -0.872116
vn -0.355551 0.000000 0.934657
vn -0.355551 0.000000 0.934657
vn -0.355551 0.000000 0.934657
vn -0.355551 0.000000 0.934657
vn -1.000000 0.000000 0.000000
vn -1.000000 0.000000 0.000000
vn -1.000000 0.000000 0.000000
vn -1.000000 0.000000 0.000000
vn 0.216405 0.000000 -0.976304
vn 0.216405 0.000000 -0.976304
vn 0.216405 0.000000 -0.976304
vn 0.216405 0.000000 -0.976304
vn 0.000000 -1.000000 0.000000
vn 0.000000 -1.000000 0.000000
vn 0.000000 -1.000000 0.000000
vn 0.000000 -1.000000 0.000000
vn 0.000000 -1.000000 0.000000
vn 0.000000 -1.000000 0.000000
vn 0.000000 -1.000000 0.000000
vn 0.000000 -1.000000 0.000000
vn 0.000000 -1.000000 0.000000
vn 0.000000 -1.000000 0.000000
vn 1.000000 0.000000 0.000000
vn 1.000000 0.000000 0.000000
vn 1.000000 0.000000 0.000000
vn 1.000000 0.000000 0.000000
vn 0.000000 0.000000 1.000000
vn 0.000000 0.000000 1.000000
vn 0.000000 0.000000 1.000000
vn 0.000000 0.000000 1.000000
vn 0.532684 0.000000 -0.846314
vn 0.532684 0.000000 -0.846314
vn 0.532684 0.000000 -0.846314
vn 0.532684 0.000000 -0.846314
vn 0.746967 0.000000 0.664861
vn 0.746967 0.000000 0.664861
vn 0.746967 0.000000 0.664861
vn 0.746967 0.000000 0.664861
vn -0.570276 0.000000 0.821453
vn -0.570276 0.000000 0.821453
vn -0.570276 0.000000 0.821453
vn -0.570276 0.000000 0.821453
vn 0.555466 0.000000 0.831539
vn 0.555466 0.000000 0.831539
vn 0.555466 0.000000 0.831539
vn 0.555466 0.000000 0.831539
vn -0.831539 0.000000 0.555466
vn -0.831539 0.000000 0.555466
vn -0.831539 0.000000 0.555466
vn -0.831539 0.000000 0.555466
vn -0.555466 0.000000 -0.831539
vn -0.555466 0.000000 -0.831539
vn -0.555466 0.000000 -0.831539
vn -0.555466 0.000000 -0.831539
vn 0.070040 0.000000 0.997544
vn 0.070040 0.000000 0.997544
vn 0.070040 0.000000 0.997544
vn 0.070040 0.000000 0.997544
vn -1.000000 0.000000 0.000000
vn -1.000000 0.000000 0.000000
vn -1.000000 0.000000 0.000000
vn -1.000000 0.000000 0.000000
vn 0.000000 0.000000 -1.000000
vn 0.000000 0.000000 -1.000000
vn 0.000000 0.000000 -1.000000
vn 0.000000 0.000000 -1.000000
vn 0.000000 -1.000000 0.000000
vn 0.000000 -1.000000 0.000000
vn 0.000000 -1.000000 0.000000
vn 0.000000 -1.000000 0.000000
vn 0.000000 -1.000000 0.000000
vn 0.000000 -1.000000 0.000000
vn 0.000000 -1.000000 0.000000
vn 0.000000 -1.000000 0.000000
vn 0.000000 -1.000000 0.000000
vn 0.000000 -1.000000 0.000000
vn 0.000000 -1.000000 0.000000
vn 1.000000 0.000000 0.000000
vn 1.000000 0.000000 0.000000
vn 1.000000 0.000000 0.000000
vn 1.000000 0.000000 0.000000
vn 0.000000 0.000000 1.000000
vn 0.000000 0.000000 1.000000
vn 0.000000 0.000000 1.000000
vn 0.000000 0.000000 1.000000
vn 1.000000 0.000000 0.000000
vn 1.000000 0.000000 0.000000
vn 1.000000 0.000000 0.000000
vn 1.000000 0.000000 0.000000
vn 0.000000 0.000000 -1.000000
vn 0.000000 0.000000 -1.000000
vn 0.000000 0.000000 -1.000000
vn 0.000000 0.000000 -1.000000
vn 1.000000 0.000000 0.000000
vn 1.000000 0.000000 0.000000
vn 1.000000 0.000000 0.000000
vn 1.000000 0.000000 0.000000
vn 0.000000 0.000000 1.000000
vn 0.000000 0.000000 1.000000
vn 0.000000 0.000000 1.000000
vn 0.000000 0.000000 1.000000
vn -1.000000 0.000000 0.000000
vn -1.000000 0.000000 0.000000
vn -1.000000 0.000000 0.000000
vn -1.000000 0.000000 0.000000
vn 0.000000 0.000000 -1.000000
vn 0.000000 0.000000 -1.000000
vn 0.000000 0.000000 -1.000000
vn 0.000000 0.000000 -1.000000
vn 0.000000 -1.000000 0.000000
vn 0.000000 -1.000000 0.000000
vn 0.000000 -1.000000 0.000000
vn 0.000000 -1.000000 0.000000
vn 0.000000 -1.000000 0.000000
vn 0.000000 -1.000000 0.000000
vn 0.000000 -1.000000 0.000000
vn 0.000000 -1.000000 0.000000
vn -1.000000 0.000000 0.000000
vn -0.809017 0.000000 0.587785
vn -0.309017 0.000000 0.951057
vn 0.309017 0.000000 0.951057
vn 0.809017 0.000000 0.587785
vn 1.000000 0.000000 0.000000
vn 0.809017 0.000000 -0.587785
vn 0.309017 0.000000 -0.951057
vn -0.309017 0.000000 -0.951057
vn -0.809017 0.000000 -0.587785
vn -1.000000 0.000000 0.000000
vn -0.809017 0.000000 -0.587785
vn -0.309017 0.000000 -0.951057
vn 0.309017 0.000000 -0.951057
vn 0.809017 0.000000 -0.587785
vn 1.000000 0.000000 0.000000
vn 0.809017 0.000000 0.587785
vn 0.309017 0.000000 0.951057
vn -0.309017 0.000000 0.951057
vn -0.809017 0.000000 0.587785
vn -1.000000 0.000000 0.000000
vn -1.000000 0.000000 0.000000
vn 0.000000 -1.000000 0.000000
vn 0.000000 -1.000000 0.000000
vn 0.000000 -1.000000 0.000000
vn 0.000000 -1.000000 0.000000
vn 0.000000 -1.000000 0.000000
vn 0.000000 -1.000000 0.000000
vn 0.000000 -1.000000 0.000000
vn 0.000000 -1.000000 0.000000
vn 0.000000 -1.000000 0.000000
vn 0.000000 -1.000000 0.000000
vn 1.000000 0.000000 0.000000
vn 1.000000 0.000000 0.000000
vn 1.000000 0.000000 0.000000
vn 1.000000 0.000000 0.000000
vn 0.000000 0.000000 1.000000
vn 0.000000 0.000000 1.000000
vn 0.000000 0.000000 1.000000
vn 0.000000 0.000000 1.000000
vn -1.000000 0.000000 0.000000
vn -1.000000 0.000000 0.000000
vn -1.000000 0.000000 0.000000
vn -1.000000 0.000000 0.000000
vn 0.000000 0.000000 -1.000000
vn 0.000000 0.000000 -1.000000
vn 0.000000 0.000000 -1.000000
vn 0.000000 0.000000 -1.000000
vn 0.000000 -1.000000 0.000000
vn 0.000000 -1.000000 0.000000
vn 0.000000 -1.000000 0.000000
vn 0.000000 -1.000000 0.000000
vn -0.965115 0.000000 0.261827
vn -0.998801 0.000000 -0.048948
vn -0.934889 0.000000 -0.354940
vn -0.779623 0.000000 -0.626249
vn -0.548176 0.000000 -0.836363
vn -0.263163 0.000000 -0.964751
vn 0.047565 0.000000 -0.998868
vn 0.353645 0.000000 -0.935380
vn 0.625169 0.000000 -0.780490
vn 0.835603 0.000000 -0.549333
vn 0.964386 0.000000 -0.264498
vn 0.998933 0.000000 0.046182
vn 0.935868 0.000000 0.352350
vn 0.935868 0.000000 0.352350
vn 0.998933 0.000000 0.046182
vn 0.964386 0.000000 -0.264498
vn 0.835603 0.000000 -0.549333
vn 0.625169 0.000000 -0.780490
vn 0.353645 0.000000 -0.935380
vn 0.047565 0.000000 -0.998868
vn -0.263163 0.000000 -0.964751
vn -0.548176 0.000000 -0.836363
vn -0.779623 0.000000 -0.626249
vn -0.934889 0.000000 -0.354940
vn -0.998801 0.000000 -0.048948
vn -0.965115 0.000000 0.261827
vn -0.047565 0.000000 0.998868
vn -0.047565 0.000000 0.998868
vn -0.047565 0.000000 0.998868
vn -0.047565 0.000000 0.998868
vn -0.850475 0.000000 -0.526016
vn -0.984508 0.000000 -0.175339
vn -0.979786 0.000000 0.200049
vn -0.836974 0.000000 0.547243
vn -0.576199 0.000000 0.817309
vn -0.234216 0.000000 0.972184
vn 0.140777 0.000000 0.990041
vn 0.495929 0.000000 0.868363
vn 0.781186 0.000000 0.624298
vn 0.956343 0.000000 0.292246
vn 0.996714 0.000000 -0.080995
vn 0.896610 0.000000 -0.442821
vn 0.896610 0.000000 -0.442821
vn 0.996714 0.000000 -0.080995
vn 0.956343 0.000000 0.292246
vn 0.781186 0.000000 0.624298
vn 0.495929 0.000000 0.868363
vn 0.140777 0.000000 0.990041
vn -0.234216 0.000000 0.972184
vn -0.576199 0.000000 0.817309
vn -0.836974 0.000000 0.547243
vn -0.979786 0.000000 0.200049
vn -0.984508 0.000000 -0.175339
vn -0.850475 0.000000 -0.526016
vn -0.836974 0.000000 0.547243
vn -0.836974 0.000000 0.547243
vn -0.836974 0.000000 0.547243
vn -0.836974 0.000000 0.547243
vn -0.047565 0.000000 0.998868
vn -0.047565 0.000000 0.998868
vn -0.047565 0.000000 0.998868
vn -0.047565 0.000000 0.998868
vn 0.000000 -1.000000 0.000000
vn 0.000000 -1.000000 0.000000
vn 0.000000 -1.000000 0.000000
vn 0.000000 -1.000000 0.000000
vn 0.000000 -1.000000 0.000000
vn 0.000000 -1.000000 0.000000
vn 0.000000 -1.000000 0.000000
vn 0.000000 -1.000000 0.000000
vn 0.000000 -1.000000 0.000000
vn 0.000000 -1.000000 0.000000
vn 0.000000 -1.000000 0.000000
vn 0.000000 -1.000000 0.000000
vn 0.000000 -1.000000 0.000000
vn 0.000000 -1.000000 0.000000
vn 0.000000 -1.000000 0.000000
vn 0.000000 -1.000000 0.000000
vn 0.000000 -1.000000 0.000000
vn 0.000000 -1.000000 0.000000
vn 0.000000 -1.000000 0.000000
vn 0.000000 -1.000000 0.000000
vn 0.000000 -1.000000 0.000000
vn 0.000000 -1.000000 0.000000
vn 0.000000 -1.000000 0.000000
vn 0.000000 -1.000000 0.000000
vn 0.000000 -1.000000 0.000000
vn 1.000000 0.000000 0.000000
vn 0.885456 0.000000 0.464723
vn 0.568065 0.000000 0.822984
vn 0.120537 0.000000 0.992709
vn -0.354605 0.000000 0.935016
vn -0.748511 0.000000 0.663123
vn -0.970942 0.000000 0.239316
vn -0.970942 0.000000 -0.239316
vn -0.748511 0.000000 -0.663123
vn -0.354605 0.000000 -0.935016
vn 0.120537 0.000000 -0.992709
vn 0.568065 0.000000 -0.822984
vn 0.885456 0.000000 -0.464723
vn 1.000000 0.000000 0.000000
vn 0.885456 0.000000 -0.464723
vn 0.568065 0.000000 -0.822984
vn 0.120537 0.000000 -0.992709
vn -0.354605 0.000000 -0.935016
vn -0.748511 0.000000 -0.663123
vn -0.970942 0.000000 -0.239316
vn -0.970942 0.000000 0.239316
vn -0.748511 0.000000 0.663123
vn -0.354605 0.000000 0.935016
vn 0.120537 0.000000 0.992709
vn 0.568065 0.000000 0.822984
vn 0.885456 0.000000 0.464723
vn 1.000000 0.000000 0.000000
vn 1.000000 0.000000 0.000000
vn -1.000000 0.000000 0.000000
vn -0.932472 0.000000 0.361242
vn -0.739009 0.000000 0.673696
vn -0.445738 0.000000 0.895163
vn -0.092268 0.000000 0.995734
vn 0.273663 0.000000 0.961826
vn 0.602635 0.000000 0.798017
vn 0.850217 0.000000 0.526432
vn 0.982973 0.000000 0.183750
vn 0.982973 0.000000 -0.183750
vn 0.850217 0.000000 -0.526432
vn 0.602635 0.000000 -0.798017
vn 0.273663 0.000000 -0.961826
vn -0.092268 0.000000 -0.995734
vn -0.445738 0.000000 -0.895163
vn -0.739009 0.000000 -0.673696
vn -0.932472 0.000000 -0.361242
vn -1.000000 0.000000 0.000000
vn -0.932472 0.000000 -0.361242
vn -0.739009 0.000000 -0.673696
vn -0.445738 0.000000 -0.895163
vn -0.092268 0.000000 -0.995734
vn 0.273663 0.000000 -0.961826
vn 0.602635 0.000000 -0.798017
vn 0.850217 0.000000 -0.526432
vn 0.982973 0.000000 -0.183750
vn 0.982973 0.000000 0.183750
vn 0.850217 0.000000 0.526432
vn 0.602635 0.000000 0.798017
vn 0.273663 0.000000 0.961826
vn -0.092268 0.000000 0.995734
vn -0.445738 0.000000 0.895163
vn -0.739009 0.000000 0.673696
vn -0.932472 0.000000 0.361242
vn -1.000000 0.000000 0.000000
vn -1.000000 0.000000 0.000000
vn 0.000000 -1.000000 0.000000
vn 0.000000 -1.000000 0.000000
vn 0.000000 -1.000000 0.000000
vn 0.000000 -1.000000 0.000000
vn 0.000000 -1.000000 0.000000
vn 0.000000 -1.000000 0.000000
vn 0.000000 -1.000000 0.000000
vn 0.000000 -1.000000 0.000000
vn 0.000000 -1.000000 0.000000
vn 0.000000 -1.000000 0.000000
vn 0.000000 -1.000000 0.000000
vn 0.000000 -1.000000 0.000000
vn 0.000000 -1.000000 0.000000
vn 0.000000 -1.000000 0.000000
vn 0.000000 -1.000000 0.000000
vn 0.000000 -1.000000 0.000000
vn 0.000000 -1.000000 0.000000
vn 0.000000 -1.000000 0.000000
vn 0.000000 -1.000000 0.000000
vn 0.000000 -1.000000 0.000000
vn 0.000000 -1.000000 0.000000
vn 0.000000 -1.000000 0.000000
vn 0.000000 -1.000000 0.000000
vn 0.000000 -1.000000 0.000000
vn 0.000000 -1.000000 0.000000
vn 0.000000 -1.000000 0.000000
vn 0.000000 -1.000000 0.000000
vn 0.000000 -1.000000 0.000000
vn 0.000000 -1.000000 0.000000
vn 0.000000 -1.000000 0.000000
vn 1.000000 0.000000 0.000000
vn 1.000000 0.000000 0.000000
vn 1.000000 0.000000 0.000000
vn 1.000000 0.000000 0.000000
vn 0.000000 0.000000 1.000000
vn 0.000000 0.000000 1.000000
vn 0.000000 0.000000 1.000000
vn 0.000000 0.000000 1.000000
vn 1.000000 0.000000 0.000000
vn 1.000000 0.000000 0.000000
vn 1.000000 0.000000 0.000000
vn 1.000000 0.000000 0.000000
vn 0.000000 0.000000 -1.000000
vn 0.000000 0.000000 -1.000000
vn 0.000000 0.000000 -1.000000
vn 0.000000 0.000000 -1.000000
vn 1.000000 0.000000 0.000000
vn 1.000000 0.000000 0.000000
vn 1.000000 0.000000 0.000000
vn 1.000000 0.000000 0.000000
vn 0.000000 0.000000 1.000000
vn 0.000000 0.000000 1.000000
vn 0.000000 0.000000 1.000000
vn 0.000000 0.000000 1.000000
vn -1.000000 0.000000 0.000000
vn -1.000000 0.000000 0.000000
vn -1.000000 0.000000 0.000000
vn -1.000000 0.000000 0.000000
vn 0.000000 0.000000 1.000000
vn 0.000000 0.000000 1.000000
vn 0.000000 0.000000 1.000000
vn 0.000000 0.000000 1.000000
vn -1.000000 0.000000 0.000000
vn -1.000000 0.000000 0.000000
vn -1.000000 0.000000 0.000000
vn -1.000000 0.000000 0.000000
vn 0.000000 0.000000 -1.000000
vn 0.000000 0.000000 -1.000000
vn 0.000000 0.000000 -1.000000
vn 0.000000 0.000000 -1.000000
vn 0.000000 -1.000000 0.000000
vn 0.000000 -1.000000 0.000000
vn 0.000000 -1.000000 0.000000
vn 0.000000 -1.000000 0.000000
vn 0.000000 -1.000000 0.000000
vn 0.000000 -1.000000 0.000000
vn 0.000000 -1.000000 0.000000
vn 0.000000 -1.000000 0.000000
vn 0.000000 -1.000000 0.000000
vn 0.000000 -1.000000 0.000000
vn 0.000000 -1.000000 0.000000
vn 0.000000 -1.000000 0.000000
vn 0.000000 -1.000000 0.000000
vn 0.000000 -1.000000 0.000000
vn 0.000000 -1.000000 0.000000
vn 0.000000 -1.000000 0.000000
vn 0.000000 -1.000000 0.000000
vn 0.000000 -1.000000 0.000000
vn 0.000000 -1.000000 0.000000
vn 0.000000 -1.000000 0.000000
vn 0.000000 -1.000000 0.000000
vn 0.000000 -1.000000 0.000000
vn 0.000000 -1.000000 0.000000
vn 0.000000 -1.000000 0.000000
vn 0.000000 -1.000000 0.000000
vn 0.000000 -1.000000 0.000000
vn 0.000000 -1.000000 0.000000
vn 0.000000 -1.000000 0.000000
vn 0.000000 -1.000000 0.000000
vn 0.000000 -1.000000 0.000000
vn 0.000000 -1.000000 0.000000
vn 0.000000 -1.000000 0.000000
vn 0.000000 -1.000000 0.000000
vn 0.000000 -1.000000 0.000000
vn 0.000000 -1.000000 0.000000
vn 0.000000 -1.000000 0.000000
vn 0.000000 -1.000000 0.000000
vn 0.000000 -1.000000 0.000000
vn 0.000000 -1.000000 0.000000
vn 0.000000 -1.000000 0.000000
vn 0.000000 -1.000000 0.000000
vn 0.000000 -1.000000 0.000000
vn 0.000000 -1.000000 0.000000
vn 0.000000 -1.000000 0.000000
vn 0.000000 -1.000000 0.000000
vn 0.000000 -1.000000 0.000000
vn 0.000000 -1.000000 0.000000
vn 0.000000 -1.000000 0.000000
vn 0.000000 -1.000000 0.000000
vn 0.000000 -1.000000 0.000000
vn 0.000000 -1.000000 0.000000
vn 0.000000 -1.000000 0.000000
vn 0.000000 -1.000000 0.000000
vn 0.000000 -1.000000 0.000000
vn 0.000000 -1.000000 0.000000
vn 0.000000 -1.000000 0.000000
vn 0.000000 -1.000000 0.000000
vn 0.000000 -1.000000 0.000000
vn 0.000000 -1.000000 0.000000
vn 0.000000 -1.000000 0.000000
vn 0.000000 -1.000000 0.000000
vn 0.000000 -1.000000 0.000000
vn 0.000000 -1.000000 0.000000
vn 0.000000 -1.000000 0.000000
vn 0.000000 -1.000000 0.000000
vn 0.000000 -1.000000 0.000000
vn 0.000000 -1.000000 0.000000
vn 0.000000 -1.000000 0.000000
vn 0.000000 -1.000000 0.000000
vn 0.000000 -1.000000 0.000000
vn 0.000000 -1.000000 0.000000
vn 0.000000 -1.000000 0.000000
vn 0.000000 -1.000000 0.000000
vn 0.000000 -1.000000 0.000000
vn 0.000000 -1.000000 0.000000
vn 0.000000 -1.000000 0.000000
vn 0.000000 -1.000000 0.000000
vn 0.000000 -1.000000 0.000000
vn 0.000000 -1.000000 0.000000
vn 0.000000 -1.000000 0.000000
vn 0.000000 -1.000000 0.000000
vn 0.000000 -1.000000 0.000000
vn 0.000000 -1.000000 0.000000
vn 0.000000 -1.000000 0.000000
vn 0.000000 -1.000000 0.000000
vn 0.000000 -1.000000 0.000000
vn 0.000000 -1.000000 0.000000
vn 0.000000 -1.000000 0.000000
vn 0.000000 -1.000000 0.000000
vn 0.000000 -1.000000 0.000000
vn 0.000000 -1.000000 0.000000
vn 0.000000 -1.000000 0.000000
vn 0.000000 -1.000000 0.000000
vn 0.000000 -1.000000 0.000000
vn 0.000000 -1.000000 0.000000
vn 0.000000 -1.000000 0.000000
vn 0.000000 -1.000000 0.000000
vn 0.000000 -1.000000 0.000000
vn 0.000000 -1.000000 0.000000
vn 0.000000 -1.000000 0.000000
vn 0.000000 -1.000000 0.000000
vn 0.000000 -1.000000 0.000000
vn 0.000000 -1.000000 0.000000
vn 0.000000 -1.000000 0.000000
vn 0.000000 -1.000000 0.000000
vn 0.000000 -1.000000 0.000000
vn 0.000000 -1.000000 0.000000
vn 0.000000 -1.000000 0.000000
vn 0.000000 -1.000000 0.000000
vn 0.000000 -1.000000 0.000000
vn 0.000000 -1.000000 0.000000
vn 0.000000 -1.000000 0.000000
vn 0.000000 -1.000000 0.000000
vn 0.000000 -1.000000 0.000000
vn 0.000000 -1.000000 0.000000
vn 0.000000 -1.000000 0.000000
vn 0.000000 -1.000000 0.000000
vn 0.000000 -1.000000 0.000000
vn 0.000000 -1.000000 0.000000
vn 0.000000 -1.000000 0.000000
vn 0.000000 -1.000000 0.000000
vn 0.000000 -1.000000 0.000000
vn 0.000000 -1.000000 0.000000
vn 0.000000 -1.000000 0.000000
vn 0.000000 -1.000000 0.000000
vn 0.000000 -1.000000 0.000000
vn 0.000000 -1.000000 0.000000
vn 0.000000 -1.000000 0.000000
vn 0.000000 -1.000000 0.000000
vn 0.000000 -1.000000 0.000000
vn 0.000000 -1.000000 0.000000
vn 0.000000 -1.000000 0.000000
vn 0.000000 -1.000000 0.000000
vn 0.000000 -1.000000 0.000000
vn 0.000000 -1.000000 0.000000
vn 0.000000 -1.000000 0.000000
vn 0.000000 -1.000000 0.000000
vn 0.000000 -1.000000 0.000000
vn 0.000000 -1.000000 0.000000
vn 0.000000 -1.000000 0.000000
vn 0.000000 -1.000000 0.000000
vn 0.000000 -1.000000 0.000000
vn 0.000000 -1.000000 0.000000
vn 0.000000 -1.000000 0.000000
vn 0.000000 -1.000000 0.000000
vn 0.000000 -1.000000 0.000000
vn 0.000000 -1.000000 0.000000
vn 0.000000 -1.000000 0.000000
vn 0.000000 -1.000000 0.000000
vn 0.000000 -1.000000 0.000000
vn 0.000000 -1.000000 0.000000
vn 0.000000 -1.000000 0.000000
vn 0.000000 -1.000000 0.000000
vn 0.000000 -1.000000 0.000000
vn 0.000000 -1.000000 0.000000
vn 0.000000 -1.000000 0.000000
vn 0.000000 -1.000000 0.000000
vn 0.000000 -1.000000 0.000000
vn 0.000000 -1.000000 0.000000
vn 0.000000 -1.000000 0.000000
vn 0.000000 -1.000000 0.000000
vn 0.000000 -1.000000 0.000000
vn 0.000000 -1.000000 0.000000
vn 0.000000 -1.000000 0.000000
vn 0.000000 -1.000000 0.000000
vn 0.000000 -1.000000 0.000000
vn 0.000000 -1.000000 0.000000
vn 0.000000 -1.000000 0.000000
vn 0.000000 -1.000000 0.000000
vn 0.000000 -1.000000 0.000000
vn 0.000000 -1.000000 0.000000
vn 1.000000 0.000000 0.000000
vn 0.993712 0.000000 0.111964
vn 0.974928 0.000000 0.222521
vn 0.943883 0.000000 0.330279
vn 0.900969 0.000000 0.433884
vn 0.846724 0.000000 0.532032
vn 0.781832 0.000000 0.623490
vn 0.707107 0.000000 0.707107
vn 0.623490 0.000000 0.781832
vn 0.532032 0.000000 0.846724
vn 0.433884 0.000000 0.900969
vn 0.330279 0.000000 0.943883
vn 0.222521 0.000000 0.974928
vn 0.111964 0.000000 0.993712
vn 0.000000 0.000000 1.000000
vn -0.111964 0.000000 0.993712
vn -0.222521 0.000000 0.974928
vn -0.330279 0.000000 0.943883
vn -0.433884 0.000000 0.900969
vn -0.532032 0.000000 0.846724
vn -0.623490 0.000000 0.781832
vn -0.707107 0.000000 0.707107
vn -0.781832 0.000000 0.623490
vn -0.846724 0.000000 0.532032
vn -0.900969 0.000000 0.433884
vn -0.943883 0.000000 0.330279
vn -0.974928 0.000000 0.222521
vn -0.993712 0.000000 0.111964
vn -1.000000 0.000000 0.000000
vn -0.993712 0.000000 -0.111964
vn -0.974928 0.000000 -0.222521
vn -0.943883 0.000000 -0.330279
vn -0.900969 0.000000 -0.433884
vn -0.846724 0.000000 -0.532032
vn -0.781832 0.000000 -0.623490
vn -0.707107 0.000000 -0.707107
vn -0.623490 0.000000 -0.781832
vn -0.532032 0.000000 -0.846724
vn -0.433884 0.000000 -0.900969
vn -0.330279 0.000000 -0.943883
vn -0.222521 0.000000 -0.974928
vn -0.111964 0.000000 -0.993712
vn 0.000000 0.000000 -1.000000
vn 0.111964 0.000000 -0.993712
vn 0.222521 0.000000 -0.974928
vn 0.330279 0.000000 -0.943883
vn 0.433884 0.000000 -0.900969
vn 0.532032 0.000000 -0.846724
vn 0.623490 0.000000 -0.781832
vn 0.707107 0.000000 -0.707107
vn 0.781832 0.000000 -0.623490
vn 0.846724 0.000000 -0.532032
vn 0.900969 0.000000 -0.433884
vn 0.943883 0.000000 -0.330279
vn 0.974928 0.000000 -0.222521
vn 0.993712 0.000000 -0.111964
vn -1.000000 0.000000 0.000000
vn -0.993712 0.000000 0.111964
vn -0.974928 0.000000 0.222521
vn -0.943883 0.000000 0.330279
vn -0.900969 0.000000 0.433884
vn -0.846724 0.000000 0.532032
vn -0.781832 0.000000 0.623490
vn -0.707107 0.000000 0.707107
vn -0.623490 0.000000 0.781832
vn -0.532032 0.000000 0.846724
vn -0.433884 0.000000 0.900969
vn -0.330279 0.000000 0.943883
vn -0.222521 0.000000 0.974928
vn -0.111964 0.000000 0.993712
vn 0.000000 0.000000 1.000000
vn 0.111964 0.000000 0.993712
vn 0.222521 0.000000 0.974928
vn 0.330279 0.000000 0.943883
vn 0.433884 0.000000 0.900969
vn 0.532032 0.000000 0.846724
vn 0.623490 0.000000 0.781832
vn 0.707107 0.000000 0.707107
vn 0.781832 0.000000 0.623490
vn 0.846724 0.000000 0.532032
vn 0.900969 0.000000 0.433884
vn 0.943883 0.000000 0.330279
vn 0.974928 0.000000 0.222521
vn 0.993712 0.000000 0.111964
vn 1.000000 0.000000 0.000000
vn 0.993712 0.000000 -0.111964
vn 0.974928 0.000000 -0.222521
vn 0.943883 0.000000 -0.330279
vn 0.900969 0.000000 -0.433884
vn 0.846724 0.000000 -0.532032
vn 0.781832 0.000000 -0.623490
vn 0.707107 0.000000 -0.707107
vn 0.623490 0.000000 -0.781832
vn 0.532032 0.000000 -0.846724
vn 0.433884 0.000000 -0.900969
vn 0.330279 0.000000 -0.943883
vn 0.222521 0.000000 -0.974928
vn 0.111964 0.000000 -0.993712
vn 0.000000 0.000000 -1.000000
vn -0.111964 0.000000 -0.993712
vn -0.222521 0.000000 -0.974928
vn -0.330279 0.000000 -0.943883
vn -0.433884 0.000000 -0.900969
vn -0.532032 0.000000 -0.846724
vn -0.623490 0.000000 -0.781832
vn -0.707107 0.000000 -0.707107
vn -0.781832 0.000000 -0.623490
vn -0.846724 0.000000 -0.532032
vn -0.900969 0.000000 -0.433884
vn -0.943883 0.000000 -0.330279
vn -0.974928 0.000000 -0.222521
vn -0.993712 0.000000 -0.111964
vn -1.000000 0.000000 0.000000
vn -1.000000 0.000000 0.000000
vn 0.000000 -1.000000 0.000000
vn 0.000000 -1.000000 0.000000
vn 0.000000 -1.000000 0.000000
vn 0.000000 -1.000000 0.000000
vn 0.000000 -1.000000 0.000000
vn 0.000000 -1.000000 0.000000
vn 0.000000 -1.000000 0.000000
vn 0.000000 -1.000000 0.000000
vn 0.000000 -1.000000 0.000000
vn 0.000000 -1.000000 0.000000
vn 0.000000 -1.000000 0.000000
vn 0.000000 -1.000000 0.000000
vn 0.000000 -1.000000 0.000000
usemtl 96,96,96
f 144/38/38 147/2/2 148/46/46
f 148/46/46 147/2/2 164/3/3
f 148/46/46 164/3/3 165/45/45
f 165/45/45 164/3/3 185/4/4
f 165/45/45 185/4/4 186/44/44
f 186/44/44 185/4/4 213/5/5
f 186/44/44 213/5/5 214/43/43
f 214/43/43 213/5/5 249/6/6
f 214/43/43 249/6/6 250/42/42
f 250/42/42 249/6/6 289/7/7
f 250/42/42 289/7/7 290/41/41
f 290/41/41 289/7/7 317/8/8
f 290/41/41 317/8/8 318/40/40
f 318/40/40 317/8/8 335/9/9
f 318/40/40 335/9/9 336/39/39
f 336/39/39 335/9/9 349/19/19
f 349/30/30 345/11/11 342/54/54
f 342/54/54 345/11/11 325/12/12
f 342/54/54 325/12/12 326/53/53
f 326/53/53 325/12/12 297/13/13
f 326/53/53 297/13/13 298/52/52
f 298/52/52 297/13/13 257/14/14
f 298/52/52 257/14/14 258/51/51
f 258/51/51 257/14/14 222/15/15
f 258/51/51 222/15/15 223/50/50
f 223/50/50 222/15/15 194/16/16
f 223/50/50 194/16/16 195/49/49
f 195/49/49 194/16/16 173/17/17
f 195/49/49 173/17/17 174/48/48
f 174/48/48 173/17/17 155/18/18
f 174/48/48 155/18/18 156/47/47
f 156/47/47 155/18/18 144/21/21
f 336/39/39 349/23/23 337/71/71
f 337/71/71 349/24/24 338/79/79
f 338/79/79 349/25/25 339/70/70
f 340/55/55 349/27/27 344/87/87
f 344/87/87 349/28/28 343/95/95
f 343/95/95 349/29/29 342/54/54
f 156/47/47 144/31/31 157/102/102
f 157/102/102 144/32/32 154/94/94
f 154/94/94 144/33/33 153/62/62
f 153/62/62 144/34/34 152/63/63
f 150/86/86 144/36/36 149/78/78
f 149/78/78 144/37/37 148/46/46
f 339/70/70 349/20/20 340/55/55
f 318/40/40 336/39/39 319/72/72
f 319/72/72 336/39/39 337/71/71
f 319/72/72 337/71/71 320/80/80
f 320/80/80 337/71/71 338/79/79
f 320/80/80 338/79/79 321/69/69
f 321/69/69 338/79/79 339/70/70
f 321/69/69 339/70/70 322/56/56
f 322/56/56 339/70/70 340/55/55
f 322/56/56 340/55/55 323/88/88
f 323/88/88 340/55/55 344/87/87
f 323/88/88 344/87/87 324/96/96
f 324/96/96 344/87/87 343/95/95
f 324/96/96 343/95/95 326/53/53
f 326/53/53 343/95/95 342/54/54
f 290/41/41 318/40/40 291/73/73
f 291/73/73 318/40/40 319/72/72
f 291/73/73 319/72/72 292/81/81
f 292/81/81 319/72/72 320/80/80
f 292/81/81 320/80/80 293/68/68
f 293/68/68 320/80/80 321/69/69
f 293/68/68 321/69/69 294/57/57
f 294/57/57 321/69/69 322/56/56
f 294/57/57 322/56/56 295/89/89
f 295/89/89 322/56/56 323/88/88
f 295/89/89 323/88/88 296/97/97
f 296/97/97 323/88/88 324/96/96
f 296/97/97 324/96/96 298/52/52
f 298/52/52 324/96/96 326/53/53
f 250/42/42 290/41/41 251/74/74
f 251/74/74 290/41/41 291/73/73
f 251/74/74 291/73/73 252/82/82
f 252/82/82 291/73/73 292/81/81
f 252/82/82 292/81/81 253/67/67
f 253/67/67 292/81/81 293/68/68
f 253/67/67 293/68/68 254/58/58
f 254/58/58 293/68/68 294/57/57
f 254/58/58 294/57/57 255/90/90
f 255/90/90 294/57/57 295/89/89
f 255/90/90 295/89/89 256/98/98
f 256/98/98 295/89/89 296/97/97
f 256/98/98 296/97/97 258/51/51
f 258/51/51 296/97/97 298/52/52
f 214/43/43 250/42/42 215/75/75
f 215/75/75 250/42/42 251/74/74
f 215/75/75 251/74/74 216/83/83
f 216/83/83 251/74/74 252/82/82
f 216/83/83 252/82/82 217/66/66
f 217/66/66 252/82/82 253/67/67
f 217/66/66 253/67/67 218/59/59
f 218/59/59 253/67/67 254/58/58
f 218/59/59 254/58/58 219/91/91
f 219/91/91 254/58/58 255/90/90
f 219/91/91 255/90/90 221/99/99
f 221/99/99 255/90/90 256/98/98
f 221/99/99 256/98/98 223/50/50
f 223/50/50 256/98/98 258/51/51
f 186/44/44 214/43/43 187/76/76
f 187/76/76 214/43/43 215/75/75
f 187/76/76 215/75/75 188/84/84
f 188/84/84 215/75/75 216/83/83
f 188/84/84 216/83/83 189/65/65
f 189/65/65 216/83/83 217/66/66
f 189/65/65 217/66/66 190/60/60
f 190/60/60 217/66/66 218/59/59
f 190/60/60 218/59/59 192/92/92
f 192/92/92 218/59/59 219/91/91
f 192/92/92 219/91/91 193/100/100
f 193/100/100 219/91/91 221/99/99
f 193/100/100 221/99/99 195/49/49
f 195/49/49 221/99/99 223/50/50
f 149/78/78 148/46/46 165/45/45
f 165/45/45 186/44/44 166/77/77
f 166/77/77 186/44/44 187/76/76
f 166/77/77 187/76/76 167/85/85
f 167/85/85 187/76/76 188/84/84
f 167/85/85 188/84/84 168/64/64
f 168/64/64 188/84/84 189/65/65
f 168/64/64 189/65/65 170/61/61
f 170/61/61 189/65/65 190/60/60
f 170/61/61 190/60/60 171/93/93
f 171/93/93 190/60/60 192/92/92
f 171/93/93 192/92/92 172/101/101
f 172/101/101 192/92/92 193/100/100
f 172/101/101 193/100/100 174/48/48
f 174/48/48 193/100/100 195/49/49
f 172/101/101 174/48/48 156/47/47
f 172/101/101 156/47/47 157/102/102
f 170/61/61 153/62/62 168/64/64
f 168/64/64 153/62/62 152/63/63
f 168/64/64 152/63/63 167/85/85
f 167/85/85 152/63/63 150/86/86
f 167/85/85 150/86/86 166/77/77
f 166/77/77 150/86/86 149/78/78
f 166/77/77 149/78/78 165/45/45
f 153/62/62 170/61/61 154/94/94
f 154/94/94 170/61/61 171/93/93
f 154/94/94 171/93/93 157/102/102
f 157/102/102 171/93/93 172/101/101
f 152/63/63 144/35/35 150/86/86
f 122/104/104 121/105/105 111/103/103
f 111/103/103 121/105/105 110/106/106
f 107/114/114 111/107/107 109/112/112
f 109/112/112 111/107/107 110/108/108
f 109/112/112 110/108/108 108/111/111
f 108/111/111 110/108/108 104/109/109
f 108/111/111 104/109/109 105/110/110
f 109/112/112 106/113/113 107/114/114
f 104/123/123 110/115/115 131/121/121
f 131/121/121 110/115/115 121/116/116
f 131/121/121 121/116/116 241/120/120
f 241/120/120 121/116/116 364/117/117
f 241/120/120 364/117/117 362/118/118
f 362/118/118 238/119/119 241/120/120
f 131/121/121 128/122/122 104/123/123
f 116/125/125 117/126/126 138/124/124
f 138/124/124 117/126/126 139/127/127
f 138/128/128 139/129/129 313/131/131
f 313/131/131 139/129/129 314/130/130
f 911/133/133 825/134/134 909/132/132
f 909/132/132 825/134/134 823/135/135
f 822/140/140 823/136/136 821/139/139
f 821/139/139 823/136/136 825/137/137
f 821/139/139 825/137/137 824/138/138
f 911/142/142 910/143/143 825/141/141
f 825/141/141 910/143/143 904/144/144
f 825/141/141 904/144/144 824/147/147
f 824/147/147 904/144/144 902/145/145
f 824/147/147 902/145/145 900/146/146
f 206/149/149 120/150/150 204/148/148
f 204/148/148 120/150/150 118/151/151
f 204/152/152 118/153/153 203/155/155
f 203/155/155 118/153/153 115/154/154
f 120/157/157 119/158/158 118/156/156
f 118/156/156 119/158/158 114/159/159
f 118/156/156 114/159/159 115/160/160
f 103/162/162 102/163/163 87/161/161
f 87/161/161 102/163/163 86/164/164
f 102/166/166 139/172/172 86/165/165
f 86/165/165 139/172/172 117/173/173
f 86/165/165 117/173/173 84/175/175
f 84/175/175 117/173/173 113/174/174
f 139/172/172 102/166/166 314/171/171
f 314/171/171 102/166/166 430/167/167
f 314/171/171 430/167/167 498/168/168
f 498/168/168 494/169/169 314/171/171
f 314/171/171 494/169/169 312/170/170
f 334/177/177 431/195/195 348/176/176
f 348/176/176 431/195/195 430/196/196
f 348/176/176 430/196/196 333/192/192
f 333/192/192 430/196/196 315/191/191
f 315/191/191 430/196/196 280/190/190
f 280/190/190 430/196/196 243/189/189
f 243/189/189 430/196/196 102/193/193
f 243/189/189 102/193/193 196/188/188
f 196/188/188 102/193/193 175/187/187
f 175/187/187 102/193/193 162/186/186
f 162/186/186 102/193/193 145/185/185
f 145/185/185 102/193/193 103/194/194
f 145/185/185 103/194/194 146/184/184
f 146/184/184 103/194/194 163/183/183
f 163/183/183 103/194/194 176/182/182
f 176/182/182 103/194/194 197/181/181
f 197/181/181 103/194/194 244/180/180
f 244/180/180 103/194/194 431/195/195
f 244/180/180 431/195/195 281/179/179
f 281/179/179 431/195/195 316/178/178
f 316/178/178 431/195/195 334/177/177
f 430/198/198 431/199/199 498/197/197
f 498/197/197 431/199/199 499/200/200
f 981/202/202 979/236/236 994/201/201
f 994/201/201 979/236/236 982/240/240
f 994/201/201 982/240/240 1022/223/223
f 1022/223/223 982/240/240 988/253/253
f 1022/223/223 988/253/253 991/237/237
f 991/237/237 988/253/253 982/240/240
f 991/237/237 982/240/240 979/236/236
f 979/236/236 981/202/202 964/254/254
f 964/254/254 981/202/202 963/203/203
f 964/254/254 963/203/203 960/235/235
f 960/235/235 963/203/203 952/204/204
f 960/235/235 952/204/204 954/244/244
f 954/244/244 952/204/204 946/205/205
f 954/244/244 946/205/205 948/243/243
f 948/243/243 946/205/205 928/206/206
f 948/243/243 928/206/206 943/245/245
f 943/245/245 928/206/206 914/207/207
f 943/245/245 914/207/207 941/233/233
f 941/233/233 914/207/207 938/255/255
f 941/233/233 938/255/255 936/232/232
f 936/232/232 938/255/255 906/208/208
f 936/232/232 906/208/208 934/246/246
f 934/246/246 906/208/208 901/209/209
f 934/246/246 901/209/209 935/241/241
f 935/241/241 901/209/209 903/210/210
f 935/241/241 903/210/210 937/231/231
f 937/231/231 903/210/210 939/256/256
f 937/231/231 939/256/256 942/230/230
f 942/230/230 939/256/256 912/211/211
f 942/230/230 912/211/211 944/248/248
f 944/248/248 912/211/211 926/212/212
f 944/248/248 926/212/212 949/247/247
f 949/247/247 926/212/212 940/213/213
f 949/247/247 940/213/213 955/249/249
f 955/249/249 940/213/213 953/214/214
f 955/249/249 953/214/214 961/228/228
f 961/228/228 953/214/214 965/257/257
f 961/228/228 965/257/257 980/227/227
f 980/227/227 965/257/257 976/215/215
f 980/227/227 976/215/215 997/216/216
f 914/207/207 906/208/208 938/255/255
f 903/210/210 912/211/211 939/256/256
f 953/214/214 976/215/215 965/257/257
f 1023/217/217 989/242/242 997/216/216
f 997/216/216 989/242/242 983/250/250
f 997/216/216 983/250/250 980/227/227
f 980/227/227 983/250/250 989/242/242
f 980/227/227 989/242/242 992/226/226
f 992/226/226 989/242/242 1023/217/217
f 992/226/226 1023/217/217 996/258/258
f 996/258/258 1023/217/217 1045/218/218
f 996/258/258 1045/218/218 1005/225/225
f 1005/225/225 1045/218/218 1053/260/260
f 1005/225/225 1053/261/261 1013/251/251
f 1013/251/251 1053/262/262 1015/239/239
f 1013/251/251 1015/239/239 1014/224/224
f 1014/224/224 1015/239/239 1012/263/263
f 1014/264/264 1012/252/252 1004/238/238
f 1004/238/238 1012/252/252 1048/221/221
f 1004/238/238 1048/221/221 1028/222/222
f 1053/219/219 1056/220/220 1015/265/265
f 1015/266/266 1056/220/220 1012/252/252
f 1056/220/220 1048/221/221 1012/252/252
f 1022/223/223 991/237/237 1028/222/222
f 1028/222/222 991/237/237 995/259/259
f 1028/222/222 995/259/259 1004/238/238
f 1004/238/238 995/259/259 991/237/237
f 1014/224/224 1005/225/225 1013/251/251
f 1005/225/225 992/226/226 996/258/258
f 961/228/228 951/229/229 955/249/249
f 955/249/249 951/229/229 949/247/247
f 949/247/247 951/229/229 944/248/248
f 944/248/248 951/229/229 942/230/230
f 937/231/231 936/232/232 935/241/241
f 935/241/241 936/232/232 934/246/246
f 941/233/233 950/234/234 943/245/245
f 943/245/245 950/234/234 948/243/243
f 948/243/243 950/234/234 954/244/244
f 954/244/244 950/234/234 960/235/235
f 960/235/235 979/236/236 964/254/254
f 1014/267/267 1004/268/268 1005/281/281
f 1005/281/281 1004/268/268 992/280/280
f 992/280/280 1004/268/268 991/269/269
f 992/280/280 991/269/269 980/279/279
f 980/279/279 991/269/269 979/270/270
f 980/279/279 979/270/270 961/278/278
f 961/278/278 979/270/270 960/271/271
f 961/278/278 960/271/271 951/277/277
f 951/277/277 960/271/271 950/272/272
f 951/277/277 950/272/272 942/276/276
f 942/276/276 950/272/272 941/273/273
f 942/276/276 941/273/273 937/275/275
f 937/275/275 941/273/273 936/274/274
f 887/282/282 886/283/283 832/285/285
f 832/285/285 886/283/283 831/284/284
f 708/287/287 706/288/288 832/286/286
f 832/286/286 706/288/288 887/289/289
f 886/290/290 887/291/291 883/293/293
f 883/293/293 887/291/291 884/292/292
f 887/294/294 706/295/295 884/298/298
f 884/298/298 706/295/295 704/296/296
f 884/298/298 704/296/296 881/297/297
f 893/299/299 709/300/300 841/303/303
f 841/303/303 709/300/300 711/301/301
f 841/303/303 711/301/301 712/302/302
f 841/304/304 842/305/305 893/307/307
f 893/307/307 842/305/305 894/306/306
f 713/309/309 710/310/310 842/308/308
f 842/308/308 710/310/310 894/311/311
f 711/312/312 709/313/313 703/315/315
f 703/315/315 709/313/313 702/314/314
f 709/316/316 893/317/317 702/319/319
f 702/319/319 893/317/317 890/318/318
f 894/321/321 892/322/322 893/320/320
f 893/320/320 892/322/322 890/324/324
f 890/324/324 892/322/322 891/323/323
f 710/326/326 831/328/328 894/325/325
f 894/325/325 831/328/328 886/329/329
f 894/325/325 886/329/329 892/331/331
f 892/331/331 886/329/329 883/330/330
f 710/326/326 707/327/327 831/328/328
f 40/333/333 39/334/334 22/332/332
f 22/332/332 39/334/334 21/335/335
f 40/337/337 52/338/338 39/336/336
f 39/336/336 52/338/338 60/339/339
f 39/336/336 60/339/339 73/343/343
f 73/343/343 60/339/339 63/340/340
f 73/343/343 63/340/340 66/341/341
f 66/341/341 74/342/342 73/343/343
f 40/344/344 22/345/345 52/348/348
f 52/348/348 22/345/345 51/347/347
f 51/347/347 22/345/345 19/346/346
f 130/350/350 240/351/351 129/349/349
f 129/349/349 240/351/351 239/352/352
f 129/353/353 239/354/354 127/356/356
f 127/356/356 239/354/354 237/355/355
f 240/358/358 241/359/359 239/357/357
f 239/357/357 241/359/359 238/360/360
f 239/357/357 238/360/360 237/361/361
f 438/363/363 553/364/364 437/362/362
f 437/362/362 553/364/364 552/365/365
f 438/367/367 439/368/368 553/366/366
f 553/366/366 439/368/368 554/369/369
f 439/374/374 438/370/370 436/373/373
f 436/373/373 438/370/370 437/371/371
f 436/373/373 437/371/371 435/372/372
f 1067/376/376 1068/377/377 1091/375/375
f 1091/375/375 1068/377/377 1092/378/378
f 1068/379/379 1067/380/380 1040/382/382
f 1040/382/382 1067/380/380 1039/381/381
f 1039/387/387 1067/383/383 1034/386/386
f 1034/386/386 1067/383/383 1091/384/384
f 1034/386/386 1091/384/384 1089/385/385
f 1101/389/389 1102/390/390 1109/388/388
f 1109/388/388 1102/390/390 1110/391/391
f 1101/392/392 1109/393/393 1099/396/396
f 1099/396/396 1109/393/393 1097/395/395
f 1097/395/395 1109/393/393 1107/394/394
f 1109/397/397 1110/398/398 1107/400/400
f 1107/400/400 1110/398/398 1108/399/399
f 1051/401/401 1069/402/402 1008/404/404
f 1008/404/404 1069/402/402 1095/403/403
f 1069/405/405 1070/406/406 1095/408/408
f 1095/408/408 1070/406/406 1096/407/407
f 1070/409/409 1052/410/410 1096/412/412
f 1096/412/412 1052/410/410 1009/411/411
f 1008/413/413 1009/414/414 1051/416/416
f 1051/416/416 1009/414/414 1052/415/415
f 1009/417/417 1008/418/418 1007/420/420
f 1007/420/420 1008/418/418 1006/419/419
f 1008/421/421 1095/422/422 1006/424/424
f 1006/424/424 1095/422/422 1093/423/423
f 1051/426/426 1052/427/427 1069/425/425
f 1069/425/425 1052/427/427 1070/428/428
f 1003/430/430 925/431/431 1001/429/429
f 1001/429/429 925/431/431 923/432/432
f 923/433/433 925/434/434 921/438/438
f 921/438/438 925/434/434 924/435/435
f 921/438/438 924/435/435 920/437/437
f 920/437/437 924/435/435 922/436/436
f 1003/440/440 1002/441/441 925/439/439
f 925/439/439 1002/441/441 924/442/442
f 924/444/444 1002/445/445 922/443/443
f 922/443/443 1002/445/445 1000/446/446
f 768/448/448 766/449/449 768/447/447
f 768/447/447 766/449/449 764/450/450
f 768/447/447 764/450/450 762/451/451
f 762/451/451 760/452/452 768/447/447
f 768/447/447 760/452/452 754/453/453
f 768/447/447 754/453/453 736/454/454
f 768/447/447 736/454/454 691/491/491
f 691/491/491 736/454/454 687/455/455
f 691/491/491 687/455/455 660/500/500
f 660/500/500 687/455/455 667/456/456
f 660/500/500 667/456/456 651/457/457
f 660/500/500 651/457/457 635/505/505
f 635/505/505 651/457/457 627/458/458
f 635/505/505 627/458/458 613/459/459
f 635/505/505 613/459/459 609/510/510
f 609/510/510 613/459/459 602/460/460
f 609/510/510 602/460/460 596/515/515
f 596/515/515 602/460/460 595/461/461
f 596/515/515 595/461/461 603/462/462
f 596/515/515 603/462/462 610/520/520
f 610/520/520 603/462/462 614/463/463
f 610/520/520 614/463/463 636/525/525
f 636/525/525 614/463/463 630/464/464
f 636/525/525 630/464/464 652/465/465
f 636/525/525 652/465/465 661/530/530
f 661/530/530 652/465/465 668/466/466
f 661/530/530 668/466/466 688/467/467
f 661/530/530 688/467/467 692/575/575
f 692/576/576 688/467/467 737/468/468
f 692/577/577 737/468/468 755/469/469
f 692/486/486 755/578/578 767/473/473
f 767/579/579 755/469/469 761/470/470
f 767/580/580 761/470/470 763/471/471
f 763/471/471 765/472/472 767/581/581
f 771/475/475 772/582/582 771/474/474
f 771/474/474 772/583/583 692/486/486
f 771/474/474 692/486/486 767/473/473
f 772/584/584 771/475/475 807/539/539
f 807/539/539 771/475/475 811/476/476
f 807/539/539 811/476/476 844/543/543
f 844/543/543 811/476/476 848/477/477
f 844/543/543 848/477/477 855/547/547
f 855/547/547 848/477/477 863/478/478
f 855/547/547 863/478/478 872/551/551
f 872/551/551 863/478/478 876/479/479
f 872/551/551 876/479/479 877/555/555
f 877/555/555 876/479/479 889/480/480
f 877/555/555 889/480/480 871/559/559
f 871/559/559 889/480/480 875/481/481
f 871/559/559 875/481/481 854/563/563
f 854/563/563 875/481/481 862/482/482
f 854/563/563 862/482/482 843/567/567
f 843/567/567 862/482/482 847/483/483
f 843/567/567 847/483/483 806/571/571
f 806/571/571 847/483/483 810/484/484
f 806/571/571 810/484/484 769/499/499
f 769/499/499 810/484/484 768/447/447
f 769/499/499 768/447/447 698/492/492
f 698/492/492 768/447/447 691/491/491
f 698/492/492 691/491/491 669/501/501
f 669/501/501 691/491/491 660/500/500
f 669/501/501 660/500/500 639/506/506
f 639/506/506 660/500/500 635/505/505
f 639/506/506 635/505/505 615/511/511
f 615/511/511 635/505/505 609/510/510
f 615/511/511 609/510/510 611/516/516
f 611/516/516 609/510/510 596/515/515
f 611/516/516 596/515/515 616/521/521
f 616/521/521 596/515/515 610/520/520
f 616/521/521 610/520/520 640/526/526
f 640/526/526 610/520/520 636/525/525
f 640/526/526 636/525/525 670/531/531
f 670/531/531 636/525/525 661/530/530
f 670/531/531 661/530/530 699/535/535
f 699/535/535 661/530/530 692/585/585
f 699/535/535 692/586/586 772/487/487
f 777/490/490 778/485/485 749/538/538
f 749/538/538 778/485/485 741/534/534
f 741/534/534 778/485/485 724/529/529
f 724/529/529 778/485/485 701/524/524
f 701/524/524 778/485/485 693/519/519
f 693/519/519 778/485/485 700/514/514
f 700/514/514 778/485/485 723/509/509
f 740/504/504 778/485/485 748/495/495
f 748/495/495 778/485/485 776/496/496
f 776/496/496 778/485/485 793/574/574
f 793/574/574 778/587/587 798/570/570
f 798/570/570 778/588/588 803/566/566
f 803/566/566 778/589/589 808/562/562
f 812/558/558 778/590/590 809/554/554
f 809/554/554 778/591/591 804/550/550
f 804/550/550 778/592/592 799/546/546
f 799/546/546 778/593/593 794/542/542
f 794/594/594 778/485/485 777/490/490
f 772/487/487 773/488/488 699/535/535
f 699/535/535 773/488/488 722/536/536
f 699/535/535 722/536/536 670/531/531
f 670/531/531 722/536/536 680/532/532
f 670/531/531 680/532/532 640/526/526
f 640/526/526 680/532/532 655/527/527
f 640/526/526 655/527/527 616/521/521
f 616/521/521 655/527/527 642/522/522
f 616/521/521 642/522/522 611/516/516
f 611/516/516 642/522/522 637/517/517
f 611/516/516 637/517/517 615/511/511
f 615/511/511 637/517/517 641/512/512
f 615/511/511 641/512/512 639/506/506
f 639/506/506 641/512/512 654/507/507
f 639/506/506 654/507/507 669/501/501
f 669/501/501 654/507/507 679/502/502
f 669/501/501 679/502/502 698/492/492
f 698/492/492 679/502/502 721/493/493
f 698/492/492 721/493/493 769/499/499
f 769/499/499 721/493/493 770/498/498
f 769/499/499 770/498/498 806/571/571
f 806/571/571 770/498/498 801/572/572
f 806/571/571 801/572/572 843/567/567
f 843/567/567 801/572/572 833/568/568
f 843/567/567 833/568/568 854/563/563
f 854/563/563 833/568/568 851/564/564
f 854/563/563 851/564/564 871/559/559
f 871/559/559 851/564/564 856/560/560
f 871/559/559 856/560/560 877/555/555
f 877/555/555 856/560/560 864/556/556
f 877/555/555 864/556/556 872/551/551
f 872/551/551 864/556/556 857/552/552
f 872/551/551 857/552/552 855/547/547
f 855/547/547 857/552/552 852/548/548
f 855/547/547 852/548/548 844/543/543
f 844/543/543 852/548/548 834/544/544
f 844/543/543 834/544/544 807/539/539
f 807/539/539 834/544/544 802/540/540
f 807/539/539 802/540/540 772/595/595
f 772/487/487 802/596/596 773/488/488
f 773/488/488 775/489/489 722/536/536
f 722/536/536 775/489/489 739/537/537
f 722/536/536 739/537/537 680/532/532
f 680/532/532 739/537/537 690/533/533
f 680/532/532 690/533/533 655/527/527
f 655/527/527 690/533/533 682/528/528
f 655/527/527 682/528/528 642/522/522
f 642/522/522 682/528/528 672/523/523
f 642/522/522 672/523/523 637/517/517
f 637/517/517 672/523/523 662/518/518
f 637/517/517 662/518/518 641/512/512
f 641/512/512 662/518/518 671/513/513
f 641/512/512 671/513/513 654/507/507
f 654/507/507 671/513/513 681/508/508
f 654/507/507 681/508/508 679/502/502
f 679/502/502 681/508/508 689/503/503
f 679/502/502 689/503/503 721/493/493
f 721/493/493 689/503/503 738/494/494
f 721/493/493 738/494/494 770/498/498
f 770/498/498 738/494/494 774/497/497
f 770/498/498 774/497/497 801/572/572
f 801/572/572 774/497/497 796/573/573
f 801/572/572 796/573/573 833/568/568
f 833/568/568 796/573/573 826/569/569
f 833/568/568 826/569/569 851/564/564
f 851/564/564 826/569/569 835/565/565
f 851/564/564 835/565/565 856/560/560
f 856/560/560 835/565/565 845/561/561
f 856/560/560 845/561/561 864/556/556
f 864/556/556 845/561/561 849/557/557
f 864/556/556 849/557/557 857/552/552
f 857/552/552 849/557/557 846/553/553
f 857/552/552 846/553/553 852/548/548
f 852/548/548 846/553/553 836/549/549
f 852/548/548 836/549/549 834/544/544
f 834/544/544 836/549/549 827/545/545
f 834/544/544 827/545/545 802/540/540
f 802/540/540 827/545/545 797/541/541
f 802/540/540 797/541/541 773/597/597
f 773/488/488 797/598/598 775/489/489
f 775/489/489 777/490/490 739/537/537
f 739/537/537 777/490/490 749/538/538
f 739/537/537 749/538/538 690/533/533
f 690/533/533 749/538/538 741/534/534
f 690/533/533 741/534/534 682/528/528
f 682/528/528 741/534/534 724/529/529
f 682/528/528 724/529/529 672/523/523
f 672/523/523 724/529/529 701/524/524
f 672/523/523 701/524/524 662/518/518
f 662/518/518 701/524/524 693/519/519
f 662/518/518 693/519/519 671/513/513
f 671/513/513 693/519/519 700/514/514
f 671/513/513 700/514/514 681/508/508
f 681/508/508 700/514/514 723/509/509
f 681/508/508 723/509/509 689/503/503
f 689/503/503 723/509/509 740/504/504
f 689/503/503 740/504/504 738/494/494
f 738/494/494 740/504/504 748/495/495
f 738/494/494 748/495/495 774/497/497
f 774/497/497 748/495/495 776/496/496
f 774/497/497 776/496/496 796/573/573
f 796/573/573 776/496/496 793/574/574
f 796/573/573 793/574/574 826/569/569
f 826/569/569 793/574/574 798/570/570
f 826/569/569 798/570/570 835/565/565
f 835/565/565 798/570/570 803/566/566
f 835/565/565 803/566/566 845/561/561
f 845/561/561 803/566/566 808/562/562
f 845/561/561 808/562/562 849/557/557
f 849/557/557 808/562/562 812/558/558
f 849/557/557 812/558/558 846/553/553
f 846/553/553 812/558/558 809/554/554
f 846/553/553 809/554/554 836/549/549
f 836/549/549 809/554/554 804/550/550
f 836/549/549 804/550/550 827/545/545
f 827/545/545 804/550/550 799/546/546
f 827/545/545 799/546/546 797/541/541
f 797/541/541 799/546/546 794/542/542
f 797/541/541 794/542/542 775/599/599
f 775/489/489 794/600/600 777/490/490
f 778/485/485 740/504/504 723/509/509
f 778/601/601 812/558/558 808/562/562
f 768/602/602 810/603/603 810/621/621
f 810/621/621 810/603/603 847/604/604
f 810/621/621 847/604/604 847/620/620
f 847/620/620 847/604/604 862/605/605
f 847/620/620 862/605/605 862/619/619
f 862/619/619 862/605/605 875/606/606
f 862/619/619 875/606/606 875/618/618
f 875/618/618 875/606/606 889/607/607
f 875/618/618 889/607/607 889/617/617
f 889/617/617 889/607/607 876/616/616
f 876/616/616 889/607/607 876/608/608
f 876/616/616 876/608/608 863/615/615
f 863/615/615 876/608/608 863/609/609
f 863/615/615 863/609/609 848/614/614
f 848/614/614 863/609/609 848/610/610
f 848/614/614 848/610/610 811/613/613
f 811/613/613 848/610/610 811/611/611
f 811/613/613 811/611/611 771/612/612
f 771/623/623 785/661/661 771/622/622
f 771/622/622 785/661/661 795/662/662
f 771/622/622 795/662/662 811/659/659
f 811/659/659 795/662/662 805/663/663
f 811/659/659 805/663/663 830/664/664
f 785/661/661 771/623/623 781/660/660
f 781/660/660 771/623/623 767/624/624
f 781/660/660 767/624/624 765/625/625
f 765/625/625 763/626/626 781/660/660
f 781/660/660 763/626/626 761/627/627
f 781/660/660 761/627/627 755/628/628
f 781/660/660 755/628/628 716/690/690
f 716/690/690 755/628/628 737/629/629
f 716/690/690 737/629/629 688/630/630
f 716/690/690 688/630/630 673/689/689
f 673/689/689 688/630/630 668/631/631
f 673/689/689 668/631/631 652/632/632
f 673/689/689 652/632/632 638/688/688
f 638/688/688 652/632/632 630/633/633
f 638/688/688 630/633/633 612/687/687
f 612/687/687 630/633/633 614/634/634
f 612/687/687 614/634/634 603/635/635
f 612/687/687 603/635/635 597/686/686
f 597/686/686 603/635/635 595/636/636
f 597/686/686 595/636/636 607/685/685
f 607/685/685 595/636/636 602/637/637
f 607/685/685 602/637/637 613/638/638
f 627/639/639 626/683/683 613/638/638
f 613/638/638 626/683/683 625/684/684
f 613/638/638 625/684/684 607/685/685
f 626/683/683 627/639/639 653/682/682
f 653/682/682 627/639/639 651/640/640
f 653/682/682 651/640/640 667/641/641
f 653/682/682 667/641/641 678/681/681
f 678/681/681 667/641/641 687/642/642
f 678/681/681 687/642/642 725/680/680
f 725/680/680 687/642/642 736/643/643
f 725/680/680 736/643/643 754/644/644
f 725/680/680 754/644/644 784/679/679
f 784/679/679 754/644/644 760/645/645
f 784/679/679 760/645/645 762/646/646
f 762/646/646 764/647/647 784/679/679
f 784/679/679 764/647/647 766/648/648
f 784/679/679 766/648/648 768/649/649
f 768/649/649 768/650/650 784/679/679
f 784/679/679 768/650/650 810/651/651
f 784/679/679 810/651/651 800/677/677
f 800/677/677 810/651/651 828/676/676
f 828/676/676 810/651/651 847/652/652
f 828/676/676 847/652/652 840/674/674
f 840/674/674 847/652/652 853/673/673
f 853/673/673 847/652/652 862/653/653
f 853/673/673 862/653/653 870/672/672
f 870/672/672 862/653/653 875/654/654
f 870/672/672 875/654/654 878/671/671
f 878/671/671 875/654/654 889/655/655
f 878/671/671 889/655/655 876/691/691
f 878/671/671 876/692/692 888/670/670
f 888/693/693 876/656/656 863/657/657
f 888/694/694 863/657/657 874/669/669
f 874/669/669 863/657/657 865/667/667
f 874/669/669 865/667/667 873/668/668
f 865/667/667 863/657/657 850/666/666
f 850/666/666 863/657/657 848/658/658
f 850/666/666 848/658/658 830/664/664
f 830/664/664 848/658/658 811/659/659
f 830/664/664 829/665/665 850/666/666
f 840/674/674 838/675/675 828/676/676
f 800/677/677 780/678/678 784/679/679
f 1033/696/696 1057/697/697 1042/695/695
f 1042/695/695 1057/697/697 1058/730/730
f 1058/730/730 1057/697/697 1065/698/698
f 1058/730/730 1065/698/698 1066/729/729
f 1066/729/729 1065/698/698 1073/699/699
f 1066/729/729 1073/699/699 1074/728/728
f 1074/728/728 1073/699/699 1081/700/700
f 1074/728/728 1081/700/700 1082/727/727
f 1082/727/727 1081/700/700 1083/731/731
f 1082/727/727 1083/732/732 1084/726/726
f 1084/733/733 1083/701/701 1075/702/702
f 1084/734/734 1075/702/702 1076/725/725
f 1076/725/725 1075/702/702 1071/703/703
f 1076/725/725 1071/703/703 1072/724/724
f 1072/724/724 1071/703/703 1063/704/704
f 1072/724/724 1063/704/704 1064/723/723
f 1064/723/723 1063/704/704 1049/705/705
f 1064/723/723 1049/705/705 1050/722/722
f 1050/722/722 1049/705/705 1024/706/706
f 1050/722/722 1024/706/706 1025/721/721
f 1025/721/721 1024/706/706 1010/707/707
f 1025/721/721 1010/707/707 1011/720/720
f 1011/720/720 1010/707/707 985/708/708
f 1011/720/720 985/708/708 986/719/719
f 986/719/719 985/708/708 974/709/709
f 986/719/719 974/709/709 975/718/718
f 975/718/718 974/709/709 970/710/710
f 975/718/718 970/710/710 971/717/717
f 971/717/717 970/710/710 972/711/711
f 971/717/717 972/711/711 973/716/716
f 973/716/716 972/711/711 977/712/712
f 973/716/716 977/712/712 978/715/715
f 978/715/715 977/712/712 987/713/713
f 978/715/715 987/713/713 990/714/714
f 1042/736/736 1058/737/737 1041/735/735
f 1041/735/735 1058/737/737 1066/738/738
f 1041/735/735 1066/738/738 1074/739/739
f 1074/739/739 1082/740/740 1041/735/735
f 1041/735/735 1082/740/740 1084/741/741
f 1041/735/735 1084/741/741 1076/742/742
f 1076/742/742 1072/743/743 1041/735/735
f 1041/735/735 1072/743/743 1064/744/744
f 1041/735/735 1064/744/744 1050/745/745
f 1050/745/745 1025/746/746 1041/735/735
f 1041/735/735 1025/746/746 1011/747/747
f 1041/735/735 1011/747/747 986/748/748
f 986/748/748 975/749/749 1041/735/735
f 1041/735/735 975/749/749 971/750/750
f 1041/735/735 971/750/750 973/751/751
f 973/751/751 978/752/752 1041/735/735
f 1041/735/735 978/752/752 990/753/753
f 90/755/755 92/795/795 93/754/754
f 93/796/796 92/791/791 91/792/792
f 93/797/797 91/792/792 89/770/770
f 89/770/770 91/792/792 83/793/793
f 89/770/770 83/793/793 81/769/769
f 81/769/769 83/793/793 75/794/794
f 81/769/769 75/794/794 69/768/768
f 69/768/768 75/794/794 65/771/771
f 69/768/768 65/771/771 66/772/772
f 92/798/798 90/755/755 88/790/790
f 88/790/790 90/755/755 82/756/756
f 88/790/790 82/756/756 80/789/789
f 80/789/789 82/756/756 70/757/757
f 80/789/789 70/757/757 67/788/788
f 67/788/788 70/757/757 68/787/787
f 68/787/787 70/757/757 62/758/758
f 68/787/787 62/758/758 64/786/786
f 64/786/786 62/758/758 59/785/785
f 59/785/785 62/758/758 54/759/759
f 59/785/785 54/759/759 50/784/784
f 50/784/784 54/759/759 43/760/760
f 50/784/784 43/760/760 49/783/783
f 49/783/783 43/760/760 41/782/782
f 41/782/782 43/760/760 37/761/761
f 41/782/782 37/761/761 35/781/781
f 35/781/781 37/761/761 33/762/762
f 35/781/781 33/762/762 27/780/780
f 27/780/780 33/762/762 32/763/763
f 27/780/780 32/763/763 34/779/779
f 34/779/779 32/763/763 36/764/764
f 34/779/779 36/764/764 38/778/778
f 38/778/778 36/764/764 42/765/765
f 38/778/778 42/765/765 44/777/777
f 44/777/777 42/765/765 52/775/775
f 44/777/777 52/775/775 51/776/776
f 42/765/765 53/766/766 52/775/775
f 52/775/775 53/766/766 60/774/774
f 60/774/774 53/766/766 61/767/767
f 60/774/774 61/767/767 63/773/773
f 63/773/773 61/767/767 66/772/772
f 66/772/772 61/767/767 69/768/768
f 93/799/799 89/800/800 90/815/815
f 90/815/815 89/800/800 82/814/814
f 82/814/814 89/800/800 81/801/801
f 82/814/814 81/801/801 70/813/813
f 70/813/813 81/801/801 69/802/802
f 70/813/813 69/802/802 62/812/812
f 62/812/812 69/802/802 61/803/803
f 62/812/812 61/803/803 54/811/811
f 54/811/811 61/803/803 53/804/804
f 54/811/811 53/804/804 43/810/810
f 43/810/810 53/804/804 42/805/805
f 43/810/810 42/805/805 37/809/809
f 37/809/809 42/805/805 36/806/806
f 37/809/809 36/806/806 33/808/808
f 33/808/808 36/806/806 32/807/807
f 527/817/817 525/851/851 531/816/816
f 531/816/816 525/851/851 530/852/852
f 531/853/853 530/834/834 526/833/833
f 526/833/833 530/834/834 524/835/835
f 526/833/833 524/835/835 504/836/836
f 527/817/817 507/818/818 525/851/851
f 525/851/851 507/818/818 505/850/850
f 505/850/850 507/818/818 479/819/819
f 505/850/850 479/819/819 477/849/849
f 477/849/849 479/819/819 459/820/820
f 477/849/849 459/820/820 457/848/848
f 457/848/848 459/820/820 428/821/821
f 457/848/848 428/821/821 426/847/847
f 426/847/847 428/821/821 404/822/822
f 426/847/847 404/822/822 402/846/846
f 402/846/846 404/822/822 391/823/823
f 402/846/846 391/823/823 389/845/845
f 389/845/845 391/823/823 373/824/824
f 389/845/845 373/824/824 371/844/844
f 371/844/844 373/824/824 367/825/825
f 371/844/844 367/825/825 366/843/843
f 366/843/843 367/825/825 372/826/826
f 366/843/843 372/826/826 370/842/842
f 370/842/842 372/826/826 390/827/827
f 370/842/842 390/827/827 388/841/841
f 388/841/841 390/827/827 403/828/828
f 388/841/841 403/828/828 401/840/840
f 401/840/840 403/828/828 427/829/829
f 401/840/840 427/829/829 425/839/839
f 425/839/839 427/829/829 458/830/830
f 425/839/839 458/830/830 456/838/838
f 456/838/838 458/830/830 478/831/831
f 456/838/838 478/831/831 476/837/837
f 476/837/837 478/831/831 506/832/832
f 476/837/837 506/832/832 504/836/836
f 504/836/836 506/832/832 526/833/833
f 526/855/855 367/863/863 531/854/854
f 531/854/854 367/863/863 373/864/864
f 531/854/854 373/864/864 527/871/871
f 527/871/871 373/864/864 391/865/865
f 527/871/871 391/865/865 507/870/870
f 507/870/870 391/865/865 404/866/866
f 507/870/870 404/866/866 479/869/869
f 479/869/869 404/866/866 428/867/867
f 479/869/869 428/867/867 459/868/868
f 367/863/863 526/855/855 372/862/862
f 372/862/862 526/855/855 506/856/856
f 372/862/862 506/856/856 390/861/861
f 390/861/861 506/856/856 478/857/857
f 390/861/861 478/857/857 458/858/858
f 458/858/858 427/859/859 390/861/861
f 390/861/861 427/859/859 403/860/860
f 309/873/873 277/874/874 310/872/872
f 310/872/872 277/874/874 276/908/908
f 276/908/908 277/874/874 248/875/875
f 276/908/908 248/875/875 247/907/907
f 247/907/907 248/875/875 229/876/876
f 247/907/907 229/876/876 228/906/906
f 228/906/906 229/876/876 236/877/877
f 228/906/906 236/877/877 242/905/905
f 242/905/905 236/877/877 262/878/878
f 242/905/905 262/878/878 267/904/904
f 267/904/904 262/878/878 282/879/879
f 267/904/904 282/879/879 300/903/903
f 300/903/903 282/879/879 328/880/880
f 300/903/903 328/880/880 347/902/902
f 347/902/902 328/880/880 352/881/881
f 347/902/902 352/881/881 359/901/901
f 359/901/901 352/881/881 378/882/882
f 359/901/901 378/882/882 380/883/883
f 359/901/901 380/883/883 398/900/900
f 398/900/900 380/883/883 405/884/884
f 398/900/900 405/884/884 422/899/899
f 422/899/899 405/884/884 429/885/885
f 422/899/899 429/885/885 434/898/898
f 434/898/898 429/885/885 451/886/886
f 434/898/898 451/886/886 460/897/897
f 460/897/897 451/886/886 461/888/888
f 460/897/897 461/888/888 462/909/909
f 451/886/886 450/887/887 461/888/888
f 460/897/897 462/910/910 463/896/896
f 463/911/911 462/889/889 454/890/890
f 463/912/912 454/890/890 455/895/895
f 455/895/895 454/890/890 433/894/894
f 433/894/894 454/890/890 432/891/891
f 433/894/894 432/891/891 421/893/893
f 421/893/893 432/891/891 420/892/892
f 433/929/929 421/913/913 398/923/923
f 398/923/923 421/913/913 310/914/914
f 398/923/923 310/914/914 276/915/915
f 276/915/915 247/916/916 398/923/923
f 398/923/923 247/916/916 228/917/917
f 398/923/923 228/917/917 242/918/918
f 242/918/918 267/919/919 398/923/923
f 398/923/923 267/919/919 300/920/920
f 398/923/923 300/920/920 347/921/921
f 347/921/921 359/922/922 398/923/923
f 422/924/924 434/925/925 398/923/923
f 398/923/923 434/925/925 460/926/926
f 398/923/923 460/926/926 463/927/927
f 463/927/927 455/928/928 398/923/923
f 398/923/923 455/928/928 433/929/929
f 993/973/973 994/930/930 1021/972/972
f 1021/972/972 994/930/930 1022/931/931
f 1021/972/972 1022/931/931 1027/971/971
f 1027/971/971 1022/931/931 1028/932/932
f 1027/971/971 1028/932/932 1047/970/970
f 1047/970/970 1028/932/932 1048/933/933
f 1047/970/970 1048/933/933 1055/969/969
f 1055/969/969 1048/933/933 1056/934/934
f 1055/969/969 1056/934/934 1053/974/974
f 1055/969/969 1053/975/975 1054/968/968
f 1054/976/976 1053/935/935 1045/936/936
f 1054/977/977 1045/936/936 1046/967/967
f 1046/967/967 1045/936/936 1026/966/966
f 1026/966/966 1045/936/936 1023/937/937
f 1026/966/966 1023/937/937 1016/965/965
f 1016/965/965 1023/937/937 997/938/938
f 1016/965/965 997/938/938 984/964/964
f 984/964/964 997/938/938 976/939/939
f 984/964/964 976/939/939 962/963/963
f 962/963/963 976/939/939 953/940/940
f 962/963/963 953/940/940 947/962/962
f 947/962/962 953/940/940 940/941/941
f 947/962/962 940/941/941 933/961/961
f 933/961/961 940/941/941 926/942/942
f 933/961/961 926/942/942 915/960/960
f 915/960/960 926/942/942 912/943/943
f 915/960/960 912/943/943 910/958/958
f 910/958/958 912/943/943 903/944/944
f 910/958/958 903/944/944 904/957/957
f 904/957/957 903/944/944 902/956/956
f 902/956/956 903/944/944 901/945/945
f 902/956/956 901/945/945 900/955/955
f 900/955/955 901/945/945 899/954/954
f 899/954/954 901/945/945 905/953/953
f 905/953/953 901/945/945 906/946/946
f 905/953/953 906/946/946 913/952/952
f 913/952/952 906/946/946 914/947/947
f 913/952/952 914/947/947 927/951/951
f 927/951/951 914/947/947 928/948/948
f 927/951/951 928/948/948 945/950/950
f 945/950/950 928/948/948 946/949/949
f 910/958/958 907/959/959 915/960/960
f 781/979/979 782/980/980 785/978/978
f 785/978/978 782/980/980 786/981/981
f 626/982/982 653/983/983 586/989/989
f 586/989/989 653/983/983 585/988/988
f 585/988/988 653/983/983 678/984/984
f 585/988/988 678/984/984 725/985/985
f 784/986/986 783/987/987 725/985/985
f 725/985/985 783/987/987 585/988/988
f 780/991/991 779/992/992 784/990/990
f 784/990/990 779/992/992 783/993/993
f 1034/1005/1005 1033/994/994 1039/1004/1004
f 1039/1004/1004 1033/994/994 1042/995/995
f 1039/1004/1004 1042/995/995 1043/997/997
f 1043/997/997 1042/995/995 1041/996/996
f 1039/1004/1004 1043/997/997 1040/1003/1003
f 1040/1003/1003 1043/997/997 1044/998/998
f 1040/1003/1003 1044/998/998 1037/1000/1000
f 1037/1000/1000 1044/998/998 1038/999/999
f 1036/1001/1001 1035/1002/1002 1037/1000/1000
f 1037/1000/1000 1035/1002/1002 1040/1003/1003
f 1041/1006/1006 990/1007/1007 1043/1011/1011
f 1043/1011/1011 990/1007/1007 892/1010/1010
f 892/1010/1010 990/1007/1007 891/1009/1009
f 891/1009/1009 990/1007/1007 987/1008/1008
f 65/1013/1013 72/1014/1014 66/1012/1012
f 66/1012/1012 72/1014/1014 74/1015/1015
f 96/1023/1023 68/1016/1016 97/1022/1022
f 97/1022/1022 68/1016/1016 64/1017/1017
f 97/1022/1022 64/1017/1017 31/1021/1021
f 31/1021/1021 64/1017/1017 59/1018/1018
f 31/1021/1021 59/1018/1018 50/1019/1019
f 50/1019/1019 30/1020/1020 31/1021/1021
f 49/1025/1025 28/1026/1026 50/1024/1024
f 50/1024/1024 28/1026/1026 30/1027/1027
f 68/1029/1029 96/1030/1030 67/1028/1028
f 67/1028/1028 96/1030/1030 94/1031/1031
f 87/1033/1033 119/1036/1036 103/1032/1032
f 103/1032/1032 119/1036/1036 205/1037/1037
f 103/1032/1032 205/1037/1037 310/1040/1040
f 310/1040/1040 205/1037/1037 309/1039/1039
f 309/1039/1039 205/1037/1037 202/1038/1038
f 87/1033/1033 85/1034/1034 119/1036/1036
f 119/1036/1036 85/1034/1034 114/1035/1035
f 103/1032/1032 310/1040/1040 431/1047/1047
f 431/1047/1047 310/1040/1040 421/1041/1041
f 431/1047/1047 421/1041/1041 499/1046/1046
f 499/1046/1046 421/1041/1041 482/1044/1044
f 499/1046/1046 482/1044/1044 497/1045/1045
f 421/1041/1041 420/1042/1042 482/1044/1044
f 482/1044/1044 420/1042/1042 480/1043/1043
f 899/1049/1049 821/1050/1050 900/1048/1048
f 900/1048/1048 821/1050/1050 824/1051/1051
f 945/1052/1052 946/1053/1053 880/1064/1064
f 880/1064/1064 946/1053/1053 885/1063/1063
f 885/1063/1063 946/1053/1053 952/1054/1054
f 885/1063/1063 952/1054/1054 1044/1062/1062
f 1044/1062/1062 952/1054/1054 963/1055/1055
f 1044/1062/1062 963/1055/1055 981/1056/1056
f 981/1056/1056 994/1057/1057 1044/1062/1062
f 1044/1062/1062 994/1057/1057 1038/1061/1061
f 1038/1061/1061 994/1057/1057 1031/1060/1060
f 1031/1060/1060 994/1057/1057 993/1058/1058
f 1031/1060/1060 993/1058/1058 1029/1059/1059
f 987/1065/1065 977/1066/1066 891/1159/1159
f 891/1159/1159 977/1066/1066 972/1067/1067
f 891/1159/1159 972/1067/1067 970/1068/1068
f 974/1069/1069 967/1245/1245 970/1068/1068
f 970/1068/1068 967/1245/1245 890/1158/1158
f 970/1068/1068 890/1158/1158 891/1159/1159
f 974/1069/1069 985/1070/1070 967/1245/1245
f 967/1245/1245 985/1070/1070 966/1244/1244
f 966/1244/1244 985/1070/1070 1010/1071/1071
f 966/1244/1244 1010/1071/1071 1007/1257/1257
f 1007/1257/1257 1010/1071/1071 1024/1072/1072
f 1007/1257/1257 1024/1072/1072 1049/1073/1073
f 1007/1257/1257 1049/1073/1073 1094/1256/1256
f 1094/1256/1256 1049/1073/1073 1063/1074/1074
f 1094/1256/1256 1063/1074/1074 1071/1075/1075
f 1071/1075/1075 1075/1076/1076 1094/1256/1256
f 1094/1256/1256 1075/1076/1076 1097/1221/1221
f 1094/1256/1256 1097/1221/1221 1107/1218/1218
f 1075/1076/1076 1083/1077/1077 1097/1221/1221
f 1097/1221/1221 1083/1077/1077 1081/1078/1078
f 1097/1221/1221 1081/1078/1078 1098/1220/1220
f 1098/1220/1220 1081/1078/1078 1073/1079/1079
f 1098/1220/1220 1073/1079/1079 1065/1080/1080
f 1098/1220/1220 1065/1080/1080 1089/1084/1084
f 1089/1084/1084 1065/1080/1080 1057/1081/1081
f 1089/1084/1084 1057/1081/1081 1034/1083/1083
f 1034/1083/1083 1057/1081/1081 1033/1082/1082
f 1090/1085/1085 1126/1314/1314 1089/1084/1084
f 1089/1084/1084 1126/1314/1314 1128/1259/1259
f 1089/1084/1084 1128/1259/1259 1108/1219/1219
f 1108/1219/1219 1128/1259/1259 1125/1260/1260
f 1108/1219/1219 1125/1260/1260 1107/1218/1218
f 1107/1218/1218 1125/1260/1260 1121/1261/1261
f 1107/1218/1218 1121/1261/1261 1117/1262/1262
f 1035/1086/1086 1077/1088/1088 1090/1085/1085
f 1090/1085/1085 1077/1088/1088 1118/1312/1312
f 1090/1085/1085 1118/1312/1312 1122/1313/1313
f 1035/1086/1086 1036/1087/1087 1077/1088/1088
f 1118/1312/1312 1077/1088/1088 1114/1311/1311
f 1114/1311/1311 1077/1088/1088 1078/1089/1089
f 1114/1311/1311 1078/1089/1089 1106/1310/1310
f 1106/1310/1310 1078/1089/1089 1088/1309/1309
f 1088/1309/1309 1078/1089/1089 1055/1096/1096
f 1088/1309/1309 1055/1096/1096 1054/1097/1097
f 1055/1096/1096 1078/1089/1089 1047/1095/1095
f 1047/1095/1095 1078/1089/1089 1030/1090/1090
f 1047/1095/1095 1030/1090/1090 1027/1094/1094
f 1027/1094/1094 1030/1090/1090 1029/1091/1091
f 1027/1094/1094 1029/1091/1091 1021/1093/1093
f 1021/1093/1093 1029/1091/1091 993/1092/1092
f 1054/1097/1097 1046/1098/1098 1088/1309/1309
f 1088/1309/1309 1046/1098/1098 1062/1308/1308
f 1062/1308/1308 1046/1098/1098 1026/1099/1099
f 1062/1308/1308 1026/1099/1099 1016/1100/1100
f 1062/1308/1308 1016/1100/1100 1020/1307/1307
f 1020/1307/1307 1016/1100/1100 984/1101/1101
f 1020/1307/1307 984/1101/1101 962/1102/1102
f 1020/1307/1307 962/1102/1102 959/1306/1306
f 959/1306/1306 962/1102/1102 947/1103/1103
f 959/1306/1306 947/1103/1103 908/1107/1107
f 908/1107/1107 947/1103/1103 933/1104/1104
f 908/1107/1107 933/1104/1104 915/1105/1105
f 915/1105/1105 907/1106/1106 908/1107/1107
f 959/1306/1306 908/1107/1107 919/1305/1305
f 919/1305/1305 908/1107/1107 822/1108/1108
f 919/1305/1305 822/1108/1108 861/1304/1304
f 861/1304/1304 822/1108/1108 759/1303/1303
f 759/1303/1303 822/1108/1108 608/1302/1302
f 608/1302/1302 822/1108/1108 537/1128/1128
f 608/1302/1302 537/1128/1128 547/1301/1301
f 547/1301/1301 537/1128/1128 475/1300/1300
f 475/1300/1300 537/1128/1128 379/1129/1129
f 475/1300/1300 379/1129/1129 397/1299/1299
f 397/1299/1299 379/1129/1129 308/1298/1298
f 308/1298/1298 379/1129/1129 352/1131/1131
f 308/1298/1298 352/1131/1131 328/1132/1132
f 821/1109/1109 743/1118/1118 822/1108/1108
f 822/1108/1108 743/1118/1118 536/1127/1127
f 822/1108/1108 536/1127/1127 537/1128/1128
f 899/1110/1110 905/1111/1111 821/1109/1109
f 821/1109/1109 905/1111/1111 880/1115/1115
f 821/1109/1109 880/1115/1115 742/1117/1117
f 742/1117/1117 880/1115/1115 879/1116/1116
f 905/1111/1111 913/1112/1112 880/1115/1115
f 880/1115/1115 913/1112/1112 927/1113/1113
f 880/1115/1115 927/1113/1113 945/1114/1114
f 742/1117/1117 743/1118/1118 821/1109/1109
f 743/1118/1118 481/1119/1119 536/1127/1127
f 536/1127/1127 481/1119/1119 462/1124/1124
f 536/1127/1127 462/1124/1124 461/1125/1125
f 480/1120/1120 432/1122/1122 481/1119/1119
f 481/1119/1119 432/1122/1122 454/1123/1123
f 481/1119/1119 454/1123/1123 462/1124/1124
f 480/1120/1120 420/1121/1121 432/1122/1122
f 461/1125/1125 450/1126/1126 536/1127/1127
f 379/1129/1129 378/1130/1130 352/1131/1131
f 308/1298/1298 328/1132/1132 184/1297/1297
f 184/1297/1297 328/1132/1132 282/1133/1133
f 184/1297/1297 282/1133/1133 262/1134/1134
f 184/1297/1297 262/1134/1134 126/1296/1296
f 126/1296/1296 262/1134/1134 236/1135/1135
f 126/1296/1296 236/1135/1135 203/1141/1141
f 203/1141/1141 236/1135/1135 229/1136/1136
f 203/1141/1141 229/1136/1136 248/1137/1137
f 203/1141/1141 248/1137/1137 202/1140/1140
f 202/1140/1140 248/1137/1137 277/1138/1138
f 202/1140/1140 277/1138/1138 309/1139/1139
f 203/1141/1141 115/1142/1142 126/1296/1296
f 126/1296/1296 115/1142/1142 101/1295/1295
f 101/1295/1295 115/1142/1142 79/1294/1294
f 79/1294/1294 115/1142/1142 85/1144/1144
f 79/1294/1294 85/1144/1144 58/1293/1293
f 58/1293/1293 85/1144/1144 26/1292/1292
f 26/1292/1292 85/1144/1144 84/1145/1145
f 26/1292/1292 84/1145/1145 20/1291/1291
f 20/1291/1291 84/1145/1145 14/1290/1290
f 14/1290/1290 84/1145/1145 29/1204/1204
f 14/1290/1290 29/1204/1204 10/1289/1289
f 10/1289/1289 29/1204/1204 6/1288/1288
f 6/1288/1288 29/1204/1204 28/1205/1205
f 6/1288/1288 28/1205/1205 2/1287/1287
f 2/1287/1287 28/1205/1205 35/1208/1208
f 2/1287/1287 35/1208/1208 27/1209/1209
f 115/1142/1142 114/1143/1143 85/1144/1144
f 29/1204/1204 84/1145/1145 95/1203/1203
f 95/1203/1203 84/1145/1145 113/1146/1146
f 95/1203/1203 113/1146/1146 112/1147/1147
f 311/1148/1148 107/1182/1182 112/1147/1147
f 112/1147/1147 107/1182/1182 94/1202/1202
f 112/1147/1147 94/1202/1202 95/1203/1203
f 312/1149/1149 411/1154/1154 311/1148/1148
f 311/1148/1148 411/1154/1154 363/1181/1181
f 311/1148/1148 363/1181/1181 107/1182/1182
f 312/1149/1149 494/1150/1150 411/1154/1154
f 411/1154/1154 494/1150/1150 545/1153/1153
f 545/1153/1153 494/1150/1150 546/1152/1152
f 546/1152/1152 494/1150/1150 495/1151/1151
f 411/1154/1154 410/1155/1155 363/1181/1181
f 363/1181/1181 410/1155/1155 389/1167/1167
f 363/1181/1181 389/1167/1167 371/1168/1168
f 703/1156/1156 457/1164/1164 410/1155/1155
f 410/1155/1155 457/1164/1164 426/1165/1165
f 410/1155/1155 426/1165/1165 402/1166/1166
f 702/1157/1157 622/1248/1248 703/1156/1156
f 703/1156/1156 622/1248/1248 535/1249/1249
f 703/1156/1156 535/1249/1249 457/1164/1164
f 457/1164/1164 535/1249/1249 477/1163/1163
f 477/1163/1163 535/1249/1249 505/1162/1162
f 505/1162/1162 535/1249/1249 525/1161/1161
f 525/1161/1161 535/1249/1249 530/1160/1160
f 530/1160/1160 535/1249/1249 534/1250/1250
f 530/1160/1160 534/1250/1250 524/1177/1177
f 524/1177/1177 534/1250/1250 504/1176/1176
f 504/1176/1176 534/1250/1250 521/1191/1191
f 504/1176/1176 521/1191/1191 476/1175/1175
f 476/1175/1175 521/1191/1191 456/1174/1174
f 456/1174/1174 521/1191/1191 375/1192/1192
f 456/1174/1174 375/1192/1192 425/1173/1173
f 425/1173/1173 375/1192/1192 401/1172/1172
f 401/1172/1172 375/1192/1192 388/1171/1171
f 388/1171/1171 375/1192/1192 370/1170/1170
f 370/1170/1170 375/1192/1192 366/1169/1169
f 366/1169/1169 375/1192/1192 362/1180/1180
f 366/1169/1169 362/1180/1180 363/1181/1181
f 890/1158/1158 782/1246/1246 702/1157/1157
f 702/1157/1157 782/1246/1246 781/1222/1222
f 702/1157/1157 781/1222/1222 716/1223/1223
f 402/1166/1166 389/1167/1167 410/1155/1155
f 371/1168/1168 366/1169/1169 363/1181/1181
f 238/1179/1179 362/1180/1180 237/1178/1178
f 237/1178/1178 362/1180/1180 435/1252/1252
f 237/1178/1178 435/1252/1252 307/1276/1276
f 307/1276/1276 435/1252/1252 396/1275/1275
f 396/1275/1275 435/1252/1252 474/1274/1274
f 474/1274/1274 435/1252/1252 550/1253/1253
f 474/1274/1274 550/1253/1253 544/1273/1273
f 544/1273/1273 550/1253/1253 606/1272/1272
f 606/1272/1272 550/1253/1253 758/1271/1271
f 758/1271/1271 550/1253/1253 583/1231/1231
f 758/1271/1271 583/1231/1231 779/1232/1232
f 106/1183/1183 83/1196/1196 107/1182/1182
f 107/1182/1182 83/1196/1196 91/1197/1197
f 107/1182/1182 91/1197/1197 92/1198/1198
f 46/1184/1184 71/1216/1216 106/1183/1183
f 106/1183/1183 71/1216/1216 72/1217/1217
f 106/1183/1183 72/1217/1217 83/1196/1196
f 83/1196/1196 72/1217/1217 75/1195/1195
f 75/1195/1195 72/1217/1217 65/1194/1194
f 45/1185/1185 17/1283/1283 46/1184/1184
f 46/1184/1184 17/1283/1283 18/1215/1215
f 46/1184/1184 18/1215/1215 71/1216/1216
f 105/1186/1186 57/1281/1281 45/1185/1185
f 45/1185/1185 57/1281/1281 25/1282/1282
f 45/1185/1185 25/1282/1282 17/1283/1283
f 105/1186/1186 104/1187/1187 57/1281/1281
f 57/1281/1281 104/1187/1187 78/1280/1280
f 78/1280/1280 104/1187/1187 100/1279/1279
f 100/1279/1279 104/1187/1187 127/1189/1189
f 100/1279/1279 127/1189/1189 125/1278/1278
f 125/1278/1278 127/1189/1189 237/1178/1178
f 125/1278/1278 237/1178/1178 183/1277/1277
f 183/1277/1277 237/1178/1178 307/1276/1276
f 104/1187/1187 128/1188/1188 127/1189/1189
f 521/1191/1191 534/1250/1250 520/1190/1190
f 520/1190/1190 534/1250/1250 584/1230/1230
f 520/1190/1190 584/1230/1230 551/1254/1254
f 551/1254/1254 584/1230/1230 583/1231/1231
f 551/1254/1254 583/1231/1231 550/1253/1253
f 375/1192/1192 374/1193/1193 362/1180/1180
f 362/1180/1180 374/1193/1193 436/1251/1251
f 362/1180/1180 436/1251/1251 435/1252/1252
f 374/1193/1193 520/1190/1190 436/1251/1251
f 436/1251/1251 520/1190/1190 551/1254/1254
f 92/1198/1198 88/1199/1199 107/1182/1182
f 107/1182/1182 88/1199/1199 94/1202/1202
f 88/1199/1199 80/1200/1200 94/1202/1202
f 94/1202/1202 80/1200/1200 67/1201/1201
f 49/1206/1206 41/1207/1207 28/1205/1205
f 28/1205/1205 41/1207/1207 35/1208/1208
f 2/1287/1287 27/1209/1209 19/1214/1214
f 19/1214/1214 27/1209/1209 34/1210/1210
f 19/1214/1214 34/1210/1210 38/1211/1211
f 38/1211/1211 44/1212/1212 19/1214/1214
f 19/1214/1214 44/1212/1212 51/1213/1213
f 18/1215/1215 9/1285/1285 19/1214/1214
f 19/1214/1214 9/1285/1285 5/1286/1286
f 19/1214/1214 5/1286/1286 2/1287/1287
f 1108/1219/1219 1098/1220/1220 1089/1084/1084
f 702/1157/1157 716/1223/1223 622/1248/1248
f 622/1248/1248 716/1223/1223 673/1224/1224
f 622/1248/1248 673/1224/1224 638/1225/1225
f 622/1248/1248 638/1225/1225 621/1247/1247
f 621/1247/1247 638/1225/1225 612/1226/1226
f 621/1247/1247 612/1226/1226 534/1250/1250
f 534/1250/1250 612/1226/1226 597/1227/1227
f 534/1250/1250 597/1227/1227 584/1230/1230
f 584/1230/1230 597/1227/1227 607/1228/1228
f 584/1230/1230 607/1228/1228 625/1229/1229
f 780/1233/1233 800/1234/1234 779/1232/1232
f 779/1232/1232 800/1234/1234 837/1237/1237
f 779/1232/1232 837/1237/1237 918/1269/1269
f 918/1269/1269 837/1237/1237 929/1238/1238
f 918/1269/1269 929/1238/1238 958/1268/1268
f 958/1268/1268 929/1238/1238 1019/1267/1267
f 1019/1267/1267 929/1238/1238 1006/1258/1258
f 1019/1267/1267 1006/1258/1258 1061/1266/1266
f 1061/1266/1266 1006/1258/1258 1087/1265/1265
f 1087/1265/1265 1006/1258/1258 1093/1255/1255
f 1087/1265/1265 1093/1255/1255 1105/1264/1264
f 1105/1264/1264 1093/1255/1255 1094/1256/1256
f 1105/1264/1264 1094/1256/1256 1113/1263/1263
f 1113/1263/1263 1094/1256/1256 1117/1262/1262
f 1117/1262/1262 1094/1256/1256 1107/1218/1218
f 800/1234/1234 828/1235/1235 837/1237/1237
f 837/1237/1237 828/1235/1235 838/1236/1236
f 929/1238/1238 930/1239/1239 1006/1258/1258
f 1006/1258/1258 930/1239/1239 966/1244/1244
f 1006/1258/1258 966/1244/1244 1007/1257/1257
f 873/1240/1240 865/1241/1241 930/1239/1239
f 930/1239/1239 865/1241/1241 966/1244/1244
f 865/1241/1241 850/1242/1242 966/1244/1244
f 966/1244/1244 850/1242/1242 829/1243/1243
f 967/1245/1245 782/1246/1246 890/1158/1158
f 918/1269/1269 860/1270/1270 779/1232/1232
f 779/1232/1232 860/1270/1270 758/1271/1271
f 17/1283/1283 13/1284/1284 18/1215/1215
f 18/1215/1215 13/1284/1284 9/1285/1285
f 1122/1313/1313 1126/1314/1314 1090/1085/1085
f 117/1315/1315 116/1316/1316 113/1318/1318
f 113/1318/1318 116/1316/1316 112/1317/1317
f 312/1320/1320 311/1321/1321 314/1319/1319
f 314/1319/1319 311/1321/1321 313/1322/1322
f 112/1327/1327 116/1323/1323 311/1326/1326
f 311/1326/1326 116/1323/1323 138/1324/1324
f 311/1326/1326 138/1324/1324 313/1325/1325
f 22/1328/1328 21/1329/1329 19/1331/1331
f 19/1331/1331 21/1329/1329 18/1330/1330
f 18/1336/1336 21/1332/1332 71/1335/1335
f 71/1335/1335 21/1332/1332 39/1333/1333
f 71/1335/1335 39/1333/1333 73/1334/1334
f 72/1337/1337 71/1338/1338 74/1340/1340
f 74/1340/1340 71/1338/1338 73/1339/1339
f 521/1341/1341 520/1342/1342 523/1344/1344
f 523/1344/1344 520/1342/1342 522/1343/1343
f 375/1345/1345 521/1346/1346 377/1348/1348
f 377/1348/1348 521/1346/1346 523/1347/1347
f 374/1349/1349 375/1350/1350 376/1352/1352
f 376/1352/1352 375/1350/1350 377/1351/1351
f 520/1353/1353 374/1354/1354 522/1356/1356
f 522/1356/1356 374/1354/1354 376/1355/1355
f 376/1358/1358 377/1359/1359 522/1357/1357
f 522/1357/1357 377/1359/1359 523/1360/1360
f 206/1361/1361 204/1362/1362 205/1365/1365
f 205/1365/1365 204/1362/1362 202/1364/1364
f 202/1364/1364 204/1362/1362 203/1363/1363
f 206/1367/1367 205/1368/1368 120/1366/1366
f 120/1366/1366 205/1368/1368 119/1369/1369
f 130/1370/1370 129/1371/1371 131/1374/1374
f 131/1374/1374 129/1371/1371 128/1373/1373
f 128/1373/1373 129/1371/1371 127/1372/1372
f 130/1376/1376 131/1377/1377 240/1375/1375
f 240/1375/1375 131/1377/1377 241/1378/1378
f 626/1380/1380 586/1381/1381 625/1379/1379
f 625/1379/1379 586/1381/1381 584/1382/1382
f 583/1383/1383 584/1384/1384 585/1386/1386
f 585/1386/1386 584/1384/1384 586/1385/1385
f 779/1387/1387 583/1388/1388 783/1390/1390
f 783/1390/1390 583/1388/1388 585/1389/1389
f 1091/1391/1391 1092/1392/1392 1089/1394/1394
f 1089/1394/1394 1092/1392/1392 1090/1393/1393
f 1090/1399/1399 1092/1395/1395 1035/1398/1398
f 1035/1398/1398 1092/1395/1395 1068/1396/1396
f 1035/1398/1398 1068/1396/1396 1040/1397/1397
f 967/1400/1400 966/1401/1401 969/1403/1403
f 969/1403/1403 966/1401/1401 968/1402/1402
f 782/1404/1404 967/1405/1405 786/1407/1407
f 786/1407/1407 967/1405/1405 969/1406/1406
f 830/1409/1409 968/1410/1410 829/1408/1408
f 829/1408/1408 968/1410/1410 966/1411/1411
f 805/1413/1413 786/1416/1416 830/1412/1412
f 830/1412/1412 786/1416/1416 969/1417/1417
f 830/1412/1412 969/1417/1417 968/1418/1418
f 805/1413/1413 795/1414/1414 786/1416/1416
f 786/1416/1416 795/1414/1414 785/1415/1415
f 744/1419/1419 549/1420/1420 746/1424/1424
f 746/1424/1424 549/1420/1420 496/1423/1423
f 496/1423/1423 549/1420/1420 495/1422/1422
f 495/1422/1422 549/1420/1420 546/1421/1421
f 744/1426/1426 746/1427/1427 745/1425/1425
f 745/1425/1425 746/1427/1427 747/1428/1428
f 745/1425/1425 747/1428/1428 743/1429/1429
f 743/1429/1429 742/1430/1430 745/1425/1425
f 481/1431/1431 743/1432/1432 483/1434/1434
f 483/1434/1434 743/1432/1432 747/1433/1433
f 480/1436/1436 481/1437/1437 482/1435/1435
f 482/1435/1435 481/1437/1437 483/1438/1438
f 482/1440/1440 483/1441/1441 497/1439/1439
f 497/1439/1439 483/1441/1441 747/1442/1442
f 497/1439/1439 747/1442/1442 746/1443/1443
f 746/1443/1443 496/1444/1444 497/1439/1439
f 742/1446/1446 879/1447/1447 745/1445/1445
f 745/1445/1445 879/1447/1447 882/1448/1448
f 494/1454/1454 498/1449/1449 496/1452/1452
f 496/1452/1452 498/1449/1449 499/1450/1450
f 496/1452/1452 499/1450/1450 497/1451/1451
f 496/1452/1452 495/1453/1453 494/1454/1454
f 28/1455/1455 29/1456/1456 30/1458/1458
f 30/1458/1458 29/1456/1456 31/1457/1457
f 95/1459/1459 94/1460/1460 97/1462/1462
f 97/1462/1462 94/1460/1460 96/1461/1461
f 29/1463/1463 95/1464/1464 31/1466/1466
f 31/1466/1466 95/1464/1464 97/1465/1465
f 109/1468/1468 48/1469/1469 106/1467/1467
f 106/1467/1467 48/1469/1469 46/1470/1470
f 45/1471/1471 46/1472/1472 47/1474/1474
f 47/1474/1474 46/1472/1472 48/1473/1473
f 105/1476/1476 45/1477/1477 108/1475/1475
f 108/1475/1475 45/1477/1477 47/1478/1478
f 109/1479/1479 108/1480/1480 48/1482/1482
f 48/1482/1482 108/1480/1480 47/1481/1481
f 910/1487/1487 911/1483/1483 907/1486/1486
f 907/1486/1486 911/1483/1483 909/1484/1484
f 907/1486/1486 909/1484/1484 908/1485/1485
f 909/1488/1488 823/1489/1489 908/1491/1491
f 908/1491/1491 823/1489/1489 822/1490/1490
f 537/1492/1492 536/1493/1493 541/1495/1495
f 541/1495/1495 536/1493/1493 540/1494/1494
f 379/1496/1496 537/1497/1497 381/1499/1499
f 381/1499/1499 537/1497/1497 541/1498/1498
f 378/1501/1501 379/1502/1502 380/1500/1500
f 380/1500/1500 379/1502/1502 381/1503/1503
f 451/1505/1505 540/1506/1506 450/1504/1504
f 450/1504/1504 540/1506/1506 536/1507/1507
f 540/1514/1514 451/1508/1508 541/1513/1513
f 541/1513/1513 451/1508/1508 429/1509/1509
f 541/1513/1513 429/1509/1509 405/1510/1510
f 380/1511/1511 381/1512/1512 405/1510/1510
f 405/1510/1510 381/1512/1512 541/1513/1513
f 1102/1516/1516 1100/1517/1517 1110/1515/1515
f 1110/1515/1515 1100/1517/1517 1098/1518/1518
f 1110/1515/1515 1098/1518/1518 1108/1519/1519
f 1097/1520/1520 1098/1521/1521 1099/1523/1523
f 1099/1523/1523 1098/1521/1521 1100/1522/1522
f 1102/1524/1524 1101/1525/1525 1100/1527/1527
f 1100/1527/1527 1101/1525/1525 1099/1526/1526
f 1037/1529/1529 1079/1530/1530 1036/1528/1528
f 1036/1528/1528 1079/1530/1530 1077/1531/1531
f 1078/1532/1532 1077/1533/1533 1080/1535/1535
f 1080/1535/1535 1077/1533/1533 1079/1534/1534
f 1030/1536/1536 1078/1537/1537 1032/1539/1539
f 1032/1539/1539 1078/1537/1537 1080/1538/1538
f 1029/1541/1541 1030/1542/1542 1031/1540/1540
f 1031/1540/1540 1030/1542/1542 1032/1543/1543
f 1031/1545/1545 1032/1546/1546 1038/1544/1544
f 1038/1544/1544 1032/1546/1546 1080/1547/1547
f 1038/1544/1544 1080/1547/1547 1079/1548/1548
f 1079/1548/1548 1037/1549/1549 1038/1544/1544
f 930/1550/1550 929/1551/1551 932/1553/1553
f 932/1553/1553 929/1551/1551 931/1552/1552
f 873/1555/1555 930/1556/1556 874/1554/1554
f 874/1554/1554 930/1556/1556 932/1557/1557
f 840/1559/1559 839/1560/1560 838/1558/1558
f 838/1558/1558 839/1560/1560 837/1561/1561
f 929/1562/1562 837/1563/1563 931/1565/1565
f 931/1565/1565 837/1563/1563 839/1564/1564
f 840/1566/1566 853/1567/1567 839/1574/1574
f 839/1574/1574 853/1567/1567 931/1573/1573
f 931/1573/1573 853/1567/1567 870/1568/1568
f 931/1573/1573 870/1568/1568 878/1569/1569
f 931/1573/1573 878/1569/1569 932/1572/1572
f 932/1572/1572 878/1569/1569 888/1570/1570
f 932/1572/1572 888/1570/1570 874/1571/1571
f 622/1575/1575 621/1576/1576 624/1578/1578
f 624/1578/1578 621/1576/1576 623/1577/1577
f 535/1579/1579 622/1580/1580 539/1582/1582
f 539/1582/1582 622/1580/1580 624/1581/1581
f 534/1583/1583 535/1584/1584 538/1586/1586
f 538/1586/1586 535/1584/1584 539/1585/1585
f 621/1587/1587 534/1588/1588 623/1590/1590
f 623/1590/1590 534/1588/1588 538/1589/1589
f 538/1592/1592 539/1593/1593 623/1591/1591
f 623/1591/1591 539/1593/1593 624/1594/1594
f 437/1595/1595 552/1596/1596 435/1598/1598
f 435/1598/1598 552/1596/1596 550/1597/1597
f 550/1603/1603 552/1599/1599 551/1602/1602
f 551/1602/1602 552/1599/1599 553/1600/1600
f 551/1602/1602 553/1600/1600 554/1601/1601
f 436/1604/1604 551/1605/1605 439/1607/1607
f 439/1607/1607 551/1605/1605 554/1606/1606
f 266/1609/1609 264/1639/1639 269/1608/1608
f 269/1608/1608 264/1639/1639 268/1640/1640
f 269/1641/1641 268/1624/1624 265/1623/1623
f 265/1623/1623 268/1624/1624 263/1625/1625
f 265/1623/1623 263/1625/1625 232/1622/1622
f 232/1622/1622 263/1625/1625 230/1626/1626
f 232/1622/1622 230/1626/1626 200/1621/1621
f 200/1621/1621 230/1626/1626 198/1627/1627
f 200/1621/1621 198/1627/1627 179/1620/1620
f 179/1620/1620 198/1627/1627 177/1628/1628
f 179/1620/1620 177/1628/1628 160/1619/1619
f 160/1619/1619 177/1628/1628 158/1629/1629
f 160/1619/1619 158/1629/1629 142/1618/1618
f 142/1618/1618 158/1629/1629 140/1630/1630
f 142/1618/1618 140/1630/1630 136/1617/1617
f 136/1617/1617 140/1630/1630 134/1631/1631
f 136/1617/1617 134/1631/1631 133/1616/1616
f 133/1616/1616 134/1631/1631 132/1632/1632
f 133/1616/1616 132/1632/1632 137/1615/1615
f 137/1615/1615 132/1632/1632 135/1633/1633
f 137/1615/1615 135/1633/1633 143/1614/1614
f 143/1614/1614 135/1633/1633 141/1634/1634
f 143/1614/1614 141/1634/1634 161/1613/1613
f 161/1613/1613 141/1634/1634 159/1635/1635
f 161/1613/1613 159/1635/1635 180/1612/1612
f 180/1612/1612 159/1635/1635 178/1636/1636
f 180/1612/1612 178/1636/1636 201/1611/1611
f 201/1611/1611 178/1636/1636 199/1637/1637
f 201/1611/1611 199/1637/1637 233/1610/1610
f 233/1610/1610 199/1637/1637 231/1638/1638
f 233/1610/1610 231/1638/1638 266/1609/1609
f 266/1609/1609 231/1638/1638 264/1639/1639
f 269/1642/1642 265/1643/1643 266/1657/1657
f 266/1657/1657 265/1643/1643 233/1656/1656
f 233/1656/1656 265/1643/1643 232/1644/1644
f 233/1656/1656 232/1644/1644 201/1655/1655
f 201/1655/1655 232/1644/1644 200/1645/1645
f 201/1655/1655 200/1645/1645 180/1654/1654
f 180/1654/1654 200/1645/1645 179/1646/1646
f 180/1654/1654 179/1646/1646 161/1653/1653
f 161/1653/1653 179/1646/1646 160/1647/1647
f 161/1653/1653 160/1647/1647 143/1652/1652
f 143/1652/1652 160/1647/1647 142/1648/1648
f 143/1652/1652 142/1648/1648 137/1651/1651
f 137/1651/1651 142/1648/1648 136/1649/1649
f 137/1651/1651 136/1649/1649 133/1650/1650
f 151/1659/1659 145/1684/1684 144/1658/1658
f 144/1658/1658 145/1684/1684 146/1685/1685
f 144/1658/1658 146/1685/1685 147/1675/1675
f 147/1675/1675 146/1685/1685 163/1686/1686
f 147/1675/1675 163/1686/1686 164/1674/1674
f 164/1674/1674 163/1686/1686 176/1687/1687
f 164/1674/1674 176/1687/1687 185/1673/1673
f 185/1673/1673 176/1687/1687 197/1688/1688
f 185/1673/1673 197/1688/1688 213/1672/1672
f 213/1672/1672 197/1688/1688 244/1689/1689
f 213/1672/1672 244/1689/1689 249/1671/1671
f 249/1671/1671 244/1689/1689 281/1690/1690
f 249/1671/1671 281/1690/1690 289/1670/1670
f 289/1670/1670 281/1690/1690 316/1691/1691
f 289/1670/1670 316/1691/1691 317/1669/1669
f 317/1669/1669 316/1691/1691 334/1692/1692
f 317/1669/1669 334/1692/1692 335/1668/1668
f 335/1668/1668 334/1692/1692 349/1667/1667
f 349/1667/1667 334/1692/1692 348/1693/1693
f 349/1667/1667 348/1694/1694 346/1666/1666
f 346/1695/1695 348/1676/1676 333/1677/1677
f 346/1696/1696 333/1677/1677 327/1665/1665
f 327/1665/1665 333/1677/1677 315/1678/1678
f 327/1665/1665 315/1678/1678 299/1664/1664
f 299/1664/1664 315/1678/1678 280/1679/1679
f 299/1664/1664 280/1679/1679 259/1663/1663
f 259/1663/1663 280/1679/1679 243/1680/1680
f 259/1663/1663 243/1680/1680 220/1662/1662
f 220/1662/1662 243/1680/1680 196/1681/1681
f 220/1662/1662 196/1681/1681 191/1661/1661
f 191/1661/1661 196/1681/1681 175/1682/1682
f 191/1661/1661 175/1682/1682 169/1660/1660
f 169/1660/1660 175/1682/1682 162/1683/1683
f 169/1660/1660 162/1683/1683 151/1659/1659
f 151/1659/1659 162/1683/1683 145/1684/1684
f 144/1697/1697 155/1698/1698 151/1714/1714
f 151/1714/1714 155/1698/1698 173/1699/1699
f 151/1714/1714 173/1699/1699 169/1713/1713
f 169/1713/1713 173/1699/1699 194/1700/1700
f 169/1713/1713 194/1700/1700 191/1712/1712
f 191/1712/1712 194/1700/1700 222/1701/1701
f 191/1712/1712 222/1701/1701 220/1711/1711
f 220/1711/1711 222/1701/1701 259/1710/1710
f 259/1710/1710 222/1701/1701 257/1702/1702
f 259/1710/1710 257/1702/1702 299/1709/1709
f 299/1709/1709 257/1702/1702 297/1703/1703
f 299/1709/1709 297/1703/1703 327/1708/1708
f 327/1708/1708 297/1703/1703 325/1704/1704
f 327/1708/1708 325/1704/1704 346/1707/1707
f 346/1707/1707 325/1704/1704 341/1705/1705
f 346/1707/1707 341/1705/1705 349/1706/1706
f 87/1715/1715 86/1716/1716 85/1718/1718
f 85/1718/1718 86/1716/1716 84/1717/1717
f 363/1719/1719 362/1720/1720 365/1722/1722
f 365/1722/1722 362/1720/1720 364/1721/1721
f 365/1727/1727 122/1723/1723 363/1726/1726
f 363/1726/1726 122/1723/1723 111/1724/1724
f 363/1726/1726 111/1724/1724 107/1725/1725
f 122/1729/1729 132/1740/1740 121/1728/1728
f 121/1728/1728 132/1740/1740 134/1741/1741
f 121/1728/1728 134/1741/1741 140/1742/1742
f 365/1730/1730 178/1736/1736 122/1729/1729
f 122/1729/1729 178/1736/1736 159/1737/1737
f 122/1729/1729 159/1737/1737 141/1738/1738
f 364/1731/1731 264/1733/1733 365/1730/1730
f 365/1730/1730 264/1733/1733 231/1734/1734
f 365/1730/1730 231/1734/1734 199/1735/1735
f 121/1728/1728 177/1744/1744 364/1731/1731
f 364/1731/1731 177/1744/1744 198/1745/1745
f 364/1731/1731 198/1745/1745 230/1746/1746
f 263/1747/1747 268/1732/1732 364/1731/1731
f 364/1731/1731 268/1732/1732 264/1733/1733
f 199/1735/1735 178/1736/1736 365/1730/1730
f 141/1738/1738 135/1739/1739 122/1729/1729
f 122/1729/1729 135/1739/1739 132/1740/1740
f 140/1742/1742 158/1743/1743 121/1728/1728
f 121/1728/1728 158/1743/1743 177/1744/1744
f 230/1746/1746 263/1747/1747 364/1731/1731
f 922/1748/1748 1000/1749/1749 920/1751/1751
f 920/1751/1751 1000/1749/1749 998/1750/1750
f 1001/1753/1753 999/1754/1754 1003/1752/1752
f 1003/1752/1752 999/1754/1754 998/1755/1755
f 1003/1752/1752 998/1755/1755 1002/1757/1757
f 1002/1757/1757 998/1755/1755 1000/1756/1756
f 1001/1758/1758 923/1759/1759 999/1761/1761
f 999/1761/1761 923/1759/1759 921/1760/1760
f 879/1763/1763 880/1764/1764 882/1762/1762
f 882/1762/1762 880/1764/1764 885/1765/1765
f 882/1762/1762 885/1765/1765 884/1766/1766
f 884/1766/1766 881/1767/1767 882/1762/1762
f 920/1769/1769 884/1777/1777 921/1768/1768
f 921/1768/1768 884/1777/1777 885/1772/1772
f 921/1768/1768 885/1772/1772 1044/1773/1773
f 998/1770/1770 1043/1774/1774 920/1769/1769
f 920/1769/1769 1043/1774/1774 892/1775/1775
f 920/1769/1769 892/1775/1775 883/1776/1776
f 998/1770/1770 999/1771/1771 1043/1774/1774
f 1043/1774/1774 999/1771/1771 1044/1773/1773
f 1044/1773/1773 999/1771/1771 921/1768/1768
f 883/1776/1776 884/1777/1777 920/1769/1769
f 745/1779/1779 882/1780/1780 744/1778/1778
f 744/1778/1778 882/1780/1780 705/1783/1783
f 744/1778/1778 705/1783/1783 549/1785/1785
f 549/1785/1785 705/1783/1783 548/1784/1784
f 882/1780/1780 881/1781/1781 705/1783/1783
f 705/1783/1783 881/1781/1781 704/1782/1782
f 1095/1786/1786 1096/1787/1787 1093/1789/1789
f 1093/1789/1789 1096/1787/1787 1094/1788/1788
f 1096/1790/1790 1009/1791/1791 1094/1793/1793
f 1094/1793/1793 1009/1791/1791 1007/1792/1792
f 712/1795/1795 713/1796/1796 841/1794/1794
f 841/1794/1794 713/1796/1796 842/1797/1797
f 832/1798/1798 831/1799/1799 708/1801/1801
f 708/1801/1801 831/1799/1799 707/1800/1800
f 549/1803/1803 548/1804/1804 546/1802/1802
f 546/1802/1802 548/1804/1804 545/1805/1805
f 545/1806/1806 548/1807/1807 411/1811/1811
f 411/1811/1811 548/1807/1807 413/1810/1810
f 413/1810/1810 548/1807/1807 715/1809/1809
f 715/1809/1809 548/1807/1807 705/1808/1808
f 712/1813/1813 714/1815/1815 713/1812/1812
f 713/1812/1812 714/1815/1815 715/1816/1816
f 713/1812/1812 715/1816/1816 710/1822/1822
f 710/1822/1822 715/1816/1816 708/1820/1820
f 710/1822/1822 708/1820/1820 707/1821/1821
f 712/1813/1813 711/1814/1814 714/1815/1815
f 708/1820/1820 715/1816/1816 706/1819/1819
f 706/1819/1819 715/1816/1816 705/1817/1817
f 706/1819/1819 705/1817/1817 704/1818/1818
f 532/1823/1823 561/1824/1824 412/1826/1826
f 412/1826/1826 561/1824/1824 714/1825/1825
f 561/1827/1827 562/1828/1828 714/1830/1830
f 714/1830/1830 562/1828/1828 715/1829/1829
f 562/1831/1831 533/1832/1832 715/1834/1834
f 715/1834/1834 533/1832/1832 413/1833/1833
f 412/1835/1835 413/1836/1836 532/1838/1838
f 532/1838/1838 413/1836/1836 533/1837/1837
f 413/1839/1839 412/1840/1840 411/1842/1842
f 411/1842/1842 412/1840/1840 410/1841/1841
f 714/1844/1844 711/1845/1845 412/1843/1843
f 412/1843/1843 711/1845/1845 410/1847/1847
f 410/1847/1847 711/1845/1845 703/1846/1846
f 532/1849/1849 533/1850/1850 561/1848/1848
f 561/1848/1848 533/1850/1850 562/1851/1851
f 816/1852/1852 815/1853/1853 820/1855/1855
f 820/1855/1855 815/1853/1853 819/1854/1854
f 815/1856/1856 628/1857/1857 819/1859/1859
f 819/1859/1859 628/1857/1857 629/1858/1858
f 628/1860/1860 593/1861/1861 629/1863/1863
f 629/1863/1863 593/1861/1861 594/1862/1862
f 593/1864/1864 559/1865/1865 594/1867/1867
f 594/1867/1867 559/1865/1865 560/1866/1866
f 559/1868/1868 587/1869/1869 560/1871/1871
f 560/1871/1871 587/1869/1869 588/1870/1870
f 587/1872/1872 814/1873/1873 588/1875/1875
f 588/1875/1875 814/1873/1873 818/1874/1874
f 814/1876/1876 813/1877/1877 818/1879/1879
f 818/1879/1879 813/1877/1877 817/1878/1878
f 813/1880/1880 866/1881/1881 817/1883/1883
f 817/1883/1883 866/1881/1881 868/1882/1882
f 866/1884/1884 867/1885/1885 868/1887/1887
f 868/1887/1887 867/1885/1885 869/1886/1886
f 867/1888/1888 816/1889/1889 869/1891/1891
f 869/1891/1891 816/1889/1889 820/1890/1890
f 820/1893/1893 819/1894/1894 869/1892/1892
f 869/1892/1892 819/1894/1894 868/1901/1901
f 868/1901/1901 819/1894/1894 818/1899/1899
f 868/1901/1901 818/1899/1899 817/1900/1900
f 819/1894/1894 629/1895/1895 818/1899/1899
f 818/1899/1899 629/1895/1895 588/1898/1898
f 588/1898/1898 629/1895/1895 560/1897/1897
f 560/1897/1897 629/1895/1895 594/1896/1896
f 278/1902/1902 356/1903/1903 279/1905/1905
f 279/1905/1905 356/1903/1903 358/1904/1904
f 356/1906/1906 272/1907/1907 358/1909/1909
f 358/1909/1909 272/1907/1907 275/1908/1908
f 272/1910/1910 490/1911/1911 275/1913/1913
f 275/1913/1913 490/1911/1911 492/1912/1912
f 490/1914/1914 491/1915/1915 492/1917/1917
f 492/1917/1917 491/1915/1915 493/1916/1916
f 491/1918/1918 368/1919/1919 493/1921/1921
f 493/1921/1921 368/1919/1919 369/1920/1920
f 368/1922/1922 442/1923/1923 369/1925/1925
f 369/1925/1925 442/1923/1923 443/1924/1924
f 442/1926/1926 385/1927/1927 443/1929/1929
f 443/1929/1929 385/1927/1927 387/1928/1928
f 385/1930/1930 512/1931/1931 387/1933/1933
f 387/1933/1933 512/1931/1931 514/1932/1932
f 512/1934/1934 513/1935/1935 514/1937/1937
f 514/1937/1937 513/1935/1935 515/1936/1936
f 513/1938/1938 278/1939/1939 515/1941/1941
f 515/1941/1941 278/1939/1939 279/1940/1940
f 514/1951/1951 515/1942/1942 387/1950/1950
f 387/1950/1950 515/1942/1942 279/1943/1943
f 387/1950/1950 279/1943/1943 358/1944/1944
f 387/1950/1950 358/1944/1944 369/1948/1948
f 369/1948/1948 358/1944/1944 275/1945/1945
f 369/1948/1948 275/1945/1945 492/1946/1946
f 492/1946/1946 493/1947/1947 369/1948/1948
f 369/1948/1948 443/1949/1949 387/1950/1950
f 209/1952/1952 208/1953/1953 212/1955/1955
f 212/1955/1955 208/1953/1953 211/1954/1954
f 208/1956/1956 355/1957/1957 211/1959/1959
f 211/1959/1959 355/1957/1957 357/1958/1958
f 355/1960/1960 207/1961/1961 357/1963/1963
f 357/1963/1963 207/1961/1961 210/1962/1962
f 207/1964/1964 245/1965/1965 210/1967/1967
f 210/1967/1967 245/1965/1965 246/1966/1966
f 245/1968/1968 384/1969/1969 246/1971/1971
f 246/1971/1971 384/1969/1969 386/1970/1970
f 384/1972/1972 464/1973/1973 386/1975/1975
f 386/1975/1975 464/1973/1973 466/1974/1974
f 464/1976/1976 484/1977/1977 466/1979/1979
f 466/1979/1979 484/1977/1977 485/1978/1978
f 484/1980/1980 416/1981/1981 485/1983/1983
f 485/1983/1983 416/1981/1981 418/1982/1982
f 416/1984/1984 508/1985/1985 418/1987/1987
f 418/1987/1987 508/1985/1985 510/1986/1986
f 508/1988/1988 509/1989/1989 510/1991/1991
f 510/1991/1991 509/1989/1989 511/1990/1990
f 509/1992/1992 209/1993/1993 511/1995/1995
f 511/1995/1995 209/1993/1993 212/1994/1994
f 212/1997/1997 357/1999/1999 511/1996/1996
f 511/1996/1996 357/1999/1999 418/2005/2005
f 511/1996/1996 418/2005/2005 510/2006/2006
f 212/1997/1997 211/1998/1998 357/1999/1999
f 210/2000/2000 246/2001/2001 357/1999/1999
f 357/1999/1999 246/2001/2001 386/2002/2002
f 357/1999/1999 386/2002/2002 418/2005/2005
f 418/2005/2005 386/2002/2002 466/2003/2003
f 418/2005/2005 466/2003/2003 485/2004/2004
f 564/2007/2007 563/2008/2008 570/2010/2010
f 570/2010/2010 563/2008/2008 569/2009/2009
f 563/2011/2011 657/2012/2012 569/2014/2014
f 569/2014/2014 657/2012/2012 659/2013/2013
f 657/2015/2015 656/2016/2016 659/2018/2018
f 659/2018/2018 656/2016/2016 658/2017/2017
f 656/2019/2019 556/2020/2020 658/2022/2022
f 658/2022/2022 556/2020/2020 558/2021/2021
f 556/2023/2023 555/2024/2024 558/2026/2026
f 558/2026/2026 555/2024/2024 557/2025/2025
f 555/2027/2027 728/2028/2028 557/2030/2030
f 557/2030/2030 728/2028/2028 732/2029/2029
f 728/2031/2031 729/2032/2032 732/2034/2034
f 732/2034/2034 729/2032/2032 733/2033/2033
f 729/2035/2035 564/2036/2036 733/2038/2038
f 733/2038/2038 564/2036/2036 570/2037/2037
f 570/2040/2040 659/2042/2042 733/2039/2039
f 733/2039/2039 659/2042/2042 658/2043/2043
f 733/2039/2039 658/2043/2043 732/2046/2046
f 732/2046/2046 658/2043/2043 557/2045/2045
f 557/2045/2045 658/2043/2043 558/2044/2044
f 570/2040/2040 569/2041/2041 659/2042/2042
f 518/2048/2048 516/2066/2066 529/2047/2047
f 529/2047/2047 516/2066/2066 528/2067/2067
f 529/2068/2068 528/2057/2057 519/2056/2056
f 519/2056/2056 528/2057/2057 517/2058/2058
f 519/2056/2056 517/2058/2058 503/2055/2055
f 503/2055/2055 517/2058/2058 501/2059/2059
f 503/2055/2055 501/2059/2059 489/2054/2054
f 489/2054/2054 501/2059/2059 487/2060/2060
f 489/2054/2054 487/2060/2060 471/2053/2053
f 471/2053/2053 487/2060/2060 469/2061/2061
f 471/2053/2053 469/2061/2061 467/2052/2052
f 467/2052/2052 469/2061/2061 465/2062/2062
f 467/2052/2052 465/2062/2062 470/2051/2051
f 470/2051/2051 465/2062/2062 468/2063/2063
f 470/2051/2051 468/2063/2063 488/2050/2050
f 488/2050/2050 468/2063/2063 486/2064/2064
f 488/2050/2050 486/2064/2064 502/2049/2049
f 502/2049/2049 486/2064/2064 500/2065/2065
f 502/2049/2049 500/2065/2065 518/2048/2048
f 518/2048/2048 500/2065/2065 516/2066/2066
f 519/2070/2070 467/2074/2074 529/2069/2069
f 529/2069/2069 467/2074/2074 470/2075/2075
f 529/2069/2069 470/2075/2075 518/2078/2078
f 518/2078/2078 470/2075/2075 488/2076/2076
f 518/2078/2078 488/2076/2076 502/2077/2077
f 467/2074/2074 519/2070/2070 471/2073/2073
f 471/2073/2073 519/2070/2070 503/2071/2071
f 471/2073/2073 503/2071/2071 489/2072/2072
f 271/2079/2079 270/2080/2080 274/2082/2082
f 274/2082/2082 270/2080/2080 273/2081/2081
f 270/2083/2083 444/2084/2084 273/2086/2086
f 273/2086/2086 444/2084/2084 446/2085/2085
f 444/2087/2087 445/2088/2088 446/2090/2090
f 446/2090/2090 445/2088/2088 447/2089/2089
f 445/2091/2091 271/2092/2092 447/2094/2094
f 447/2094/2094 271/2092/2092 274/2093/2093
f 274/2096/2096 273/2097/2097 447/2095/2095
f 447/2095/2095 273/2097/2097 446/2098/2098
f 449/2124/2124 448/2099/2099 453/2123/2123
f 453/2123/2123 448/2099/2099 452/2100/2100
f 453/2123/2123 452/2100/2100 441/2122/2122
f 441/2122/2122 452/2100/2100 440/2101/2101
f 441/2122/2122 440/2101/2101 424/2121/2121
f 424/2121/2121 440/2101/2101 423/2102/2102
f 424/2121/2121 423/2102/2102 407/2120/2120
f 407/2120/2120 423/2102/2102 406/2103/2103
f 407/2120/2120 406/2103/2103 383/2119/2119
f 383/2119/2119 406/2103/2103 382/2104/2104
f 383/2119/2119 382/2104/2104 354/2118/2118
f 354/2118/2118 382/2104/2104 353/2105/2105
f 354/2118/2118 353/2105/2105 332/2117/2117
f 332/2117/2117 353/2105/2105 331/2106/2106
f 332/2117/2117 331/2106/2106 284/2116/2116
f 284/2116/2116 331/2106/2106 283/2107/2107
f 284/2116/2116 283/2107/2107 261/2115/2115
f 261/2115/2115 283/2107/2107 260/2108/2108
f 261/2115/2115 260/2108/2108 227/2114/2114
f 227/2114/2114 260/2108/2108 226/2109/2109
f 227/2114/2114 226/2109/2109 225/2113/2113
f 225/2113/2113 226/2109/2109 224/2110/2110
f 225/2113/2113 224/2110/2110 235/2112/2112
f 235/2112/2112 224/2110/2110 234/2111/2111
f 234/2125/2125 301/2126/2126 235/2128/2128
f 235/2128/2128 301/2126/2126 302/2127/2127
f 301/2129/2129 285/2130/2130 302/2152/2152
f 302/2152/2152 285/2130/2130 286/2151/2151
f 286/2151/2151 285/2130/2130 287/2131/2131
f 286/2151/2151 287/2131/2131 288/2150/2150
f 288/2150/2150 287/2131/2131 303/2153/2153
f 288/2150/2150 303/2154/2154 304/2149/2149
f 304/2155/2155 303/2132/2132 329/2133/2133
f 304/2156/2156 329/2133/2133 330/2148/2148
f 330/2148/2148 329/2133/2133 350/2134/2134
f 330/2148/2148 350/2134/2134 351/2147/2147
f 351/2147/2147 350/2134/2134 360/2135/2135
f 351/2147/2147 360/2135/2135 361/2146/2146
f 361/2146/2146 360/2135/2135 392/2136/2136
f 361/2146/2146 392/2136/2136 393/2145/2145
f 393/2145/2145 392/2136/2136 399/2137/2137
f 393/2145/2145 399/2137/2137 400/2144/2144
f 400/2144/2144 399/2137/2137 414/2138/2138
f 400/2144/2144 414/2138/2138 415/2143/2143
f 415/2143/2143 414/2138/2138 417/2139/2139
f 415/2143/2143 417/2139/2139 419/2142/2142
f 419/2142/2142 417/2139/2139 409/2141/2141
f 409/2141/2141 417/2139/2139 408/2140/2140
f 408/2157/2157 448/2158/2158 409/2160/2160
f 409/2160/2160 448/2158/2158 449/2159/2159
f 409/2161/2161 449/2162/2162 419/2185/2185
f 419/2185/2185 449/2162/2162 453/2163/2163
f 419/2185/2185 453/2163/2163 415/2184/2184
f 415/2184/2184 453/2163/2163 441/2164/2164
f 415/2184/2184 441/2164/2164 400/2183/2183
f 400/2183/2183 441/2164/2164 424/2165/2165
f 400/2183/2183 424/2165/2165 407/2166/2166
f 400/2183/2183 407/2166/2166 393/2182/2182
f 393/2182/2182 407/2166/2166 383/2167/2167
f 393/2182/2182 383/2167/2167 361/2181/2181
f 361/2181/2181 383/2167/2167 354/2168/2168
f 361/2181/2181 354/2168/2168 351/2180/2180
f 351/2180/2180 354/2168/2168 332/2169/2169
f 351/2180/2180 332/2169/2169 330/2179/2179
f 330/2179/2179 332/2169/2169 284/2170/2170
f 330/2179/2179 284/2170/2170 304/2178/2178
f 304/2178/2178 284/2170/2170 261/2171/2171
f 304/2178/2178 261/2171/2171 227/2172/2172
f 304/2178/2178 227/2172/2172 288/2177/2177
f 288/2177/2177 227/2172/2172 225/2173/2173
f 288/2177/2177 225/2173/2173 286/2176/2176
f 286/2176/2176 225/2173/2173 235/2174/2174
f 286/2176/2176 235/2174/2174 302/2175/2175
f 720/2187/2187 718/2211/2211 727/2186/2186
f 727/2186/2186 718/2211/2211 726/2212/2212
f 727/2213/2213 726/2199/2199 719/2198/2198
f 719/2198/2198 726/2199/2199 717/2200/2200
f 719/2198/2198 717/2200/2200 683/2201/2201
f 720/2187/2187 686/2188/2188 718/2211/2211
f 718/2211/2211 686/2188/2188 684/2210/2210
f 684/2210/2210 686/2188/2188 666/2189/2189
f 684/2210/2210 666/2189/2189 664/2209/2209
f 664/2209/2209 666/2189/2189 646/2190/2190
f 664/2209/2209 646/2190/2190 644/2208/2208
f 644/2208/2208 646/2190/2190 620/2191/2191
f 644/2208/2208 620/2191/2191 618/2207/2207
f 618/2207/2207 620/2191/2191 601/2192/2192
f 618/2207/2207 601/2192/2192 599/2206/2206
f 599/2206/2206 601/2192/2192 600/2193/2193
f 599/2206/2206 600/2193/2193 598/2205/2205
f 598/2205/2205 600/2193/2193 619/2194/2194
f 598/2205/2205 619/2194/2194 617/2204/2204
f 617/2204/2204 619/2194/2194 645/2195/2195
f 617/2204/2204 645/2195/2195 643/2203/2203
f 643/2203/2203 645/2195/2195 665/2196/2196
f 643/2203/2203 665/2196/2196 663/2202/2202
f 663/2202/2202 665/2196/2196 685/2197/2197
f 663/2202/2202 685/2197/2197 683/2201/2201
f 683/2201/2201 685/2197/2197 719/2198/2198
f 789/2215/2215 787/2247/2247 792/2214/2214
f 792/2214/2214 787/2247/2247 791/2248/2248
f 792/2249/2249 791/2231/2231 790/2230/2230
f 790/2230/2230 791/2231/2231 788/2232/2232
f 790/2230/2230 788/2232/2232 753/2229/2229
f 753/2229/2229 788/2232/2232 751/2233/2233
f 753/2229/2229 751/2233/2233 697/2228/2228
f 697/2228/2228 751/2233/2233 695/2234/2234
f 697/2228/2228 695/2234/2234 677/2227/2227
f 677/2227/2227 695/2234/2234 675/2235/2235
f 677/2227/2227 675/2235/2235 634/2226/2226
f 634/2226/2226 675/2235/2235 632/2236/2236
f 634/2226/2226 632/2236/2236 592/2225/2225
f 592/2225/2225 632/2236/2236 590/2237/2237
f 592/2225/2225 590/2237/2237 582/2224/2224
f 582/2224/2224 590/2237/2237 580/2238/2238
f 582/2224/2224 580/2238/2238 578/2223/2223
f 578/2223/2223 580/2238/2238 576/2239/2239
f 578/2223/2223 576/2239/2239 577/2222/2222
f 577/2222/2222 576/2239/2239 575/2240/2240
f 577/2222/2222 575/2240/2240 581/2221/2221
f 581/2221/2221 575/2240/2240 579/2241/2241
f 581/2221/2221 579/2241/2241 591/2220/2220
f 591/2220/2220 579/2241/2241 589/2242/2242
f 591/2220/2220 589/2242/2242 633/2219/2219
f 633/2219/2219 589/2242/2242 631/2243/2243
f 633/2219/2219 631/2243/2243 676/2218/2218
f 676/2218/2218 631/2243/2243 674/2244/2244
f 676/2218/2218 674/2244/2244 696/2217/2217
f 696/2217/2217 674/2244/2244 694/2245/2245
f 696/2217/2217 694/2245/2245 752/2216/2216
f 752/2216/2216 694/2245/2245 750/2246/2246
f 752/2216/2216 750/2246/2246 789/2215/2215
f 789/2215/2215 750/2246/2246 787/2247/2247
f 719/2251/2251 789/2279/2279 727/2250/2250
f 727/2250/2250 789/2279/2279 792/2263/2263
f 727/2250/2250 792/2263/2263 790/2264/2264
f 789/2279/2279 719/2251/2251 752/2278/2278
f 752/2278/2278 719/2251/2251 685/2252/2252
f 752/2278/2278 685/2252/2252 696/2277/2277
f 696/2277/2277 685/2252/2252 665/2253/2253
f 696/2277/2277 665/2253/2253 676/2276/2276
f 676/2276/2276 665/2253/2253 633/2275/2275
f 633/2275/2275 665/2253/2253 645/2254/2254
f 633/2275/2275 645/2254/2254 591/2274/2274
f 591/2274/2274 645/2254/2254 619/2255/2255
f 591/2274/2274 619/2255/2255 581/2273/2273
f 581/2273/2273 619/2255/2255 600/2256/2256
f 581/2273/2273 600/2256/2256 577/2272/2272
f 577/2272/2272 600/2256/2256 601/2257/2257
f 577/2272/2272 601/2257/2257 578/2271/2271
f 578/2271/2271 601/2257/2257 582/2270/2270
f 582/2270/2270 601/2257/2257 620/2258/2258
f 582/2270/2270 620/2258/2258 592/2269/2269
f 592/2269/2269 620/2258/2258 646/2259/2259
f 592/2269/2269 646/2259/2259 634/2268/2268
f 634/2268/2268 646/2259/2259 666/2260/2260
f 634/2268/2268 666/2260/2260 677/2267/2267
f 677/2267/2267 666/2260/2260 697/2266/2266
f 697/2266/2266 666/2260/2260 686/2261/2261
f 697/2266/2266 686/2261/2261 753/2265/2265
f 753/2265/2265 686/2261/2261 720/2262/2262
f 753/2265/2265 720/2262/2262 790/2264/2264
f 790/2264/2264 720/2262/2262 727/2250/2250
f 568/2280/2280 567/2281/2281 574/2283/2283
f 574/2283/2283 567/2281/2281 573/2282/2282
f 567/2284/2284 648/2285/2285 573/2287/2287
f 573/2287/2287 648/2285/2285 650/2286/2286
f 648/2288/2288 647/2289/2289 650/2291/2291
f 650/2291/2291 647/2289/2289 649/2290/2290
f 647/2292/2292 566/2293/2293 649/2295/2295
f 649/2295/2295 566/2293/2293 572/2294/2294
f 566/2296/2296 565/2297/2297 572/2299/2299
f 572/2299/2299 565/2297/2297 571/2298/2298
f 565/2300/2300 730/2301/2301 571/2303/2303
f 571/2303/2303 730/2301/2301 734/2302/2302
f 730/2304/2304 731/2305/2305 734/2307/2307
f 734/2307/2307 731/2305/2305 735/2306/2306
f 731/2308/2308 895/2309/2309 735/2311/2311
f 735/2311/2311 895/2309/2309 897/2310/2310
f 895/2312/2312 896/2313/2313 897/2315/2315
f 897/2315/2315 896/2313/2313 898/2314/2314
f 896/2316/2316 568/2317/2317 898/2319/2319
f 898/2319/2319 568/2317/2317 574/2318/2318
f 897/2329/2329 898/2320/2320 735/2328/2328
f 735/2328/2328 898/2320/2320 574/2321/2321
f 735/2328/2328 574/2321/2321 650/2323/2323
f 650/2323/2323 574/2321/2321 573/2322/2322
f 650/2323/2323 649/2324/2324 735/2328/2328
f 735/2328/2328 649/2324/2324 734/2327/2327
f 734/2327/2327 649/2324/2324 571/2326/2326
f 571/2326/2326 649/2324/2324 572/2325/2325
f 3/2331/2331 226/2415/2415 1/2330/2330
f 1/2330/2330 226/2415/2415 270/2438/2438
f 1/2330/2330 270/2438/2438 4/2385/2385
f 4/2385/2385 270/2438/2438 271/2439/2439
f 4/2385/2385 271/2439/2439 8/2384/2384
f 8/2384/2384 271/2439/2439 272/2480/2480
f 8/2384/2384 272/2480/2480 12/2383/2383
f 12/2383/2383 272/2480/2480 16/2382/2382
f 16/2382/2382 272/2480/2480 24/2381/2381
f 24/2381/2381 272/2480/2480 278/2472/2472
f 24/2381/2381 278/2472/2472 56/2380/2380
f 56/2380/2380 278/2472/2472 77/2379/2379
f 77/2379/2379 278/2472/2472 99/2378/2378
f 99/2378/2378 278/2472/2472 124/2377/2377
f 124/2377/2377 278/2472/2472 182/2376/2376
f 182/2376/2376 278/2472/2472 306/2375/2375
f 306/2375/2375 278/2472/2472 513/2473/2473
f 306/2375/2375 513/2473/2473 395/2374/2374
f 395/2374/2374 513/2473/2473 473/2373/2373
f 473/2373/2373 513/2473/2473 559/2488/2488
f 473/2373/2373 559/2488/2488 543/2372/2372
f 543/2372/2372 559/2488/2488 593/2489/2489
f 543/2372/2372 593/2489/2489 605/2371/2371
f 605/2371/2371 593/2489/2489 757/2370/2370
f 757/2370/2370 593/2489/2489 816/2482/2482
f 757/2370/2370 816/2482/2482 859/2369/2369
f 859/2369/2369 816/2482/2482 917/2368/2368
f 917/2368/2368 816/2482/2482 867/2483/2483
f 917/2368/2368 867/2483/2483 957/2367/2367
f 957/2367/2367 867/2483/2483 1018/2366/2366
f 1018/2366/2366 867/2483/2483 1060/2365/2365
f 1060/2365/2365 867/2483/2483 1086/2364/2364
f 1086/2364/2364 867/2483/2483 1104/2363/2363
f 1104/2363/2363 867/2483/2483 866/2484/2484
f 1104/2363/2363 866/2484/2484 1112/2362/2362
f 1112/2362/2362 866/2484/2484 1116/2361/2361
f 1116/2361/2361 866/2484/2484 1120/2360/2360
f 1120/2360/2360 866/2484/2484 896/2388/2388
f 1120/2360/2360 896/2388/2388 1124/2359/2359
f 1124/2359/2359 896/2388/2388 1127/2358/2358
f 1127/2358/2358 896/2388/2388 1123/2357/2357
f 1123/2357/2357 896/2388/2388 895/2389/2389
f 1123/2357/2357 895/2389/2389 1119/2356/2356
f 1119/2356/2356 895/2389/2389 1115/2355/2355
f 1115/2355/2355 895/2389/2389 1111/2354/2354
f 1111/2354/2354 895/2389/2389 1103/2353/2353
f 1103/2353/2353 895/2389/2389 1085/2352/2352
f 1085/2352/2352 895/2389/2389 728/2455/2455
f 1085/2352/2352 728/2455/2455 1059/2351/2351
f 1059/2351/2351 728/2455/2455 1017/2350/2350
f 1017/2350/2350 728/2455/2455 956/2349/2349
f 956/2349/2349 728/2455/2455 916/2348/2348
f 916/2348/2348 728/2455/2455 858/2347/2347
f 858/2347/2347 728/2455/2455 756/2346/2346
f 756/2346/2346 728/2455/2455 555/2456/2456
f 756/2346/2346 555/2456/2456 604/2345/2345
f 604/2345/2345 555/2456/2456 542/2344/2344
f 542/2344/2344 555/2456/2456 472/2343/2343
f 472/2343/2343 555/2456/2456 394/2342/2342
f 394/2342/2342 555/2456/2456 464/2466/2466
f 394/2342/2342 464/2466/2466 305/2341/2341
f 305/2341/2341 464/2466/2466 245/2468/2468
f 305/2341/2341 245/2468/2468 181/2340/2340
f 181/2340/2340 245/2468/2468 123/2339/2339
f 123/2339/2339 245/2468/2468 98/2338/2338
f 98/2338/2338 245/2468/2468 76/2337/2337
f 76/2337/2337 245/2468/2468 207/2469/2469
f 76/2337/2337 207/2469/2469 55/2336/2336
f 55/2336/2336 207/2469/2469 23/2335/2335
f 23/2335/2335 207/2469/2469 15/2334/2334
f 15/2334/2334 207/2469/2469 208/2460/2460
f 15/2334/2334 208/2460/2460 209/2461/2461
f 226/2415/2415 3/2331/2331 224/2414/2414
f 224/2414/2414 3/2331/2331 7/2332/2332
f 224/2414/2414 7/2332/2332 209/2461/2461
f 209/2461/2461 7/2332/2332 11/2333/2333
f 209/2461/2461 11/2333/2333 15/2334/2334
f 568/2387/2387 440/2423/2423 567/2386/2386
f 567/2386/2386 440/2423/2423 452/2424/2424
f 567/2386/2386 452/2424/2424 566/2393/2393
f 566/2393/2393 452/2424/2424 448/2425/2425
f 566/2393/2393 448/2425/2425 509/2462/2462
f 509/2462/2462 448/2425/2425 408/2426/2426
f 509/2462/2462 408/2426/2426 209/2461/2461
f 209/2461/2461 408/2426/2426 301/2437/2437
f 209/2461/2461 301/2437/2437 234/2413/2413
f 896/2388/2388 674/2400/2400 568/2387/2387
f 568/2387/2387 674/2400/2400 631/2401/2401
f 568/2387/2387 631/2401/2401 589/2402/2402
f 731/2390/2390 730/2391/2391 895/2389/2389
f 895/2389/2389 730/2391/2391 729/2454/2454
f 895/2389/2389 729/2454/2454 728/2455/2455
f 729/2454/2454 730/2391/2391 564/2453/2453
f 564/2453/2453 730/2391/2391 565/2392/2392
f 564/2453/2453 565/2392/2392 509/2462/2462
f 509/2462/2462 565/2392/2392 566/2393/2393
f 647/2394/2394 648/2395/2395 566/2393/2393
f 566/2393/2393 648/2395/2395 567/2386/2386
f 787/2397/2397 896/2388/2388 791/2396/2396
f 791/2396/2396 896/2388/2388 866/2484/2484
f 791/2396/2396 866/2484/2484 788/2412/2412
f 788/2412/2412 866/2484/2484 813/2485/2485
f 788/2412/2412 813/2485/2485 751/2411/2411
f 751/2411/2411 813/2485/2485 695/2410/2410
f 695/2410/2410 813/2485/2485 675/2409/2409
f 675/2409/2409 813/2485/2485 587/2487/2487
f 675/2409/2409 587/2487/2487 632/2408/2408
f 632/2408/2408 587/2487/2487 590/2407/2407
f 590/2407/2407 587/2487/2487 491/2478/2478
f 590/2407/2407 491/2478/2478 580/2406/2406
f 580/2406/2406 491/2478/2478 490/2479/2479
f 580/2406/2406 490/2479/2479 576/2405/2405
f 576/2405/2405 490/2479/2479 517/2451/2451
f 576/2405/2405 517/2451/2451 575/2404/2404
f 575/2404/2404 517/2451/2451 528/2442/2442
f 575/2404/2404 528/2442/2442 579/2403/2403
f 579/2403/2403 528/2442/2442 516/2443/2443
f 579/2403/2403 516/2443/2443 568/2387/2387
f 568/2387/2387 516/2443/2443 500/2444/2444
f 568/2387/2387 500/2444/2444 440/2423/2423
f 440/2423/2423 500/2444/2444 423/2422/2422
f 423/2422/2422 500/2444/2444 486/2445/2445
f 423/2422/2422 486/2445/2445 444/2441/2441
f 444/2441/2441 486/2445/2445 468/2446/2446
f 444/2441/2441 468/2446/2446 465/2447/2447
f 787/2397/2397 750/2398/2398 896/2388/2388
f 896/2388/2388 750/2398/2398 694/2399/2399
f 896/2388/2388 694/2399/2399 674/2400/2400
f 589/2402/2402 579/2403/2403 568/2387/2387
f 234/2413/2413 224/2414/2414 209/2461/2461
f 226/2415/2415 260/2416/2416 270/2438/2438
f 270/2438/2438 260/2416/2416 283/2417/2417
f 270/2438/2438 283/2417/2417 331/2418/2418
f 331/2418/2418 353/2419/2419 270/2438/2438
f 270/2438/2438 353/2419/2419 444/2441/2441
f 444/2441/2441 353/2419/2419 382/2420/2420
f 444/2441/2441 382/2420/2420 406/2421/2421
f 406/2421/2421 423/2422/2422 444/2441/2441
f 408/2426/2426 417/2427/2427 301/2437/2437
f 301/2437/2437 417/2427/2427 414/2428/2428
f 301/2437/2437 414/2428/2428 399/2429/2429
f 399/2429/2429 392/2430/2430 301/2437/2437
f 301/2437/2437 392/2430/2430 360/2431/2431
f 301/2437/2437 360/2431/2431 350/2432/2432
f 350/2432/2432 329/2433/2433 301/2437/2437
f 301/2437/2437 329/2433/2433 303/2434/2434
f 301/2437/2437 303/2434/2434 287/2435/2435
f 287/2435/2435 285/2436/2436 301/2437/2437
f 271/2439/2439 445/2440/2440 272/2480/2480
f 272/2480/2480 445/2440/2440 490/2479/2479
f 490/2479/2479 445/2440/2440 487/2449/2449
f 490/2479/2479 487/2449/2449 501/2450/2450
f 444/2441/2441 465/2447/2447 445/2440/2440
f 445/2440/2440 465/2447/2447 469/2448/2448
f 445/2440/2440 469/2448/2448 487/2449/2449
f 501/2450/2450 517/2451/2451 490/2479/2479
f 564/2453/2453 508/2463/2463 563/2452/2452
f 563/2452/2452 508/2463/2463 556/2457/2457
f 563/2452/2452 556/2457/2457 656/2458/2458
f 555/2456/2456 556/2457/2457 464/2466/2466
f 464/2466/2466 556/2457/2457 484/2465/2465
f 484/2465/2465 556/2457/2457 508/2463/2463
f 484/2465/2465 508/2463/2463 416/2464/2464
f 656/2458/2458 657/2459/2459 563/2452/2452
f 509/2462/2462 508/2463/2463 564/2453/2453
f 464/2466/2466 384/2467/2467 245/2468/2468
f 207/2469/2469 355/2470/2470 208/2460/2460
f 356/2471/2471 278/2472/2472 272/2480/2480
f 513/2473/2473 512/2474/2474 559/2488/2488
f 559/2488/2488 512/2474/2474 587/2487/2487
f 587/2487/2487 512/2474/2474 442/2476/2476
f 587/2487/2487 442/2476/2476 491/2478/2478
f 491/2478/2478 442/2476/2476 368/2477/2477
f 512/2474/2474 385/2475/2475 442/2476/2476
f 815/2481/2481 816/2482/2482 628/2490/2490
f 628/2490/2490 816/2482/2482 593/2489/2489
f 813/2485/2485 814/2486/2486 587/2487/2487
f 1126/2492/2492 1124/2574/2574 1128/2491/2491
f 1128/2491/2491 1124/2574/2574 1127/2575/2575
f 1128/2491/2491 1127/2575/2575 1125/2546/2546
f 1125/2546/2546 1127/2575/2575 1123/2576/2576
f 1125/2546/2546 1123/2576/2576 1121/2545/2545
f 1121/2545/2545 1123/2576/2576 1119/2577/2577
f 1121/2545/2545 1119/2577/2577 1117/2544/2544
f 1117/2544/2544 1119/2577/2577 1115/2578/2578
f 1117/2544/2544 1115/2578/2578 1113/2543/2543
f 1113/2543/2543 1115/2578/2578 1111/2579/2579
f 1113/2543/2543 1111/2579/2579 1105/2542/2542
f 1105/2542/2542 1111/2579/2579 1103/2580/2580
f 1105/2542/2542 1103/2580/2580 1087/2541/2541
f 1087/2541/2541 1103/2580/2580 1085/2581/2581
f 1087/2541/2541 1085/2581/2581 1061/2540/2540
f 1061/2540/2540 1085/2581/2581 1059/2582/2582
f 1061/2540/2540 1059/2582/2582 1019/2539/2539
f 1019/2539/2539 1059/2582/2582 1017/2583/2583
f 1019/2539/2539 1017/2583/2583 958/2538/2538
f 958/2538/2538 1017/2583/2583 956/2584/2584
f 958/2538/2538 956/2584/2584 918/2537/2537
f 918/2537/2537 956/2584/2584 916/2585/2585
f 918/2537/2537 916/2585/2585 860/2536/2536
f 860/2536/2536 916/2585/2585 858/2586/2586
f 860/2536/2536 858/2586/2586 758/2535/2535
f 758/2535/2535 858/2586/2586 756/2587/2587
f 758/2535/2535 756/2587/2587 606/2534/2534
f 606/2534/2534 756/2587/2587 604/2588/2588
f 606/2534/2534 604/2588/2588 544/2533/2533
f 544/2533/2533 604/2588/2588 542/2589/2589
f 544/2533/2533 542/2589/2589 474/2532/2532
f 474/2532/2532 542/2589/2589 472/2590/2590
f 474/2532/2532 472/2590/2590 396/2531/2531
f 396/2531/2531 472/2590/2590 394/2591/2591
f 396/2531/2531 394/2591/2591 307/2530/2530
f 307/2530/2530 394/2591/2591 305/2592/2592
f 307/2530/2530 305/2592/2592 183/2529/2529
f 183/2529/2529 305/2592/2592 181/2593/2593
f 183/2529/2529 181/2593/2593 125/2528/2528
f 125/2528/2528 181/2593/2593 123/2594/2594
f 125/2528/2528 123/2594/2594 100/2527/2527
f 100/2527/2527 123/2594/2594 98/2595/2595
f 100/2527/2527 98/2595/2595 78/2526/2526
f 78/2526/2526 98/2595/2595 76/2596/2596
f 78/2526/2526 76/2596/2596 57/2525/2525
f 57/2525/2525 76/2596/2596 55/2597/2597
f 57/2525/2525 55/2597/2597 25/2524/2524
f 25/2524/2524 55/2597/2597 23/2598/2598
f 25/2524/2524 23/2598/2598 17/2523/2523
f 17/2523/2523 23/2598/2598 15/2599/2599
f 17/2523/2523 15/2599/2599 13/2522/2522
f 13/2522/2522 15/2599/2599 11/2600/2600
f 13/2522/2522 11/2600/2600 9/2521/2521
f 9/2521/2521 11/2600/2600 7/2601/2601
f 9/2521/2521 7/2601/2601 5/2520/2520
f 5/2520/2520 7/2601/2601 3/2602/2602
f 5/2520/2520 3/2602/2602 2/2519/2519
f 2/2519/2519 3/2602/2602 1/2603/2603
f 2/2604/2604 1/2547/2547 6/2518/2518
f 6/2518/2518 1/2547/2547 4/2548/2548
f 6/2518/2518 4/2548/2548 10/2517/2517
f 10/2517/2517 4/2548/2548 8/2549/2549
f 10/2517/2517 8/2549/2549 14/2516/2516
f 14/2516/2516 8/2549/2549 12/2550/2550
f 14/2516/2516 12/2550/2550 20/2515/2515
f 20/2515/2515 12/2550/2550 16/2551/2551
f 20/2515/2515 16/2551/2551 26/2514/2514
f 26/2514/2514 16/2551/2551 24/2552/2552
f 26/2514/2514 24/2552/2552 58/2513/2513
f 58/2513/2513 24/2552/2552 56/2553/2553
f 58/2513/2513 56/2553/2553 79/2512/2512
f 79/2512/2512 56/2553/2553 77/2554/2554
f 79/2512/2512 77/2554/2554 101/2511/2511
f 101/2511/2511 77/2554/2554 99/2555/2555
f 101/2511/2511 99/2555/2555 126/2510/2510
f 126/2510/2510 99/2555/2555 124/2556/2556
f 126/2510/2510 124/2556/2556 184/2509/2509
f 184/2509/2509 124/2556/2556 182/2557/2557
f 184/2509/2509 182/2557/2557 308/2508/2508
f 308/2508/2508 182/2557/2557 306/2558/2558
f 308/2508/2508 306/2558/2558 397/2507/2507
f 397/2507/2507 306/2558/2558 395/2559/2559
f 397/2507/2507 395/2559/2559 475/2506/2506
f 475/2506/2506 395/2559/2559 473/2560/2560
f 475/2506/2506 473/2560/2560 547/2505/2505
f 547/2505/2505 473/2560/2560 543/2561/2561
f 547/2505/2505 543/2561/2561 608/2504/2504
f 608/2504/2504 543/2561/2561 605/2562/2562
f 608/2504/2504 605/2562/2562 759/2503/2503
f 759/2503/2503 605/2562/2562 757/2563/2563
f 759/2503/2503 757/2563/2563 861/2502/2502
f 861/2502/2502 757/2563/2563 859/2564/2564
f 861/2502/2502 859/2564/2564 919/2501/2501
f 919/2501/2501 859/2564/2564 917/2565/2565
f 919/2501/2501 917/2565/2565 959/2500/2500
f 959/2500/2500 917/2565/2565 957/2566/2566
f 959/2500/2500 957/2566/2566 1020/2499/2499
f 1020/2499/2499 957/2566/2566 1018/2567/2567
f 1020/2499/2499 1018/2567/2567 1062/2498/2498
f 1062/2498/2498 1018/2567/2567 1060/2568/2568
f 1062/2498/2498 1060/2568/2568 1088/2497/2497
f 1088/2497/2497 1060/2568/2568 1086/2569/2569
f 1088/2497/2497 1086/2569/2569 1106/2496/2496
f 1106/2496/2496 1086/2569/2569 1104/2570/2570
f 1106/2496/2496 1104/2570/2570 1114/2495/2495
f 1114/2495/2495 1104/2570/2570 1112/2571/2571
f 1114/2495/2495 1112/2571/2571 1118/2494/2494
f 1118/2494/2494 1112/2571/2571 1116/2572/2572
f 1118/2494/2494 1116/2572/2572 1122/2493/2493
f 1122/2493/2493 1116/2572/2572 1120/2573/2573
f 1122/2493/2493 1120/2573/2573 1126/2492/2492
f 1126/2492/2492 1120/2573/2573 1124/2574/2574
f 726/2605/2605 718/2606/2606 717/2617/2617
f 717/2617/2617 718/2606/2606 683/2616/2616
f 683/2616/2616 718/2606/2606 684/2607/2607
f 683/2616/2616 684/2607/2607 663/2615/2615
f 663/2615/2615 684/2607/2607 664/2608/2608
f 663/2615/2615 664/2608/2608 643/2614/2614
f 643/2614/2614 664/2608/2608 644/2609/2609
f 643/2614/2614 644/2609/2609 617/2613/2613
f 617/2613/2613 644/2609/2609 618/2610/2610
f 617/2613/2613 618/2610/2610 598/2612/2612
f 598/2612/2612 618/2610/2610 599/2611/2611

# 1128 vertices
# 2617 texture params
# 2617 normals
# 2272 facets

# 1 groups